{
  "cv": {
    "mean_mae": 0.6611609837660439,
    "std_mae": 0.06664127163828476,
    "mean_r2": 0.3519327126077309,
    "std_r2": 0.1931530991842734,
    "mean_variance_ratio": 0.6091007461402116
  },
  "test": {
    "mae": 0.5780078092718763,
    "rmse": 0.7129176228494756,
    "r2": 0.48796743078037264,
    "n_samples": 323
  }
}