bollettino,riga,coltura,fase
Bollettino  07 del 24 marzo 2026 di Modena,1021,ALBICOCCO,caduta petali-scamiciatura
Bollettino  07 del 24 marzo 2026 di Modena,1083,CILIEGIO,bottone bianco- fioritura
Bollettino  07 del 24 marzo 2026 di Modena,1098,KAKI,germogliamento
Bollettino  07 del 24 marzo 2026 di Modena,1107,MELO,mazzetti affioranti-bottone rosa
Bollettino  07 del 24 marzo 2026 di Modena,1188,OLIVO,ripresa vegetativa
Bollettino  07 del 24 marzo 2026 di Modena,1213,PERO,mazzetti divaricati-fioritura
Bollettino  07 del 24 marzo 2026 di Modena,1287,PESCO,fioritura-caduta petali
Bollettino  07 del 24 marzo 2026 di Modena,1349,SUSINO_CINO_GIAPPONESE,caduta petali-allegagione
Bollettino  07 del 24 marzo 2026 di Modena,1369,SUSINO_EUROPEO,bottone bianco-fioritura
Bollettino  07 del 24 marzo 2026 di Modena,1389,VITE,gemma cotonosa-germogliamento
Bollettino  07 del 24 marzo 2026 di Modena,1462,BARBABIETOLA,cotiledoni-2 foglie vere
Bollettino  07 del 24 marzo 2026 di Modena,1520,COLZA,bottoni fiorali uniti-inizio fioritura
Bollettino  07 del 24 marzo 2026 di Modena,1564,ERBA_MEDICA,Medica in produzione: ripresa vegetativa; Medica nuovo impianto: pre-emergenza-emergenza
Bollettino  07 del 24 marzo 2026 di Modena,1618,FRUMENTO,levata
Bollettino  07 del 24 marzo 2026 di Modena,1843,GIRASOLE,pre semina
Bollettino  07 del 24 marzo 2026 di Modena,1863,MAIS,pre-semina-semina
Bollettino  07 del 24 marzo 2026 di Modena,1912,SORGO,Pre-semina
Bollettino  07 del 24 marzo 2026 di Modena,1959,ANGURIA,pre-trapianto-trapianto
Bollettino  07 del 24 marzo 2026 di Modena,1969,MELONE,pre-trapianto-trapianto
Bollettino  07 del 24 marzo 2026 di Modena,2672,ALBICOCCO,caduta petali-scamiciatura
Bollettino  07 del 24 marzo 2026 di Modena,2705,CILIEGIO,bottone bianco- fioritura
Bollettino  07 del 24 marzo 2026 di Modena,2712,KAKI,germogliamento
Bollettino  07 del 24 marzo 2026 di Modena,2721,MELO,mazzetti affioranti-bottone rosa
Bollettino  07 del 24 marzo 2026 di Modena,2763,OLIVO,ripresa vegetativa
Bollettino  07 del 24 marzo 2026 di Modena,2788,PERO,mazzetti divaricati- fioritura
Bollettino  07 del 24 marzo 2026 di Modena,2828,PESCO,fioritura-inizio caduta petali
Bollettino  07 del 24 marzo 2026 di Modena,2864,SUSINO_CINO_GIAPPONESE,caduta petali-allegagione
Bollettino  07 del 24 marzo 2026 di Modena,2883,SUSINO_EUROPEO,bottone bianco-fioritura
Bollettino  07 del 24 marzo 2026 di Modena,2910,VITE,gemma cotonosa-germogliamento
Bollettino  07 del 24 marzo 2026 di Modena,2966,FRUMENTO,levata
Bollettino  07 del 24 marzo 2026 di Modena,2976,BARBABIETOLA,cotiledoni-2 foglie vere
Bollettino  07 del 24 marzo 2026 di Modena,2994,ERBA_MEDICA,impianti vecchi ripresa vegetativa -impianti nuovi pre-emergenza -emergenza
Bollettino  07 del 24 marzo 2026 di Modena,3011,GIRASOLE,pre-semina
Bollettino  07 del 24 marzo 2026 di Modena,3045,ANGURIA,pre-trapianto-trapianto
Bollettino  07 del 24 marzo 2026 di Modena,3049,MELONE,pre-trapianto-trapianto
Bollettino  07 del 24 marzo 2026 di Modena,3052,POMODORO,pre-trapianto
Bollettino  19 del 18 giugno 2026  Reggio Emilia,1040,MELO,accrescimento frutti
Bollettino  19 del 18 giugno 2026  Reggio Emilia,1140,OLIVO,allegagione
Bollettino  19 del 18 giugno 2026  Reggio Emilia,1167,PERO,ingrossamento frutti
Bollettino  19 del 18 giugno 2026  Reggio Emilia,1267,VITE,chiusura grappolo
Bollettino  19 del 18 giugno 2026  Reggio Emilia,1490,BARBABIETOLA,accrescimento fittone
Bollettino  19 del 18 giugno 2026  Reggio Emilia,1524,MAIS,emissione pennacchio
Bollettino  19 del 18 giugno 2026  Reggio Emilia,1533,SOIA,6° foglia trilobata-chiusura interfila
Bollettino  19 del 18 giugno 2026  Reggio Emilia,1576,ANGURIA,accrescimento- maturazione
Bollettino  19 del 18 giugno 2026  Reggio Emilia,1602,MELONE,accrescimento-inizio maturazione
Bollettino  19 del 18 giugno 2026  Reggio Emilia,1611,ANGURIA,accrescimento-inizio maturazione
Bollettino  19 del 18 giugno 2026  Reggio Emilia,1656,MELONE,accrescimento-inizio maturazione
Bollettino  19 del 18 giugno 2026  Reggio Emilia,1711,POMODORO_INDUSTRIA,termine trapianto – invaiatura primo palco
Bollettino  19 del 18 giugno 2026  Reggio Emilia,2553,MELO,accrescimento frutti
Bollettino  19 del 18 giugno 2026  Reggio Emilia,2633,OLIVO,allegagione
Bollettino  19 del 18 giugno 2026  Reggio Emilia,2641,PERO,ingrossamento frutti
Bollettino  19 del 18 giugno 2026  Reggio Emilia,2713,VITE,chiusura grappolo
Bollettino  19 del 18 giugno 2026  Reggio Emilia,2883,BARBABIETOLA,accrescimento fittone
Bollettino  19 del 18 giugno 2026  Reggio Emilia,2891,MAIS,emissione pennacchio
Bollettino  19 del 18 giugno 2026  Reggio Emilia,2933,ANGURIA,termine trapianti – allegagione 4° palco
Bollettino  19 del 18 giugno 2026  Reggio Emilia,2946,MELONE,accrescimento-inizio maturazione
Bollettino  19 del 18 giugno 2026  Reggio Emilia,2966,ANGURIA,accrescimento-inizio maturazione
Bollettino  19 del 18 giugno 2026  Reggio Emilia,2983,MELONE,accrescimento-inizio maturazione
Bollettino  19 del 18 giugno 2026  Reggio Emilia,3011,POMODORO_INDUSTRIA,termine trapianto – invaiatura primo palco fine trapianto
Bollettino 07 del 26 marzo 2026  Reggio Emilia,1021,MELO,mazzetti affioranti-bottone rosa
Bollettino 07 del 26 marzo 2026  Reggio Emilia,1090,OLIVO,ripresa vegetativa
Bollettino 07 del 26 marzo 2026  Reggio Emilia,1126,PERO,mazzetti divaricati-fioritura
Bollettino 07 del 26 marzo 2026  Reggio Emilia,1190,VITE,gemma cotonosa-germogliamento
Bollettino 07 del 26 marzo 2026  Reggio Emilia,1272,BARBABIETOLA,cotiledoni-2 foglie vere
Bollettino 07 del 26 marzo 2026  Reggio Emilia,1330,COLZA,bottoni fiorali uniti-inizio fioritura
Bollettino 07 del 26 marzo 2026  Reggio Emilia,1369,ERBA_MEDICA,Medica in produzione: ripresa vegetativa; Medica nuovo impianto: pre-emergenza-emergenza
Bollettino 07 del 26 marzo 2026  Reggio Emilia,1422,FRUMENTO,levata
Bollettino 07 del 26 marzo 2026  Reggio Emilia,1645,GIRASOLE,pre semina
Bollettino 07 del 26 marzo 2026  Reggio Emilia,1660,MAIS,pre-semina-semina
Bollettino 07 del 26 marzo 2026  Reggio Emilia,1774,SORGO,Pre-semina
Bollettino 07 del 26 marzo 2026  Reggio Emilia,1822,ANGURIA,pre-trapianto-trapianto
Bollettino 07 del 26 marzo 2026  Reggio Emilia,1836,MELONE,pre-trapianto-trapianto
Bollettino 07 del 26 marzo 2026  Reggio Emilia,1844,ANGURIA,pre-trapianto-trapianto
Bollettino 07 del 26 marzo 2026  Reggio Emilia,1854,MELONE,pre-trapianto-trapianto
Bollettino 07 del 26 marzo 2026  Reggio Emilia,2558,MELO,mazzetti affioranti-bottone rosa
Bollettino 07 del 26 marzo 2026  Reggio Emilia,2598,OLIVO,ripresa vegetativa
Bollettino 07 del 26 marzo 2026  Reggio Emilia,2623,PERO,mazzetti divaricati- fioritura
Bollettino 07 del 26 marzo 2026  Reggio Emilia,2660,VITE,gemma cotonosa-germogliamento
Bollettino 07 del 26 marzo 2026  Reggio Emilia,2719,FRUMENTO,levata
Bollettino 07 del 26 marzo 2026  Reggio Emilia,2740,BARBABIETOLA,cotiledoni-2 foglie vere
Bollettino 07 del 26 marzo 2026  Reggio Emilia,2750,ERBA_MEDICA,impianti vecchi ripresa vegetativa -impianti nuovi pre-emergenza -emergenza
Bollettino 07 del 26 marzo 2026  Reggio Emilia,2767,GIRASOLE,pre-semina
Bollettino 07 del 26 marzo 2026  Reggio Emilia,2802,ANGURIA,pre-trapianto-trapianto
Bollettino 07 del 26 marzo 2026  Reggio Emilia,2806,MELONE,pre-trapianto-trapianto
Bollettino 07 del 26 marzo 2026  Reggio Emilia,2810,ANGURIA,pre-trapianto-trapianto
Bollettino 07 del 26 marzo 2026  Reggio Emilia,2824,MELONE,pre-trapianto-trapianto
Bollettino 07 del 26 marzo 2026  Reggio Emilia,2827,POMODORO,pre-trapianto
Bollettino 08 del 02 Aprile 2026 Reggio Emilia,978,MELO,bottone rosa- fioritura
Bollettino 08 del 02 Aprile 2026 Reggio Emilia,1036,OLIVO,ripresa vegetativa
Bollettino 08 del 02 Aprile 2026 Reggio Emilia,1061,PERO,fioritura-inizio caduta petali
Bollettino 08 del 02 Aprile 2026 Reggio Emilia,1137,VITE,gemma cotonosa - germogliamento
Bollettino 08 del 02 Aprile 2026 Reggio Emilia,1202,BARBABIETOLA,2-4 foglie vere
Bollettino 08 del 02 Aprile 2026 Reggio Emilia,1257,COLZA,inizio fioritura-fioritura
Bollettino 08 del 02 Aprile 2026 Reggio Emilia,1261,ERBA_MEDICA,Medica in produzione: ripresa vegetativa; Medica nuovo impianto: pre-emergenza-emergenza
Bollettino 08 del 02 Aprile 2026 Reggio Emilia,1318,FRUMENTO,levata
Bollettino 08 del 02 Aprile 2026 Reggio Emilia,1350,GIRASOLE,pre semina-semina
Bollettino 08 del 02 Aprile 2026 Reggio Emilia,1364,MAIS,presemina - pre-emergenza
Bollettino 08 del 02 Aprile 2026 Reggio Emilia,1477,SOIA,Pre-semina
Bollettino 08 del 02 Aprile 2026 Reggio Emilia,1504,SORGO,Pre-semina-semina
Bollettino 08 del 02 Aprile 2026 Reggio Emilia,1552,ANGURIA,pre-trapianto-trapianto
Bollettino 08 del 02 Aprile 2026 Reggio Emilia,1556,MELONE,pre-trapianto-trapianto
Bollettino 08 del 02 Aprile 2026 Reggio Emilia,1564,ANGURIA,pre-trapianto-trapianto
Bollettino 08 del 02 Aprile 2026 Reggio Emilia,1574,MELONE,pre-trapianto-trapianto
Bollettino 08 del 02 Aprile 2026 Reggio Emilia,1594,POMODORO_INDUSTRIA,pre trapianto
Bollettino 08 del 02 Aprile 2026 Reggio Emilia,2287,MELO,bottone rosa- fioritura
Bollettino 08 del 02 Aprile 2026 Reggio Emilia,2324,OLIVO,ripresa vegetativa
Bollettino 08 del 02 Aprile 2026 Reggio Emilia,2349,PERO,fioritura-inizio caduta petali
Bollettino 08 del 02 Aprile 2026 Reggio Emilia,2391,VITE,gemma cotonosa - germogliamento
Bollettino 08 del 02 Aprile 2026 Reggio Emilia,2438,FRUMENTO,levata
Bollettino 08 del 02 Aprile 2026 Reggio Emilia,2448,BARBABIETOLA,2-4 foglie vere
Bollettino 08 del 02 Aprile 2026 Reggio Emilia,2457,ERBA_MEDICA,impianti vecchi ripresa vegetativa -impianti nuovi emergenza
Bollettino 08 del 02 Aprile 2026 Reggio Emilia,2474,GIRASOLE,pre-semina
Bollettino 08 del 02 Aprile 2026 Reggio Emilia,2484,MAIS,presemina - pre-emergenza
Bollettino 08 del 02 Aprile 2026 Reggio Emilia,2542,ANGURIA,pre-trapianto-trapianto
Bollettino 08 del 02 Aprile 2026 Reggio Emilia,2556,MELONE,pre-trapianto-trapianto
Bollettino 08 del 02 Aprile 2026 Reggio Emilia,2560,ANGURIA,pre-trapianto-trapianto
Bollettino 08 del 02 Aprile 2026 Reggio Emilia,2564,MELONE,pre-trapianto-trapianto
Bollettino 08 del 02 Aprile 2026 Reggio Emilia,2567,POMODORO_INDUSTRIA,pre-trapianto
Bollettino 08 del 31 marzo 2026 Modena,985,ALBICOCCO,scamiciatura-ingrossamento frutti
Bollettino 08 del 31 marzo 2026 Modena,1037,CILIEGIO,fioritura-inizio caduta petali
Bollettino 08 del 31 marzo 2026 Modena,1057,KAKI,germogliamento
Bollettino 08 del 31 marzo 2026 Modena,1076,MELO,bottone rosa- fioritura
Bollettino 08 del 31 marzo 2026 Modena,1150,OLIVO,ripresa vegetativa
Bollettino 08 del 31 marzo 2026 Modena,1184,PERO,fioritura-inizio caduta petali
Bollettino 08 del 31 marzo 2026 Modena,1255,PESCO,caduta petali-allegagione
Bollettino 08 del 31 marzo 2026 Modena,1296,SUSINO_CINO_GIAPPONESE,caduta petali-allegagione
Bollettino 08 del 31 marzo 2026 Modena,1320,SUSINO_EUROPEO,fioritura
Bollettino 08 del 31 marzo 2026 Modena,1356,VITE,germogliamento- prime foglie distese
Bollettino 08 del 31 marzo 2026 Modena,1439,BARBABIETOLA,2-4 foglie vere
Bollettino 08 del 31 marzo 2026 Modena,1495,COLZA,inizio fioritura-fioritura
Bollettino 08 del 31 marzo 2026 Modena,1499,ERBA_MEDICA,Medica in produzione: ripresa vegetativa; Medica nuovo impianto: pre-emergenza-emergenza
Bollettino 08 del 31 marzo 2026 Modena,1556,FRUMENTO,levata
Bollettino 08 del 31 marzo 2026 Modena,1588,GIRASOLE,pre semina
Bollettino 08 del 31 marzo 2026 Modena,1602,MAIS,presemina - pre-emergenza
Bollettino 08 del 31 marzo 2026 Modena,1717,SOIA,Pre-semina
Bollettino 08 del 31 marzo 2026 Modena,1733,SORGO,Pre-semina-semina
Bollettino 08 del 31 marzo 2026 Modena,1781,ANGURIA,pre-trapianto-trapianto
Bollettino 08 del 31 marzo 2026 Modena,1802,MELONE,pre-trapianto-trapianto
Bollettino 08 del 31 marzo 2026 Modena,1811,POMODORO_INDUSTRIA,pre trapianto
Bollettino 08 del 31 marzo 2026 Modena,2507,ALBICOCCO,scamiciatura-ingrossamento frutti
Bollettino 08 del 31 marzo 2026 Modena,2541,CILIEGIO,fioritura-inizio caduta petali
Bollettino 08 del 31 marzo 2026 Modena,2550,KAKI,germogliamento
Bollettino 08 del 31 marzo 2026 Modena,2559,MELO,bottone rosa- fioritura
Bollettino 08 del 31 marzo 2026 Modena,2614,OLIVO,ripresa vegetativa
Bollettino 08 del 31 marzo 2026 Modena,2649,PERO,fioritura-inizio caduta petali
Bollettino 08 del 31 marzo 2026 Modena,2697,PESCO,caduta petali-allegagione
Bollettino 08 del 31 marzo 2026 Modena,2718,SUSINO_CINO_GIAPPONESE,caduta petali-allegagione
Bollettino 08 del 31 marzo 2026 Modena,2750,SUSINO_EUROPEO,fioritura
Bollettino 08 del 31 marzo 2026 Modena,2770,VITE,germogliamento- prime foglie distese
Bollettino 08 del 31 marzo 2026 Modena,2823,FRUMENTO,levata
Bollettino 08 del 31 marzo 2026 Modena,2844,BARBABIETOLA,2-4 foglie vere
Bollettino 08 del 31 marzo 2026 Modena,2853,ERBA_MEDICA,impianti vecchi ripresa vegetativa -impianti nuovi emergenza
Bollettino 08 del 31 marzo 2026 Modena,2860,GIRASOLE,pre-semina
Bollettino 08 del 31 marzo 2026 Modena,2880,MAIS,presemina - pre-emergenza
Bollettino 08 del 31 marzo 2026 Modena,2937,ANGURIA,pre-trapianto-trapianto
Bollettino 08 del 31 marzo 2026 Modena,2941,MELONE,pre-trapianto-trapianto
Bollettino 08 del 31 marzo 2026 Modena,2944,POMODORO_INDUSTRIA,pre-trapianto
Bollettino 1 del 3 febbraio 2026 di Modena,828,ALBICOCCO,da gemma ferma a inizio bottone rosso
Bollettino 1 del 3 febbraio 2026 di Modena,851,MELO,gemma ferma
Bollettino 1 del 3 febbraio 2026 di Modena,858,PERO,gemma ferma
Bollettino 1 del 3 febbraio 2026 di Modena,874,PESCO,da gemma ferma a inizio rottura gemma a legno
Bollettino 1 del 3 febbraio 2026 di Modena,886,SUSINO_CINO_GIAPPONESE,da gemma ferma a rigonfiamento gemme
Bollettino 1 del 3 febbraio 2026 di Modena,932,BARBABIETOLA,pre-semina
Bollettino 1 del 3 febbraio 2026 di Modena,978,COLZA,sviluppo fogliare – rosetta
Bollettino 1 del 3 febbraio 2026 di Modena,1012,ERBA_MEDICA,Medica in produzione: riposo vegetativo; Medica nuovo impianto: pre-semina
Bollettino 1 del 3 febbraio 2026 di Modena,1043,FRUMENTO,Accestimento
Bollettino 1 del 3 febbraio 2026 di Modena,1600,ALBICOCCO,da gemma ferma a bottone rosso
Bollettino 1 del 3 febbraio 2026 di Modena,1632,PESCO,gemma ferma-inizio rottura gemma a legno
Bollettino 1 del 3 febbraio 2026 di Modena,1641,SUSINO_CINO_GIAPPONESE,da gemma ferma a rigonfiamento gemme
Bollettino 1 del 3 febbraio 2026 di Modena,1677,BARBABIETOLA,Pre-Semina
Bollettino 1 del 3 febbraio 2026 di Modena,1691,ERBA_MEDICA,Medica in produzione: riposo vegetativo; Medica nuovo impianto: pre-semina
Bollettino 1 del 3 febbraio 2026 di Modena,1701,FRUMENTO,Accestimento
Bollettino 1 del 4 febbraio 2026 di Bologna e Ferrara,812,ACTINIDIA,gemma ferma
Bollettino 1 del 4 febbraio 2026 di Bologna e Ferrara,821,ALBICOCCO,da gemma ferma a rigonfiamento gemme
Bollettino 1 del 4 febbraio 2026 di Bologna e Ferrara,844,PESCO,da gemma ferma a inizio rottura gemma a legno
Bollettino 1 del 4 febbraio 2026 di Bologna e Ferrara,866,SUSINO_CINO_GIAPPONESE,da gemma ferma a rigonfiamento gemme
Bollettino 1 del 4 febbraio 2026 di Bologna e Ferrara,901,BARBABIETOLA,pre-semina
Bollettino 1 del 4 febbraio 2026 di Bologna e Ferrara,946,COLZA,sviluppo fogliare – rosetta
Bollettino 1 del 4 febbraio 2026 di Bologna e Ferrara,985,ERBA_MEDICA,Medica in produzione: riposo vegetativo; Medica nuovo impianto: pre-semina
Bollettino 1 del 4 febbraio 2026 di Bologna e Ferrara,1009,ASPARAGO,Pre-ricaccio
Bollettino 1 del 4 febbraio 2026 di Bologna e Ferrara,1043,CAROTA,da pre-semina a sviluppo vegetativo
Bollettino 1 del 4 febbraio 2026 di Bologna e Ferrara,1066,CIPOLLA,Autunnale: prime foglie vere – Primaverile: pre-semina
Bollettino 1 del 4 febbraio 2026 di Bologna e Ferrara,1145,PISELLO,da pre-semina a 3-5 foglie
Bollettino 1 del 4 febbraio 2026 di Bologna e Ferrara,1756,ACTINIDIA,gemma ferma
Bollettino 1 del 4 febbraio 2026 di Bologna e Ferrara,1765,ALBICOCCO,da gemma ferma a rigonfiamento gemme
Bollettino 1 del 4 febbraio 2026 di Bologna e Ferrara,1788,PESCO,da gemma ferma a inizio rottura gemma a legno
Bollettino 1 del 4 febbraio 2026 di Bologna e Ferrara,1807,SUSINO_CINO_GIAPPONESE,da gemma ferma a rigonfiamento gemme
Bollettino 1 del 4 febbraio 2026 di Bologna e Ferrara,1832,BARBABIETOLA,Pre-Semina
Bollettino 1 del 4 febbraio 2026 di Bologna e Ferrara,1856,ERBA_MEDICA,Medica in produzione: riposo vegetativo; Medica nuovo impianto: pre-semina
Bollettino 1 del 4 febbraio 2026 di Bologna e Ferrara,1879,CAROTA,Pre-semina
Bollettino 1 del 4 febbraio 2026 di Bologna e Ferrara,1885,CIPOLLA,Autunnale: prime foglie vere – Primaverile: pre-semina
Bollettino 1 del 4 febbraio 2026 di Bologna e Ferrara,1914,PISELLO,da pre-semina a 3-5 foglie
"Bollettino 1 del 4 febbraio 2026 di Forlì-Cesena, Ravenna, Rimini",814,ACTINIDIA,gemma ferma
"Bollettino 1 del 4 febbraio 2026 di Forlì-Cesena, Ravenna, Rimini",823,ALBICOCCO,da gemma ferma a rigonfiamento gemme
"Bollettino 1 del 4 febbraio 2026 di Forlì-Cesena, Ravenna, Rimini",846,PESCO,da gemma ferma a inizio rottura gemma a legno
"Bollettino 1 del 4 febbraio 2026 di Forlì-Cesena, Ravenna, Rimini",868,SUSINO_CINO_GIAPPONESE,da gemma ferma a rigonfiamento gemme
"Bollettino 1 del 4 febbraio 2026 di Forlì-Cesena, Ravenna, Rimini",914,BARBABIETOLA,pre-semina
"Bollettino 1 del 4 febbraio 2026 di Forlì-Cesena, Ravenna, Rimini",948,COLZA,da sviluppo fogliare a rosetta
"Bollettino 1 del 4 febbraio 2026 di Forlì-Cesena, Ravenna, Rimini",986,ERBA_MEDICA,Medica in produzione: riposo vegetativo; Medica nuovo impianto: pre-semina
"Bollettino 1 del 4 febbraio 2026 di Forlì-Cesena, Ravenna, Rimini",1024,CIPOLLA,Autunnale: prime foglie vere – Primaverile: pre-semina
"Bollettino 1 del 4 febbraio 2026 di Forlì-Cesena, Ravenna, Rimini",1093,PISELLO,da pre-semina a 3-5 foglie
"Bollettino 1 del 4 febbraio 2026 di Forlì-Cesena, Ravenna, Rimini",1708,ACTINIDIA,gemma ferma
"Bollettino 1 del 4 febbraio 2026 di Forlì-Cesena, Ravenna, Rimini",1717,ALBICOCCO,da gemma ferma a rigonfiamento gemme
"Bollettino 1 del 4 febbraio 2026 di Forlì-Cesena, Ravenna, Rimini",1751,PESCO,da gemma ferma a inizio rottura gemma a legno
"Bollettino 1 del 4 febbraio 2026 di Forlì-Cesena, Ravenna, Rimini",1760,SUSINO_CINO_GIAPPONESE,da gemma ferma a rigonfiamento gemme
"Bollettino 1 del 4 febbraio 2026 di Forlì-Cesena, Ravenna, Rimini",1796,BARBABIETOLA,Pre-Semina
"Bollettino 1 del 4 febbraio 2026 di Forlì-Cesena, Ravenna, Rimini",1810,ERBA_MEDICA,Medica in produzione: riposo vegetativo; Medica nuovo impianto: pre-semina
"Bollettino 1 del 4 febbraio 2026 di Forlì-Cesena, Ravenna, Rimini",1843,CIPOLLA,Autunnale: prime foglie vere – Primaverile: pre-semina
"Bollettino 1 del 4 febbraio 2026 di Forlì-Cesena, Ravenna, Rimini",1861,PISELLO,da pre-semina a 3-5 foglie
Bollettino 1 del 6 febbraio 2026 di Piacenza,789,ALBICOCCO,da gemma ferma a inizio rigonfiamento gemme
Bollettino 1 del 6 febbraio 2026 di Piacenza,801,MELO,gemma ferma
Bollettino 1 del 6 febbraio 2026 di Piacenza,810,PERO,gemma ferma
Bollettino 1 del 6 febbraio 2026 di Piacenza,820,PESCO,da gemma ferma a inizio rigonfiamento gemme
Bollettino 1 del 6 febbraio 2026 di Piacenza,845,SUSINO_EUROPEO,gemma ferma
Bollettino 1 del 6 febbraio 2026 di Piacenza,850,VITE,gemma ferma
Bollettino 1 del 6 febbraio 2026 di Piacenza,910,BARBABIETOLA,pre-semina
Bollettino 1 del 6 febbraio 2026 di Piacenza,956,COLZA,sviluppo fogliare – rosetta
Bollettino 1 del 6 febbraio 2026 di Piacenza,999,ERBA_MEDICA,Medica in produzione: riposo vegetativo; Medica nuovo impianto: pre-semina
Bollettino 1 del 6 febbraio 2026 di Piacenza,1023,CIPOLLA,Autunnale: prime foglie vere – Primaverile: pre-semina
Bollettino 1 del 6 febbraio 2026 di Piacenza,1091,AGLIO,da post emergenza a 2-5 foglie
Bollettino 1 del 6 febbraio 2026 di Piacenza,1105,PISELLO,da pre-semina a 3-5 foglie
Bollettino 1 del 6 febbraio 2026 di Piacenza,1711,ALBICOCCO,da gemma ferma a inizio rigonfiamento gemme
Bollettino 1 del 6 febbraio 2026 di Piacenza,1723,MELO,gemma ferma
Bollettino 1 del 6 febbraio 2026 di Piacenza,1743,PERO,gemma ferma
Bollettino 1 del 6 febbraio 2026 di Piacenza,1753,PESCO,da gemma ferma a inizio rigonfiamento gemme
Bollettino 1 del 6 febbraio 2026 di Piacenza,1765,SUSINO_EUROPEO,gemma ferma
Bollettino 1 del 6 febbraio 2026 di Piacenza,1770,VITE,gemma ferma
Bollettino 1 del 6 febbraio 2026 di Piacenza,1829,ERBA_MEDICA,medica in produzione: riposo vegetativo; medica nuovo impianto: pre-semina
Bollettino 10 del 14 aprile 2026 Modena,953,ALBICOCCO,accrescimento frutti
Bollettino 10 del 14 aprile 2026 Modena,1007,CILIEGIO,caduta petali-ingrossamento frutti
Bollettino 10 del 14 aprile 2026 Modena,1049,KAKI,presenza abbozzi fiorali
Bollettino 10 del 14 aprile 2026 Modena,1053,MELO,fine fioritura-allegagione
Bollettino 10 del 14 aprile 2026 Modena,1149,OLIVO,accrescimento germogli apicali e laterali
Bollettino 10 del 14 aprile 2026 Modena,1184,PERO,allegagione-ingrossamento frutti
Bollettino 10 del 14 aprile 2026 Modena,1284,PESCO,fine allegagione-scamiciatura
Bollettino 10 del 14 aprile 2026 Modena,1332,SUSINO,caduta petali -ingrossamento frutti
Bollettino 10 del 14 aprile 2026 Modena,1362,VITE,prime foglie distese-grappoli separati
Bollettino 10 del 14 aprile 2026 Modena,1455,BARBABIETOLA,6-8 foglie vere
Bollettino 10 del 14 aprile 2026 Modena,1513,COLZA,fioritura
Bollettino 10 del 14 aprile 2026 Modena,1517,ERBA_MEDICA,Medica in produzione: ripresa vegetativa; Medica nuovo impianto: emergenza-prime foglie trilobate
Bollettino 10 del 14 aprile 2026 Modena,1567,FRUMENTO,levata-inizio botticella
Bollettino 10 del 14 aprile 2026 Modena,1619,GIRASOLE,semina-pre emergenza
Bollettino 10 del 14 aprile 2026 Modena,1669,MAIS,pre-emergenza -emergenza
Bollettino 10 del 14 aprile 2026 Modena,1826,SOIA,Pre-semina
Bollettino 10 del 14 aprile 2026 Modena,1850,SORGO,semina-emergenza
Bollettino 10 del 14 aprile 2026 Modena,1929,ANGURIA,pre-trapianto-trapianto
Bollettino 10 del 14 aprile 2026 Modena,1939,MELONE,pre-trapianto-trapianto
Bollettino 10 del 14 aprile 2026 Modena,1948,POMODORO_INDUSTRIA,pre trapianto
Bollettino 10 del 14 aprile 2026 Modena,2655,ALBICOCCO,accrescimento frutti
Bollettino 10 del 14 aprile 2026 Modena,2682,CILIEGIO,caduta petali-ingrossamento frutti
Bollettino 10 del 14 aprile 2026 Modena,2706,KAKI,presenza abbozzi fiorali
Bollettino 10 del 14 aprile 2026 Modena,2710,MELO,fine fioritura-allegagione
Bollettino 10 del 14 aprile 2026 Modena,2770,OLIVO,accrescimento germogli
Bollettino 10 del 14 aprile 2026 Modena,2805,PERO,allegagione-ingrossamento frutti
Bollettino 10 del 14 aprile 2026 Modena,2863,PESCO,allegagione-scamiciatura
Bollettino 10 del 14 aprile 2026 Modena,2890,SUSINO,caduta petali -ingrossamento frutti
Bollettino 10 del 14 aprile 2026 Modena,2921,VITE,prime foglie distese-grappoli separati
Bollettino 10 del 14 aprile 2026 Modena,2965,FRUMENTO,levata-inizio botticella
Bollettino 10 del 14 aprile 2026 Modena,2981,BARBABIETOLA,6-8 foglie vere
Bollettino 10 del 14 aprile 2026 Modena,3001,ERBA_MEDICA,impianti vecchi ripresa vegetativa -impianti nuovi emergenza
Bollettino 10 del 14 aprile 2026 Modena,3004,GIRASOLE,semina-pre emergenza
Bollettino 10 del 14 aprile 2026 Modena,3018,MAIS,pre-emergenza -emergenza
Bollettino 10 del 14 aprile 2026 Modena,3085,ANGURIA,pre-trapianto-trapianto
Bollettino 10 del 14 aprile 2026 Modena,3089,MELONE,pre-trapianto-trapianto
Bollettino 10 del 14 aprile 2026 Modena,3092,POMODORO_INDUSTRIA,pre-trapianto-trapianto
Bollettino 10 del 15 aprile 2026 di Bologna e Ferrara,951,ACTINIDIA,verde: germogliamento; giallo: comparsa bottoni fiorali
Bollettino 10 del 15 aprile 2026 di Bologna e Ferrara,987,ALBICOCCO,accrescimento frutti
Bollettino 10 del 15 aprile 2026 di Bologna e Ferrara,1041,CILIEGIO,da caduta petali ad accrescimento frutti
Bollettino 10 del 15 aprile 2026 di Bologna e Ferrara,1062,KAKI,da germogliamento a comparsa abbozzi fiorali
Bollettino 10 del 15 aprile 2026 di Bologna e Ferrara,1066,MELO,da caduta petali ad allegagione
Bollettino 10 del 15 aprile 2026 di Bologna e Ferrara,1155,NOCE,da germogliamento a emissione degli amenti
Bollettino 10 del 15 aprile 2026 di Bologna e Ferrara,1163,OLIVO,ripresa vegetativa
Bollettino 10 del 15 aprile 2026 di Bologna e Ferrara,1168,PERO,allegagione
Bollettino 10 del 15 aprile 2026 di Bologna e Ferrara,1254,PESCO,da scamiciatura a ingrossamento frutti
Bollettino 10 del 15 aprile 2026 di Bologna e Ferrara,1322,SUSINO,da caduta petali ad inizio ingrossamento frutti
Bollettino 10 del 15 aprile 2026 di Bologna e Ferrara,1361,VITE,da prime foglie distese a grappolini visibili
Bollettino 10 del 15 aprile 2026 di Bologna e Ferrara,1432,BARBABIETOLA,4-8 foglie
Bollettino 10 del 15 aprile 2026 di Bologna e Ferrara,1490,COLZA,fioritura
Bollettino 10 del 15 aprile 2026 di Bologna e Ferrara,1493,ERBA_MEDICA,Medica in produzione: accrescimento; Medica nuovo impianto: prime foglie
Bollettino 10 del 15 aprile 2026 di Bologna e Ferrara,1543,FRUMENTO,da levata a emissione foglia bandiera
Bollettino 10 del 15 aprile 2026 di Bologna e Ferrara,1608,GIRASOLE,da pre-semina a semina
Bollettino 10 del 15 aprile 2026 di Bologna e Ferrara,1658,MAIS,emergenza
Bollettino 10 del 15 aprile 2026 di Bologna e Ferrara,1783,RISO,pre-semina
Bollettino 10 del 15 aprile 2026 di Bologna e Ferrara,1851,SOIA,Pre-semina
Bollettino 10 del 15 aprile 2026 di Bologna e Ferrara,1885,SORGO,da pre-semina a emergenza
Bollettino 10 del 15 aprile 2026 di Bologna e Ferrara,1947,AGLIO,6/7 foglie
Bollettino 10 del 15 aprile 2026 di Bologna e Ferrara,1968,ANGURIA,trapianto
Bollettino 10 del 15 aprile 2026 di Bologna e Ferrara,1983,ASPARAGO,impianti in produzione: emissione turione – nuovi impianti: messa a dimora delle zampe
Bollettino 10 del 15 aprile 2026 di Bologna e Ferrara,1993,CAROTA,sviluppo vegetativo
Bollettino 10 del 15 aprile 2026 di Bologna e Ferrara,2027,CIPOLLA,Autunnale: 8-12 foglie – Primaverile: 2 foglie
Bollettino 10 del 15 aprile 2026 di Bologna e Ferrara,2048,MELONE,pre-trapianto – trapianto
Bollettino 10 del 15 aprile 2026 di Bologna e Ferrara,2072,PATATA,da pre-emergenza a 2° palco fogliare
Bollettino 10 del 15 aprile 2026 di Bologna e Ferrara,2130,PISELLO,da emergenza a sviluppo vegetativo
Bollettino 10 del 15 aprile 2026 di Bologna e Ferrara,2173,POMODORO_INDUSTRIA,da pre-trapianto a trapianto
Bollettino 10 del 15 aprile 2026 di Bologna e Ferrara,2865,ACTINIDIA,verde: germogliamento; giallo: comparsa bottoni fiorali
Bollettino 10 del 15 aprile 2026 di Bologna e Ferrara,2892,ALBICOCCO,accrescimento frutti
Bollettino 10 del 15 aprile 2026 di Bologna e Ferrara,2920,CILIEGIO,da caduta petali a ingrossamento frutti
Bollettino 10 del 15 aprile 2026 di Bologna e Ferrara,2944,KAKI,da germogliamento a comparsa abbozzi fiorali
Bollettino 10 del 15 aprile 2026 di Bologna e Ferrara,2948,MELO,caduta petali ad allegagione
Bollettino 10 del 15 aprile 2026 di Bologna e Ferrara,2998,NOCE,da germogliamento a emissione degli amenti
Bollettino 10 del 15 aprile 2026 di Bologna e Ferrara,3007,OLIVO,ripresa vegetativa
Bollettino 10 del 15 aprile 2026 di Bologna e Ferrara,3013,PERO,allegagione
Bollettino 10 del 15 aprile 2026 di Bologna e Ferrara,3087,PESCO,da scamiciatura a ingrossamento frutti
Bollettino 10 del 15 aprile 2026 di Bologna e Ferrara,3126,SUSINO,da caduta petali a inizio ingrossamento frutti
Bollettino 10 del 15 aprile 2026 di Bologna e Ferrara,3161,VITE,da prime foglie distese a grappolini visibili
Bollettino 10 del 15 aprile 2026 di Bologna e Ferrara,3211,BARBABIETOLA,4-8 foglie
Bollettino 10 del 15 aprile 2026 di Bologna e Ferrara,3220,ERBA_MEDICA,Medica in produzione: accrescimento ; Medica nuovo impianto: prime foglie
Bollettino 10 del 15 aprile 2026 di Bologna e Ferrara,3223,FRUMENTO,da levata a emissione foglia bandiera
Bollettino 10 del 15 aprile 2026 di Bologna e Ferrara,3254,GIRASOLE,da pre-semina a semina
Bollettino 10 del 15 aprile 2026 di Bologna e Ferrara,3268,MAIS,da pre-emergenza a emergenza
Bollettino 10 del 15 aprile 2026 di Bologna e Ferrara,3273,SOIA,Pre-semina
Bollettino 10 del 15 aprile 2026 di Bologna e Ferrara,3293,SORGO,da pre-semina a emergenza
Bollettino 10 del 15 aprile 2026 di Bologna e Ferrara,3324,ANGURIA,trapianto
Bollettino 10 del 15 aprile 2026 di Bologna e Ferrara,3340,ASPARAGO,impianti in produzione: emissione turione – nuovi impianti: messa a dimora delle zampe
Bollettino 10 del 15 aprile 2026 di Bologna e Ferrara,3349,CAROTA,sviluppo vegetativo
Bollettino 10 del 15 aprile 2026 di Bologna e Ferrara,3352,CIPOLLA,Autunnale: 8-12 foglie – Primaverile: 2 foglie
Bollettino 10 del 15 aprile 2026 di Bologna e Ferrara,3364,MELONE,Pre-trapianto – Trapianto
Bollettino 10 del 15 aprile 2026 di Bologna e Ferrara,3371,PATATA,da pre-emergenza a 2° palco fogliare
Bollettino 10 del 15 aprile 2026 di Bologna e Ferrara,3400,PISELLO,da emergenza a sviluppo vegetativo
Bollettino 10 del 15 aprile 2026 di Bologna e Ferrara,3407,POMODORO_INDUSTRIA,pre-trapianto
"Bollettino 10 del 15 aprile 2026 di Forlì-Cesena, Ravenna, Rimini",955,ACTINIDIA,da germogliamento a comparsa bottoni fiorali
"Bollettino 10 del 15 aprile 2026 di Forlì-Cesena, Ravenna, Rimini",988,ALBICOCCO,accrescimento frutti
"Bollettino 10 del 15 aprile 2026 di Forlì-Cesena, Ravenna, Rimini",1045,CILIEGIO,da caduta petali ad accrescimento frutti
"Bollettino 10 del 15 aprile 2026 di Forlì-Cesena, Ravenna, Rimini",1067,KAKI,da germogliamento a comparsa bottoni fiorali
"Bollettino 10 del 15 aprile 2026 di Forlì-Cesena, Ravenna, Rimini",1071,MELO,da caduta petali ad allegagione
"Bollettino 10 del 15 aprile 2026 di Forlì-Cesena, Ravenna, Rimini",1159,NOCE,da germogliamento ad emissione amenti
"Bollettino 10 del 15 aprile 2026 di Forlì-Cesena, Ravenna, Rimini",1167,OLIVO,ripresa vegetativa
"Bollettino 10 del 15 aprile 2026 di Forlì-Cesena, Ravenna, Rimini",1207,PERO,allegagione
"Bollettino 10 del 15 aprile 2026 di Forlì-Cesena, Ravenna, Rimini",1286,PESCO,da scamiciatura ad ingrossamento frutti
"Bollettino 10 del 15 aprile 2026 di Forlì-Cesena, Ravenna, Rimini",1369,SUSINO,da caduta petali ad inizio ingrossamento frutti
"Bollettino 10 del 15 aprile 2026 di Forlì-Cesena, Ravenna, Rimini",1395,VITE,da prime foglie distese a grappolini visibili
"Bollettino 10 del 15 aprile 2026 di Forlì-Cesena, Ravenna, Rimini",1494,BARBABIETOLA,da 4 a 8 foglie
"Bollettino 10 del 15 aprile 2026 di Forlì-Cesena, Ravenna, Rimini",1554,COLZA,fioritura
"Bollettino 10 del 15 aprile 2026 di Forlì-Cesena, Ravenna, Rimini",1557,ERBA_MEDICA,Medica in produzione: accrescimento; Medica nuovo impianto: sviluppo vegetativo
"Bollettino 10 del 15 aprile 2026 di Forlì-Cesena, Ravenna, Rimini",1613,FRUMENTO,da levata ad emissione foglia bandiera
"Bollettino 10 del 15 aprile 2026 di Forlì-Cesena, Ravenna, Rimini",1685,GIRASOLE,da pre-semina a semina
"Bollettino 10 del 15 aprile 2026 di Forlì-Cesena, Ravenna, Rimini",1719,MAIS,emergenza
"Bollettino 10 del 15 aprile 2026 di Forlì-Cesena, Ravenna, Rimini",1844,SOIA,pre-semina
"Bollettino 10 del 15 aprile 2026 di Forlì-Cesena, Ravenna, Rimini",1879,SORGO,da pre-semina a emergenza
"Bollettino 10 del 15 aprile 2026 di Forlì-Cesena, Ravenna, Rimini",1942,CIPOLLA,Autunnale: 8-12 foglie – Primaverile: prime foglie vere
"Bollettino 10 del 15 aprile 2026 di Forlì-Cesena, Ravenna, Rimini",1977,FRAGOLA,da allegagione ad inizio maturazione
"Bollettino 10 del 15 aprile 2026 di Forlì-Cesena, Ravenna, Rimini",1991,FRAGOLA,da fioritura ad allegagione
"Bollettino 10 del 15 aprile 2026 di Forlì-Cesena, Ravenna, Rimini",2015,PATATA,da pre-emergenza a 2° palco fogliare
"Bollettino 10 del 15 aprile 2026 di Forlì-Cesena, Ravenna, Rimini",2083,PISELLO,da emergenza a sviluppo vegetativo
"Bollettino 10 del 15 aprile 2026 di Forlì-Cesena, Ravenna, Rimini",2116,POMODORO_INDUSTRIA,da pre-trapianto a trapianto
"Bollettino 10 del 15 aprile 2026 di Forlì-Cesena, Ravenna, Rimini",2818,ACTINIDIA,da germogliamento a comparsa bottoni fiorali
"Bollettino 10 del 15 aprile 2026 di Forlì-Cesena, Ravenna, Rimini",2830,ALBICOCCO,accrescimento frutti
"Bollettino 10 del 15 aprile 2026 di Forlì-Cesena, Ravenna, Rimini",2873,CILIEGIO,da caduta petali ad accrescimento frutti
"Bollettino 10 del 15 aprile 2026 di Forlì-Cesena, Ravenna, Rimini",2893,KAKI,da germogliamento a comparsa bottoni fiorali
"Bollettino 10 del 15 aprile 2026 di Forlì-Cesena, Ravenna, Rimini",2897,MELO,da fioritura ad allegagione
"Bollettino 10 del 15 aprile 2026 di Forlì-Cesena, Ravenna, Rimini",2946,NOCE,da germogliamento ad emissione amenti
"Bollettino 10 del 15 aprile 2026 di Forlì-Cesena, Ravenna, Rimini",2955,OLIVO,ripresa vegetativa
"Bollettino 10 del 15 aprile 2026 di Forlì-Cesena, Ravenna, Rimini",2994,PERO,allegagione
"Bollettino 10 del 15 aprile 2026 di Forlì-Cesena, Ravenna, Rimini",3053,PESCO,da scamiciatura a ingrossamento frutti
"Bollettino 10 del 15 aprile 2026 di Forlì-Cesena, Ravenna, Rimini",3102,SUSINO,da caduta petali ad inizio ingrossamento frutti
"Bollettino 10 del 15 aprile 2026 di Forlì-Cesena, Ravenna, Rimini",3136,VITE,da prime foglie distese a grappolini visibili
"Bollettino 10 del 15 aprile 2026 di Forlì-Cesena, Ravenna, Rimini",3185,BARBABIETOLA,da 4 a 8 foglie
"Bollettino 10 del 15 aprile 2026 di Forlì-Cesena, Ravenna, Rimini",3194,ERBA_MEDICA,Medica in produzione: accrescimento; Medica nuovo impianto: sviluppo vegetativo
"Bollettino 10 del 15 aprile 2026 di Forlì-Cesena, Ravenna, Rimini",3198,FRUMENTO,da levata ad emissione foglia bandiera
"Bollettino 10 del 15 aprile 2026 di Forlì-Cesena, Ravenna, Rimini",3228,GIRASOLE,da pre-semina a semina
"Bollettino 10 del 15 aprile 2026 di Forlì-Cesena, Ravenna, Rimini",3241,MAIS,da pre-emergenza ad emergenza
"Bollettino 10 del 15 aprile 2026 di Forlì-Cesena, Ravenna, Rimini",3246,SOIA,pre-semina
"Bollettino 10 del 15 aprile 2026 di Forlì-Cesena, Ravenna, Rimini",3256,SORGO,da pre-semina a emergenza
"Bollettino 10 del 15 aprile 2026 di Forlì-Cesena, Ravenna, Rimini",3300,CIPOLLA,Autunnale: 6-10 foglie – Primaverile: da emergenza a prime foglie
"Bollettino 10 del 15 aprile 2026 di Forlì-Cesena, Ravenna, Rimini",3323,FRAGOLA,da allegagione ad inizio maturazione
"Bollettino 10 del 15 aprile 2026 di Forlì-Cesena, Ravenna, Rimini",3330,FRAGOLA,inizio fioritura
"Bollettino 10 del 15 aprile 2026 di Forlì-Cesena, Ravenna, Rimini",3337,PATATA,da pre-emergenza a 2° palco fogliare
"Bollettino 10 del 15 aprile 2026 di Forlì-Cesena, Ravenna, Rimini",3356,PISELLO,da emergenza a sviluppo vegetativo
"Bollettino 10 del 15 aprile 2026 di Forlì-Cesena, Ravenna, Rimini",3373,POMODORO_INDUSTRIA,da pre-trapianto a trapianto
Bollettino 10 del 16 aprile 2026 Reggio Emilia,968,MELO,fine fioritura-allegagione
Bollettino 10 del 16 aprile 2026 Reggio Emilia,1045,OLIVO,accrescimento germogli apicali e laterali
Bollettino 10 del 16 aprile 2026 Reggio Emilia,1080,PERO,allegagione-ingrossamento frutti
Bollettino 10 del 16 aprile 2026 Reggio Emilia,1174,VITE,prime foglie distese-grappoli visibili
Bollettino 10 del 16 aprile 2026 Reggio Emilia,1239,BARBABIETOLA,6-8 foglie vere
Bollettino 10 del 16 aprile 2026 Reggio Emilia,1297,COLZA,fioritura
Bollettino 10 del 16 aprile 2026 Reggio Emilia,1311,ERBA_MEDICA,Medica in produzione: accrescimento; Medica nuovo impianto: emergenza- prime foglie trilobate
Bollettino 10 del 16 aprile 2026 Reggio Emilia,1361,FRUMENTO,levata-inizio botticella
Bollettino 10 del 16 aprile 2026 Reggio Emilia,1412,GIRASOLE,semina-pre emergenza
Bollettino 10 del 16 aprile 2026 Reggio Emilia,1451,MAIS,pre-emergenza -emergenza
Bollettino 10 del 16 aprile 2026 Reggio Emilia,1570,SOIA,Pre-semina
Bollettino 10 del 16 aprile 2026 Reggio Emilia,1604,SORGO,semina-emergenza
Bollettino 10 del 16 aprile 2026 Reggio Emilia,1683,ANGURIA,accrescimento
Bollettino 10 del 16 aprile 2026 Reggio Emilia,1697,ANGURIA,pre-trapianto-trapianto
Bollettino 10 del 16 aprile 2026 Reggio Emilia,1707,MELONE,accrescimento
Bollettino 10 del 16 aprile 2026 Reggio Emilia,1725,MELONE,pre-trapianto-trapianto
Bollettino 10 del 16 aprile 2026 Reggio Emilia,1734,POMODORO_INDUSTRIA,pre trapianto-trapianto
Bollettino 10 del 16 aprile 2026 Reggio Emilia,2433,MELO,fine fioritura-allegagione
Bollettino 10 del 16 aprile 2026 Reggio Emilia,2483,OLIVO,accrescimento germogli
Bollettino 10 del 16 aprile 2026 Reggio Emilia,2518,PERO,allegagione-ingrossamento frutti
Bollettino 10 del 16 aprile 2026 Reggio Emilia,2574,VITE,prime foglie distese-grappoli visibili
Bollettino 10 del 16 aprile 2026 Reggio Emilia,2623,FRUMENTO,levata-inizio botticella
Bollettino 10 del 16 aprile 2026 Reggio Emilia,2650,BARBABIETOLA,6-8 foglie vere
Bollettino 10 del 16 aprile 2026 Reggio Emilia,2660,ERBA_MEDICA,impianti vecchi ripresa vegetativa -impianti nuovi emergenza
Bollettino 10 del 16 aprile 2026 Reggio Emilia,2663,GIRASOLE,semina-pre emergenza
Bollettino 10 del 16 aprile 2026 Reggio Emilia,2677,MAIS,pre-emergenza -emergenza
Bollettino 10 del 16 aprile 2026 Reggio Emilia,2746,ANGURIA,allungamento catena
Bollettino 10 del 16 aprile 2026 Reggio Emilia,2756,MELONE,accrescimento catena
Bollettino 10 del 16 aprile 2026 Reggio Emilia,2763,ANGURIA,pre-trapianto-trapianto
Bollettino 10 del 16 aprile 2026 Reggio Emilia,2767,MELONE,pre-trapianto-trapianto
Bollettino 10 del 16 aprile 2026 Reggio Emilia,2779,POMODORO_INDUSTRIA,pre-trapianto-trapianto
Bollettino 10 del 17 Aprile 2026 di Piacenza,1026,ALBICOCCO,accrescimento frutto
Bollettino 10 del 17 Aprile 2026 di Piacenza,1068,CILIEGIO,da allegagione a inizio accrescimento frutto
Bollettino 10 del 17 Aprile 2026 di Piacenza,1087,MELO,da fioritura ad allegagione
Bollettino 10 del 17 Aprile 2026 di Piacenza,1166,PERO,da allegagione ad accrescimento frutto
Bollettino 10 del 17 Aprile 2026 di Piacenza,1238,PESCO,da scamiciatura a inizio ingrossamento frutti
Bollettino 10 del 17 Aprile 2026 di Piacenza,1294,SUSINO,da scamiciatura a inizio ingrossamento frutto
Bollettino 10 del 17 Aprile 2026 di Piacenza,1321,OLIVO,ripresa vegetativa
Bollettino 10 del 17 Aprile 2026 di Piacenza,1341,VITE,da grappoli visibili a grappoli separati
Bollettino 10 del 17 Aprile 2026 di Piacenza,1428,BARBABIETOLA,4-6 foglie vere
Bollettino 10 del 17 Aprile 2026 di Piacenza,1493,ERBA_MEDICA,medica in produzione: sviluppo vegetativo; medica nuovo impianto: prime foglie trifogliate
Bollettino 10 del 17 Aprile 2026 di Piacenza,1532,FRUMENTO,da foglia a bandiera a inizio spigatura
Bollettino 10 del 17 Aprile 2026 di Piacenza,1593,GIRASOLE,semina - emergenza
Bollettino 10 del 17 Aprile 2026 di Piacenza,1643,MAIS,da pre-semina a emergenza
Bollettino 10 del 17 Aprile 2026 di Piacenza,1810,SOIA,Pre-semina
Bollettino 10 del 17 Aprile 2026 di Piacenza,1849,AGLIO,da post emergenza a 6-7 foglie
Bollettino 10 del 17 Aprile 2026 di Piacenza,1859,BASILICO,pre-esemina – emergenza
Bollettino 10 del 17 Aprile 2026 di Piacenza,1867,CIPOLLA,Autunnale: 8/12 foglie. Primaverile: 1-3 foglie
Bollettino 10 del 17 Aprile 2026 di Piacenza,1921,PISELLO,da emergenza a sviluppo vegetativo
Bollettino 10 del 17 Aprile 2026 di Piacenza,1967,POMODORO_INDUSTRIA,pre-trapianto - trapianto
Bollettino 10 del 17 Aprile 2026 di Piacenza,2676,ALBICOCCO,accrescimento frutto
Bollettino 10 del 17 Aprile 2026 di Piacenza,2696,CILIEGIO,da allegagione a inizio accrescimento frutto
Bollettino 10 del 17 Aprile 2026 di Piacenza,2717,MELO,da fioritura ad allegagione
Bollettino 10 del 17 Aprile 2026 di Piacenza,2746,PERO,da allegagione ad accrescimento frutto
Bollettino 10 del 17 Aprile 2026 di Piacenza,2801,PESCO,da scamiciatura a inizio ingrossamento frutti
Bollettino 10 del 17 Aprile 2026 di Piacenza,2840,SUSINO,da scamiciatura a inizio ingrossamento frutto
Bollettino 10 del 17 Aprile 2026 di Piacenza,2853,OLIVO,ripresa vegetativa
Bollettino 10 del 17 Aprile 2026 di Piacenza,2883,VITE,da grappoli visibili a grappoli separati
Bollettino 10 del 17 Aprile 2026 di Piacenza,2943,ERBA_MEDICA,medica in produzione: sviluppo vegetativo; medica nuovo impianto: prime foglie trifogliate
Bollettino 10 del 17 Aprile 2026 di Piacenza,2962,FRUMENTO,da foglia a bandiera a inizio spigatura
Bollettino 10 del 17 Aprile 2026 di Piacenza,2975,GIRASOLE,semina - emergenza
Bollettino 10 del 17 Aprile 2026 di Piacenza,3027,PATATA,da semina a emergenza
Bollettino 10 del 17 Aprile 2026 di Piacenza,3034,POMODORO_INDUSTRIA,pre-trapianto - trapianto
Bollettino 10 del 17 aprile 2026 di Parma,995,ALBICOCCO,accrescimento frutto
Bollettino 10 del 17 aprile 2026 di Parma,1037,CILIEGIO,da allegagione ad accrescimento frutto
Bollettino 10 del 17 aprile 2026 di Parma,1065,MELO,da fioritura ad allegagione
Bollettino 10 del 17 aprile 2026 di Parma,1131,PERO,da allegagione ad accrescimento frutto
Bollettino 10 del 17 aprile 2026 di Parma,1215,PESCO,da scamiciatura ad inizio sviluppo frutti
Bollettino 10 del 17 aprile 2026 di Parma,1271,SUSINO,da scamiciatura ad accrescimento frutto
Bollettino 10 del 17 aprile 2026 di Parma,1287,OLIVO,ripresa vegetativa
Bollettino 10 del 17 aprile 2026 di Parma,1317,VITE,da grappoli visibili a grappoli separati
Bollettino 10 del 17 aprile 2026 di Parma,1387,BARBABIETOLA,4-6 foglie vere
Bollettino 10 del 17 aprile 2026 di Parma,1463,ERBA_MEDICA,medica in produzione: sviluppo vegetativo; medica nuovo impianto: prime foglie trifogliate
Bollettino 10 del 17 aprile 2026 di Parma,1489,FRUMENTO,da foglia bandiera a inizio spigatura
Bollettino 10 del 17 aprile 2026 di Parma,1557,GIRASOLE,semina - emergenza
Bollettino 10 del 17 aprile 2026 di Parma,1597,MAIS,da pre-semina a emergenza
Bollettino 10 del 17 aprile 2026 di Parma,1766,SOIA,Pre-semina
Bollettino 10 del 17 aprile 2026 di Parma,1805,BASILICO,pre-esemina – emergenza
Bollettino 10 del 17 aprile 2026 di Parma,1813,CIPOLLA,1-3 foglie
Bollettino 10 del 17 aprile 2026 di Parma,1848,POMODORO_INDUSTRIA,pre-trapianto - trapianto
Bollettino 10 del 17 aprile 2026 di Parma,2558,ALBICOCCO,accrescimento frutto
Bollettino 10 del 17 aprile 2026 di Parma,2578,CILIEGIO,da allegagione ad accrescimento frutto
Bollettino 10 del 17 aprile 2026 di Parma,2588,MELO,da fioritura ad allegagione
Bollettino 10 del 17 aprile 2026 di Parma,2629,PERO,da allegagione ad accrescimento frutto
Bollettino 10 del 17 aprile 2026 di Parma,2684,PESCO,da scamiciatura ad inizio sviluppo frutti
Bollettino 10 del 17 aprile 2026 di Parma,2723,SUSINO,da scamiciatura ad accrescimento frutto
Bollettino 10 del 17 aprile 2026 di Parma,2745,OLIVO,ripresa vegetativa
Bollettino 10 del 17 aprile 2026 di Parma,2766,VITE,da grappoli visibili a grappoli separati
Bollettino 10 del 17 aprile 2026 di Parma,2820,ERBA_MEDICA,medica in produzione: sviluppo vegetativo; medica nuovo impianto: prime foglie trifogliate
Bollettino 10 del 17 aprile 2026 di Parma,2839,FRUMENTO,da foglia bandiera a inizio spigatura
Bollettino 10 del 17 aprile 2026 di Parma,2852,GIRASOLE,semina - emergenza
Bollettino 10 del 17 aprile 2026 di Parma,2906,PATATA,da semina a emergenza
Bollettino 10 del 17 aprile 2026 di Parma,2923,POMODORO_INDUSTRIA,pre-trapianto - trapianto
Bollettino 11 del 21 aprile 2026 Modena,873,ALBICOCCO,accrescimento frutti
Bollettino 11 del 21 aprile 2026 Modena,926,CILIEGIO,ingrossamento frutti
Bollettino 11 del 21 aprile 2026 Modena,951,KAKI,presenza abbozzi fiorali
Bollettino 11 del 21 aprile 2026 Modena,955,MELO,allegagione-accrescimento frutti
Bollettino 11 del 21 aprile 2026 Modena,1063,OLIVO,inizio mignolatura
Bollettino 11 del 21 aprile 2026 Modena,1098,PERO,ingrossamento frutti
Bollettino 11 del 21 aprile 2026 Modena,1210,PESCO,ingrossamento frutti
Bollettino 11 del 21 aprile 2026 Modena,1269,SUSINO,ingrossamento frutti
Bollettino 11 del 21 aprile 2026 Modena,1305,VITE,foglie distese-grappoli separati
Bollettino 11 del 21 aprile 2026 Modena,1397,BARBABIETOLA,6-8 foglie vere
Bollettino 11 del 21 aprile 2026 Modena,1454,COLZA,fine fioritura
Bollettino 11 del 21 aprile 2026 Modena,1458,ERBA_MEDICA,Medica in produzione: accrescimento; Medica nuovo impianto: prime foglie trilobate
Bollettino 11 del 21 aprile 2026 Modena,1509,FRUMENTO,levata-spigatura
Bollettino 11 del 21 aprile 2026 Modena,1586,GIRASOLE,pre-emergenza-emergenza
Bollettino 11 del 21 aprile 2026 Modena,1631,MAIS,emergenza-2-4 foglie
Bollettino 11 del 21 aprile 2026 Modena,1705,SOIA,pre-semina-semina
Bollettino 11 del 21 aprile 2026 Modena,1757,SORGO,emergenza-2 foglie
Bollettino 11 del 21 aprile 2026 Modena,1838,ANGURIA,accrescimento
Bollettino 11 del 21 aprile 2026 Modena,1842,MELONE,accrescimento
Bollettino 11 del 21 aprile 2026 Modena,1845,POMODORO_INDUSTRIA,pre trapianto-trapianto
Bollettino 11 del 21 aprile 2026 Modena,2556,ALBICOCCO,accrescimento frutti
Bollettino 11 del 21 aprile 2026 Modena,2583,CILIEGIO,ingrossamento frutti
Bollettino 11 del 21 aprile 2026 Modena,2610,KAKI,presenza abbozzi fiorali
Bollettino 11 del 21 aprile 2026 Modena,2614,MELO,allegagione-accrescimento frutti
Bollettino 11 del 21 aprile 2026 Modena,2682,OLIVO,inizio mignolatura
Bollettino 11 del 21 aprile 2026 Modena,2717,PERO,ingrossamento frutti
Bollettino 11 del 21 aprile 2026 Modena,2784,PESCO,ingrossamento frutti
Bollettino 11 del 21 aprile 2026 Modena,2824,SUSINO,ingrossamento frutti
Bollettino 11 del 21 aprile 2026 Modena,2858,VITE,foglie distese-grappoli separati
Bollettino 11 del 21 aprile 2026 Modena,2901,FRUMENTO,levata- spigatura
Bollettino 11 del 21 aprile 2026 Modena,2922,BARBABIETOLA,6-8 foglie vere
Bollettino 11 del 21 aprile 2026 Modena,2932,ERBA_MEDICA,impianti vecchi accrescimento -impianti nuovi prime foglie trilobate
Bollettino 11 del 21 aprile 2026 Modena,2945,GIRASOLE,emergenza
Bollettino 11 del 21 aprile 2026 Modena,2952,MAIS,emergenza-2 foglie
Bollettino 11 del 21 aprile 2026 Modena,2959,SOIA,pre-semina-semina
Bollettino 11 del 21 aprile 2026 Modena,3003,ANGURIA,accrescimento
Bollettino 11 del 21 aprile 2026 Modena,3007,MELONE,accrescimento
Bollettino 11 del 21 aprile 2026 Modena,3010,POMODORO_INDUSTRIA,pre-trapianto-trapianto
Bollettino 11 del 22 aprile 2026 di Bologna e Ferrara,866,ACTINIDIA,verde: germogliamento; giallo: comparsa bottoni fiorali
Bollettino 11 del 22 aprile 2026 di Bologna e Ferrara,906,ALBICOCCO,da accrescimento frutti a indurimento nocciolo
Bollettino 11 del 22 aprile 2026 di Bologna e Ferrara,961,CILIEGIO,da caduta petali a scamiciatura accrescimento frutti
Bollettino 11 del 22 aprile 2026 di Bologna e Ferrara,1000,KAKI,comparsa abbozzi fiorali
Bollettino 11 del 22 aprile 2026 di Bologna e Ferrara,1004,MELO,da allegagione ad ingrossamento frutti
Bollettino 11 del 22 aprile 2026 di Bologna e Ferrara,1100,NOCE,da germogliamento a emissione degli amenti
Bollettino 11 del 22 aprile 2026 di Bologna e Ferrara,1114,OLIVO,da ripresa vegetativa a inizio mignolatura
Bollettino 11 del 22 aprile 2026 di Bologna e Ferrara,1119,PERO,da allegagione a accrescimento frutti
Bollettino 11 del 22 aprile 2026 di Bologna e Ferrara,1221,PESCO,ingrossamento frutti
Bollettino 11 del 22 aprile 2026 di Bologna e Ferrara,1313,SUSINO,ingrossamento frutti
Bollettino 11 del 22 aprile 2026 di Bologna e Ferrara,1344,VITE,da sviluppo foglie a grappolini visibili
Bollettino 11 del 22 aprile 2026 di Bologna e Ferrara,1418,BARBABIETOLA,4-8 foglie
Bollettino 11 del 22 aprile 2026 di Bologna e Ferrara,1504,COLZA,fioritura-fine fioritura
Bollettino 11 del 22 aprile 2026 di Bologna e Ferrara,1507,ERBA_MEDICA,Medica in produzione: accrescimento; Medica nuovo impianto: 2°-3° foglia
Bollettino 11 del 22 aprile 2026 di Bologna e Ferrara,1556,FRUMENTO,da levata a spigatura
Bollettino 11 del 22 aprile 2026 di Bologna e Ferrara,1646,GIRASOLE,da semina a emergenza
Bollettino 11 del 22 aprile 2026 di Bologna e Ferrara,1681,MAIS,da emergenza a 2/3 foglie
Bollettino 11 del 22 aprile 2026 di Bologna e Ferrara,1819,RISO,pre-semina
Bollettino 11 del 22 aprile 2026 di Bologna e Ferrara,1897,SOIA,Pre-semina a semina
Bollettino 11 del 22 aprile 2026 di Bologna e Ferrara,1949,SORGO,da semina a emergenza
Bollettino 11 del 22 aprile 2026 di Bologna e Ferrara,2010,AGLIO,accrescimento bulbilli
Bollettino 11 del 22 aprile 2026 di Bologna e Ferrara,2022,ANGURIA,trapianto
Bollettino 11 del 22 aprile 2026 di Bologna e Ferrara,2037,ASPARAGO,impianti in produzione: emissione turione
Bollettino 11 del 22 aprile 2026 di Bologna e Ferrara,2040,CAROTA,sviluppo vegetativo
Bollettino 11 del 22 aprile 2026 di Bologna e Ferrara,2071,CIPOLLA,Autunnale: accrescimento bulbi – Primaverile: 2/4 foglie
Bollettino 11 del 22 aprile 2026 di Bologna e Ferrara,2134,MELONE,trapianto
Bollettino 11 del 22 aprile 2026 di Bologna e Ferrara,2149,PATATA,da emergenza a 2°/3° palco fogliare
Bollettino 11 del 22 aprile 2026 di Bologna e Ferrara,2208,PISELLO,da emergenza a sviluppo vegetativo
Bollettino 11 del 22 aprile 2026 di Bologna e Ferrara,2262,POMODORO_INDUSTRIA,da pre-trapianto a trapianto
Bollettino 11 del 22 aprile 2026 di Bologna e Ferrara,2976,ACTINIDIA,verde: germogliamento; giallo: comparsa bottoni fiorali
Bollettino 11 del 22 aprile 2026 di Bologna e Ferrara,2992,ALBICOCCO,da accrescimento frutti a indurimento nocciolo
Bollettino 11 del 22 aprile 2026 di Bologna e Ferrara,3032,CILIEGIO,accrescimento frutti
Bollettino 11 del 22 aprile 2026 di Bologna e Ferrara,3053,KAKI,comparsa abbozzi fiorali
Bollettino 11 del 22 aprile 2026 di Bologna e Ferrara,3057,MELO,da allegagione ad ingrossamento frutti
Bollettino 11 del 22 aprile 2026 di Bologna e Ferrara,3118,NOCE,da germogliamento a emissione degli amenti
Bollettino 11 del 22 aprile 2026 di Bologna e Ferrara,3139,OLIVO,da ripresa vegetativa a inizio mignolatura
Bollettino 11 del 22 aprile 2026 di Bologna e Ferrara,3145,PERO,da allegagione a accrescimento frutti
Bollettino 11 del 22 aprile 2026 di Bologna e Ferrara,3216,PESCO,ingrossamento frutti
Bollettino 11 del 22 aprile 2026 di Bologna e Ferrara,3271,SUSINO,ingrossamento frutti
Bollettino 11 del 22 aprile 2026 di Bologna e Ferrara,3309,VITE,da sviluppo foglie a grappolini visibili
Bollettino 11 del 22 aprile 2026 di Bologna e Ferrara,3353,BARBABIETOLA,4-8 foglie
Bollettino 11 del 22 aprile 2026 di Bologna e Ferrara,3383,ERBA_MEDICA,Medica in produzione: accrescimento; Medica nuovo impianto: 2°-3° foglia
Bollettino 11 del 22 aprile 2026 di Bologna e Ferrara,3386,FRUMENTO,da levata a spigatura
Bollettino 11 del 22 aprile 2026 di Bologna e Ferrara,3434,GIRASOLE,da semina a emergenza
Bollettino 11 del 22 aprile 2026 di Bologna e Ferrara,3448,MAIS,da emergenza a 2/3 foglie
Bollettino 11 del 22 aprile 2026 di Bologna e Ferrara,3453,SOIA,Pre-semina a semina
Bollettino 11 del 22 aprile 2026 di Bologna e Ferrara,3463,SORGO,da semina a emergenza
Bollettino 11 del 22 aprile 2026 di Bologna e Ferrara,3505,ANGURIA,trapianto
Bollettino 11 del 22 aprile 2026 di Bologna e Ferrara,3511,ASPARAGO,impianti in produzione: emissione turione
Bollettino 11 del 22 aprile 2026 di Bologna e Ferrara,3514,CAROTA,sviluppo vegetativo
Bollettino 11 del 22 aprile 2026 di Bologna e Ferrara,3517,CIPOLLA,Autunnale: accrescimento bulbi – Primaverile: 2/4 foglie
Bollettino 11 del 22 aprile 2026 di Bologna e Ferrara,3541,MELONE,trapianto
Bollettino 11 del 22 aprile 2026 di Bologna e Ferrara,3548,PATATA,da emergenza a 2°/3° palco fogliare
Bollettino 11 del 22 aprile 2026 di Bologna e Ferrara,3570,PISELLO,da emergenza a sviluppo vegetativo
Bollettino 11 del 22 aprile 2026 di Bologna e Ferrara,3591,POMODORO_INDUSTRIA,pre-trapianto
"Bollettino 11 del 22 aprile 2026 di Forlì-Cesena, Ravenna e Rimini",871,ACTINIDIA,comparsa bottoni fiorali
"Bollettino 11 del 22 aprile 2026 di Forlì-Cesena, Ravenna e Rimini",909,ALBICOCCO,da accrescimento frutti ad indurimento nocciolo
"Bollettino 11 del 22 aprile 2026 di Forlì-Cesena, Ravenna e Rimini",967,CILIEGIO,accrescimento frutti
"Bollettino 11 del 22 aprile 2026 di Forlì-Cesena, Ravenna e Rimini",996,KAKI,comparsa bottoni fiorali
"Bollettino 11 del 22 aprile 2026 di Forlì-Cesena, Ravenna e Rimini",1000,MELO,da allegagione ad ingrossamento frutti
"Bollettino 11 del 22 aprile 2026 di Forlì-Cesena, Ravenna e Rimini",1103,NOCE,da emissione amenti ad inizio fioritura
"Bollettino 11 del 22 aprile 2026 di Forlì-Cesena, Ravenna e Rimini",1117,OLIVO,da ripresa vegetativa ad inizio mignolatura
"Bollettino 11 del 22 aprile 2026 di Forlì-Cesena, Ravenna e Rimini",1153,PERO,accrescimento frutti
"Bollettino 11 del 22 aprile 2026 di Forlì-Cesena, Ravenna e Rimini",1256,PESCO,ingrossamento frutti
"Bollettino 11 del 22 aprile 2026 di Forlì-Cesena, Ravenna e Rimini",1336,SUSINO,ingrossamento frutti
"Bollettino 11 del 22 aprile 2026 di Forlì-Cesena, Ravenna e Rimini",1379,VITE,da sviluppo foglie a grappolini separati
"Bollettino 11 del 22 aprile 2026 di Forlì-Cesena, Ravenna e Rimini",1461,BARBABIETOLA,da 4 a 8 foglie
"Bollettino 11 del 22 aprile 2026 di Forlì-Cesena, Ravenna e Rimini",1556,COLZA,fioritura
"Bollettino 11 del 22 aprile 2026 di Forlì-Cesena, Ravenna e Rimini",1559,ERBA_MEDICA,Medica in produzione: accrescimento; Medica nuovo impianto: sviluppo vegetativo
"Bollettino 11 del 22 aprile 2026 di Forlì-Cesena, Ravenna e Rimini",1609,FRUMENTO,da levata a spigatura
"Bollettino 11 del 22 aprile 2026 di Forlì-Cesena, Ravenna e Rimini",1684,GIRASOLE,da semina ad emergenza
"Bollettino 11 del 22 aprile 2026 di Forlì-Cesena, Ravenna e Rimini",1736,MAIS,da emergenza a 2-3 foglie
"Bollettino 11 del 22 aprile 2026 di Forlì-Cesena, Ravenna e Rimini",1874,SOIA,da pre-semina a semina
"Bollettino 11 del 22 aprile 2026 di Forlì-Cesena, Ravenna e Rimini",1929,SORGO,da semina a emergenza
"Bollettino 11 del 22 aprile 2026 di Forlì-Cesena, Ravenna e Rimini",1992,CIPOLLA,Autunnale: accrescimento bulbi – Primaverile: prime foglie vere
"Bollettino 11 del 22 aprile 2026 di Forlì-Cesena, Ravenna e Rimini",2048,FRAGOLA,maturazione
"Bollettino 11 del 22 aprile 2026 di Forlì-Cesena, Ravenna e Rimini",2058,FRAGOLA,da invaiatura a maturazione
"Bollettino 11 del 22 aprile 2026 di Forlì-Cesena, Ravenna e Rimini",2082,PATATA,da pre-emergenza a 2° palco fogliare
"Bollettino 11 del 22 aprile 2026 di Forlì-Cesena, Ravenna e Rimini",2138,PISELLO,da emergenza a sviluppo vegetativo
"Bollettino 11 del 22 aprile 2026 di Forlì-Cesena, Ravenna e Rimini",2192,POMODORO_INDUSTRIA,da pre-trapianto a trapianto
"Bollettino 11 del 22 aprile 2026 di Forlì-Cesena, Ravenna e Rimini",2895,ACTINIDIA,da germogliamento a comparsa bottoni fiorali
"Bollettino 11 del 22 aprile 2026 di Forlì-Cesena, Ravenna e Rimini",2911,ALBICOCCO,da accrescimento frutti ad indurimento nocciolo
"Bollettino 11 del 22 aprile 2026 di Forlì-Cesena, Ravenna e Rimini",2955,CILIEGIO,ad accrescimento frutti
"Bollettino 11 del 22 aprile 2026 di Forlì-Cesena, Ravenna e Rimini",2991,KAKI,comparsa bottoni fiorali
"Bollettino 11 del 22 aprile 2026 di Forlì-Cesena, Ravenna e Rimini",2995,MELO,da allegagione ad ingrossamento frutti
"Bollettino 11 del 22 aprile 2026 di Forlì-Cesena, Ravenna e Rimini",3050,NOCE,da germogliamento ad emissione amenti
"Bollettino 11 del 22 aprile 2026 di Forlì-Cesena, Ravenna e Rimini",3059,OLIVO,da ripresa vegetativa ad inizio mignolatura
"Bollettino 11 del 22 aprile 2026 di Forlì-Cesena, Ravenna e Rimini",3098,PERO,accrescimento frutti
"Bollettino 11 del 22 aprile 2026 di Forlì-Cesena, Ravenna e Rimini",3170,PESCO,ingrossamento frutti
"Bollettino 11 del 22 aprile 2026 di Forlì-Cesena, Ravenna e Rimini",3222,SUSINO,ingrossamento frutti
"Bollettino 11 del 22 aprile 2026 di Forlì-Cesena, Ravenna e Rimini",3262,VITE,da sviluppo foglie a grappolini separati
"Bollettino 11 del 22 aprile 2026 di Forlì-Cesena, Ravenna e Rimini",3311,BARBABIETOLA,da 4 a 8 foglie
"Bollettino 11 del 22 aprile 2026 di Forlì-Cesena, Ravenna e Rimini",3331,ERBA_MEDICA,Medica in produzione: accrescimento; Medica nuovo impianto: sviluppo vegetativo
"Bollettino 11 del 22 aprile 2026 di Forlì-Cesena, Ravenna e Rimini",3335,FRUMENTO,da levata a spigatura
"Bollettino 11 del 22 aprile 2026 di Forlì-Cesena, Ravenna e Rimini",3375,GIRASOLE,da semina ad emergenza
"Bollettino 11 del 22 aprile 2026 di Forlì-Cesena, Ravenna e Rimini",3388,MAIS,da emergenza a 2-3 foglie
"Bollettino 11 del 22 aprile 2026 di Forlì-Cesena, Ravenna e Rimini",3393,SOIA,da pre-semina a semina
"Bollettino 11 del 22 aprile 2026 di Forlì-Cesena, Ravenna e Rimini",3414,SORGO,da semina a emergenza
"Bollettino 11 del 22 aprile 2026 di Forlì-Cesena, Ravenna e Rimini",3456,CIPOLLA,Autunnale: accrescimento bulbi – Primaverile: sviluppo prime foglie
"Bollettino 11 del 22 aprile 2026 di Forlì-Cesena, Ravenna e Rimini",3469,FRAGOLA,maturazione
"Bollettino 11 del 22 aprile 2026 di Forlì-Cesena, Ravenna e Rimini",3475,FRAGOLA,da invaiatura a maturazione
"Bollettino 11 del 22 aprile 2026 di Forlì-Cesena, Ravenna e Rimini",3482,PATATA,da pre-emergenza a 2° palco fogliare
"Bollettino 11 del 22 aprile 2026 di Forlì-Cesena, Ravenna e Rimini",3513,PISELLO,da emergenza a sviluppo vegetativo
"Bollettino 11 del 22 aprile 2026 di Forlì-Cesena, Ravenna e Rimini",3524,POMODORO_INDUSTRIA,da pre-trapianto a trapianto
Bollettino 11 del 23 aprile 2026 Reggio Emilia,865,MELO,allegagione-accrescimento frutti
Bollettino 11 del 23 aprile 2026 Reggio Emilia,962,OLIVO,inizio mignolatura
Bollettino 11 del 23 aprile 2026 Reggio Emilia,997,PERO,ingrossamento frutti
Bollettino 11 del 23 aprile 2026 Reggio Emilia,1103,VITE,foglie distese-grappoli visibili
Bollettino 11 del 23 aprile 2026 Reggio Emilia,1162,BARBABIETOLA,6-8 foglie vere
Bollettino 11 del 23 aprile 2026 Reggio Emilia,1220,COLZA,fine fioritura
Bollettino 11 del 23 aprile 2026 Reggio Emilia,1224,ERBA_MEDICA,Medica in produzione: accrescimento; Medica nuovo impianto: prime foglie trilobate
Bollettino 11 del 23 aprile 2026 Reggio Emilia,1274,FRUMENTO,levata-spigatura
Bollettino 11 del 23 aprile 2026 Reggio Emilia,1362,GIRASOLE,pre-emergenza-emergenza
Bollettino 11 del 23 aprile 2026 Reggio Emilia,1396,MAIS,emergenza-2-4 foglie
Bollettino 11 del 23 aprile 2026 Reggio Emilia,1479,SOIA,pre-semina-semina
Bollettino 11 del 23 aprile 2026 Reggio Emilia,1531,SORGO,emergenza-2 foglie
Bollettino 11 del 23 aprile 2026 Reggio Emilia,1599,ANGURIA,accrescimento-prime allegagioni
Bollettino 11 del 23 aprile 2026 Reggio Emilia,1613,ANGURIA,pre-trapianto-trapianto
Bollettino 11 del 23 aprile 2026 Reggio Emilia,1634,MELONE,accrescimento
Bollettino 11 del 23 aprile 2026 Reggio Emilia,1644,MELONE,pre-trapianto-trapianto
Bollettino 11 del 23 aprile 2026 Reggio Emilia,1653,POMODORO_INDUSTRIA,pre trapianto-trapianto
Bollettino 11 del 23 aprile 2026 Reggio Emilia,2364,MELO,allegagione-accrescimento frutti
Bollettino 11 del 23 aprile 2026 Reggio Emilia,2426,OLIVO,inizio mignolatura
Bollettino 11 del 23 aprile 2026 Reggio Emilia,2451,PERO,ingrossamento frutti
Bollettino 11 del 23 aprile 2026 Reggio Emilia,2527,VITE,foglie distese-grappoli visibili
Bollettino 11 del 23 aprile 2026 Reggio Emilia,2581,FRUMENTO,levata- spigatura
Bollettino 11 del 23 aprile 2026 Reggio Emilia,2602,BARBABIETOLA,6-8 foglie vere
Bollettino 11 del 23 aprile 2026 Reggio Emilia,2622,ERBA_MEDICA,impianti vecchi accrescimento -impianti nuovi prime foglie trilobate
Bollettino 11 del 23 aprile 2026 Reggio Emilia,2625,GIRASOLE,emergenza
Bollettino 11 del 23 aprile 2026 Reggio Emilia,2632,MAIS,emergenza-2 foglie
Bollettino 11 del 23 aprile 2026 Reggio Emilia,2639,SOIA,pre-semina-semina
Bollettino 11 del 23 aprile 2026 Reggio Emilia,2683,ANGURIA,allungamento catena
Bollettino 11 del 23 aprile 2026 Reggio Emilia,2693,MELONE,accrescimento catena
Bollettino 11 del 23 aprile 2026 Reggio Emilia,2710,ANGURIA,pre-trapianto-trapianto
Bollettino 11 del 23 aprile 2026 Reggio Emilia,2714,MELONE,pre-trapianto-trapianto
Bollettino 11 del 23 aprile 2026 Reggio Emilia,2717,POMODORO_INDUSTRIA,pre-trapianto-trapianto
Bollettino 11 del 24 Aprile 2026 di Piacenza,942,ALBICOCCO,da accrescimento frutto a indurimento nocciolo
Bollettino 11 del 24 Aprile 2026 di Piacenza,985,CILIEGIO,accrescimento frutti
Bollettino 11 del 24 Aprile 2026 di Piacenza,1020,MELO,da allegagione a inizio ingrossamento frutti
Bollettino 11 del 24 Aprile 2026 di Piacenza,1088,PERO,accrescimento frutto
Bollettino 11 del 24 Aprile 2026 di Piacenza,1173,PESCO,ingrossamento frutto
Bollettino 11 del 24 Aprile 2026 di Piacenza,1247,SUSINO,ingrossamento frutto
Bollettino 11 del 24 Aprile 2026 di Piacenza,1277,OLIVO,inizio mignolatura
Bollettino 11 del 24 Aprile 2026 di Piacenza,1297,VITE,da grappoli visibili a grappoli separati
Bollettino 11 del 24 Aprile 2026 di Piacenza,1394,BARBABIETOLA,4-8 foglie vere
Bollettino 11 del 24 Aprile 2026 di Piacenza,1484,ERBA_MEDICA,medica in produzione: sviluppo vegetativo; medica nuovo impianto: prime foglie trifogliate
Bollettino 11 del 24 Aprile 2026 di Piacenza,1519,FRUMENTO,da botticella a inizio fioritura
Bollettino 11 del 24 Aprile 2026 di Piacenza,1591,GIRASOLE,semina - emergenza
Bollettino 11 del 24 Aprile 2026 di Piacenza,1631,MAIS,da semina a 2/3 foglie
Bollettino 11 del 24 Aprile 2026 di Piacenza,1841,SOIA,da pre-semina a semina
Bollettino 11 del 24 Aprile 2026 di Piacenza,1896,AGLIO,accrescimento bulbilli
Bollettino 11 del 24 Aprile 2026 di Piacenza,1906,BASILICO,pre-semina – emergenza
Bollettino 11 del 24 Aprile 2026 di Piacenza,1914,CIPOLLA,Autunnale: accrescimento bulbi. Primaverile: 1-3 foglie
Bollettino 11 del 24 Aprile 2026 di Piacenza,1971,PISELLO,da emergenza a sviluppo vegetativo
Bollettino 11 del 24 Aprile 2026 di Piacenza,2027,POMODORO_INDUSTRIA,pre-trapianto - trapianto
Bollettino 11 del 24 Aprile 2026 di Piacenza,2764,ALBICOCCO,da accrescimento frutto a indurimento nocciolo
Bollettino 11 del 24 Aprile 2026 di Piacenza,2785,CILIEGIO,accrescimento frutti
Bollettino 11 del 24 Aprile 2026 di Piacenza,2810,MELO,da allegagione a inizio ingrossamento frutti
Bollettino 11 del 24 Aprile 2026 di Piacenza,2852,PERO,accrescimento frutto
Bollettino 11 del 24 Aprile 2026 di Piacenza,2909,PESCO,ingrossamento frutto
Bollettino 11 del 24 Aprile 2026 di Piacenza,2953,SUSINO,ingrossamento frutto
Bollettino 11 del 24 Aprile 2026 di Piacenza,2968,OLIVO,inizio mignolatura
Bollettino 11 del 24 Aprile 2026 di Piacenza,2998,VITE,da grappoli visibili a grappoli separati
Bollettino 11 del 24 Aprile 2026 di Piacenza,3060,ERBA_MEDICA,medica in produzione: sviluppo vegetativo; medica nuovo impianto: prime foglie trifogliate
Bollettino 11 del 24 Aprile 2026 di Piacenza,3067,FRUMENTO,da botticella a inizio fioritura
Bollettino 11 del 24 Aprile 2026 di Piacenza,3097,GIRASOLE,semina - emergenza
Bollettino 11 del 24 Aprile 2026 di Piacenza,3146,POMODORO_INDUSTRIA,pre-trapianto - trapianto
Bollettino 11 del 24 aprile 2026 di Parma,916,ALBICOCCO,accrescimento frutto
Bollettino 11 del 24 aprile 2026 di Parma,958,CILIEGIO,accrescimento frutto
Bollettino 11 del 24 aprile 2026 di Parma,993,MELO,da allegagione a inizio ingrossamento frutti
Bollettino 11 del 24 aprile 2026 di Parma,1060,PERO,accrescimento frutto
Bollettino 11 del 24 aprile 2026 di Parma,1144,PESCO,ingrossamento frutto
Bollettino 11 del 24 aprile 2026 di Parma,1216,SUSINO,ingrossamento frutto
Bollettino 11 del 24 aprile 2026 di Parma,1246,OLIVO,inizio mignolatura
Bollettino 11 del 24 aprile 2026 di Parma,1266,VITE,da grappoli visibili a grappoli separati
Bollettino 11 del 24 aprile 2026 di Parma,1353,BARBABIETOLA,4-8 foglie vere
Bollettino 11 del 24 aprile 2026 di Parma,1449,ERBA_MEDICA,medica in produzione: sviluppo vegetativo; medica nuovo impianto: prime foglie trifogliate
Bollettino 11 del 24 aprile 2026 di Parma,1494,FRUMENTO,da botticella a inizio fioritura
Bollettino 11 del 24 aprile 2026 di Parma,1553,GIRASOLE,semina - emergenza
Bollettino 11 del 24 aprile 2026 di Parma,1605,MAIS,da pre-emergenza a 2/3 foglie
Bollettino 11 del 24 aprile 2026 di Parma,1798,SOIA,da pre-semina a semina
Bollettino 11 del 24 aprile 2026 di Parma,1856,BASILICO,pre-esemina – emergenza
Bollettino 11 del 24 aprile 2026 di Parma,1864,CIPOLLA,1-3 foglie
Bollettino 11 del 24 aprile 2026 di Parma,1901,POMODORO_INDUSTRIA,pre-trapianto – trapianto
Bollettino 11 del 24 aprile 2026 di Parma,2626,ALBICOCCO,accrescimento
Bollettino 11 del 24 aprile 2026 di Parma,2647,CILIEGIO,accrescimento frutto
Bollettino 11 del 24 aprile 2026 di Parma,2671,MELO,da allegagione a inizio ingrossamento frutti
Bollettino 11 del 24 aprile 2026 di Parma,2712,PERO,accrescimento frutto
Bollettino 11 del 24 aprile 2026 di Parma,2770,PESCO,ingrossamento frutto
Bollettino 11 del 24 aprile 2026 di Parma,2813,SUSINO,ingrossamento frutto
Bollettino 11 del 24 aprile 2026 di Parma,2827,OLIVO,inizio mignolatura
Bollettino 11 del 24 aprile 2026 di Parma,2857,VITE,da grappoli visibili a grappoli separati
Bollettino 11 del 24 aprile 2026 di Parma,2915,ERBA_MEDICA,medica in produzione: sviluppo vegetativo; medica nuovo impianto: prime foglie trifogliate
Bollettino 11 del 24 aprile 2026 di Parma,2923,FRUMENTO,da botticella a inizio fioritura
Bollettino 11 del 24 aprile 2026 di Parma,2953,GIRASOLE,semina - emergenza
Bollettino 11 del 24 aprile 2026 di Parma,3002,POMODORO_INDUSTRIA,pre-trapianto – trapianto
Bollettino 12 del 28 aprile 2026 di Modena,859,ALBICOCCO,accrescimento frutti-indurimento nocciolo
Bollettino 12 del 28 aprile 2026 di Modena,910,CILIEGIO,ingrossamento frutti-inizio invaiatura cv.precoci
Bollettino 12 del 28 aprile 2026 di Modena,961,KAKI,presenza abbozzi fiorali
Bollettino 12 del 28 aprile 2026 di Modena,965,MELO,accrescimento frutti
Bollettino 12 del 28 aprile 2026 di Modena,1080,OLIVO,mignolatura
Bollettino 12 del 28 aprile 2026 di Modena,1116,PERO,ingrossamento frutti
Bollettino 12 del 28 aprile 2026 di Modena,1244,PESCO,ingrossamento frutti
Bollettino 12 del 28 aprile 2026 di Modena,1309,SUSINO,ingrossamento frutti
Bollettino 12 del 28 aprile 2026 di Modena,1346,VITE,grappoli separati – inizio bottoni fiorali separati
Bollettino 12 del 28 aprile 2026 di Modena,1444,BARBABIETOLA,4-8 foglie - chiusura interfila
Bollettino 12 del 28 aprile 2026 di Modena,1517,COLZA,formazione silique
Bollettino 12 del 28 aprile 2026 di Modena,1521,ERBA_MEDICA,Medica in produzione: sfalcio; Medica nuovo impianto: prime foglie trilobate
Bollettino 12 del 28 aprile 2026 di Modena,1574,FRUMENTO,spigatura
Bollettino 12 del 28 aprile 2026 di Modena,1628,GIRASOLE,emergenza-cotiledoni
Bollettino 12 del 28 aprile 2026 di Modena,1705,MAIS,2-4 foglie
Bollettino 12 del 28 aprile 2026 di Modena,1811,SOIA,pre-semina-pre-emergenza
Bollettino 12 del 28 aprile 2026 di Modena,1873,SORGO,emergenza- 3-4 foglie
Bollettino 12 del 28 aprile 2026 di Modena,1937,ANGURIA,accrescimento
Bollettino 12 del 28 aprile 2026 di Modena,1941,MELONE,accrescimento
Bollettino 12 del 28 aprile 2026 di Modena,1954,POMODORO_INDUSTRIA,pre trapianto-trapianto
Bollettino 12 del 28 aprile 2026 di Modena,2659,ALBICOCCO,accrescimento frutti-indurimento nocciolo
Bollettino 12 del 28 aprile 2026 di Modena,2686,CILIEGIO,ingrossamento frutti-inizio invaiatura cv.precoci
Bollettino 12 del 28 aprile 2026 di Modena,2719,KAKI,presenza abbozzi fiorali
Bollettino 12 del 28 aprile 2026 di Modena,2723,MELO,accrescimento frutti
Bollettino 12 del 28 aprile 2026 di Modena,2789,OLIVO,inizio mignolatura
Bollettino 12 del 28 aprile 2026 di Modena,2825,PERO,ingrossamento frutti
Bollettino 12 del 28 aprile 2026 di Modena,2894,PESCO,ingrossamento frutti
Bollettino 12 del 28 aprile 2026 di Modena,2933,SUSINO,ingrossamento frutti
Bollettino 12 del 28 aprile 2026 di Modena,2966,VITE,foglie distese-grappoli separati
Bollettino 12 del 28 aprile 2026 di Modena,3016,FRUMENTO,spigatura
Bollettino 12 del 28 aprile 2026 di Modena,3031,BARBABIETOLA,6-8 foglie vere
Bollettino 12 del 28 aprile 2026 di Modena,3040,ERBA_MEDICA,impianti vecchi sfalcio-impianti nuovi sviluppo vegetativo
Bollettino 12 del 28 aprile 2026 di Modena,3053,GIRASOLE,emergenza-2 foglie
Bollettino 12 del 28 aprile 2026 di Modena,3059,MAIS,2-4 foglie
Bollettino 12 del 28 aprile 2026 di Modena,3065,SOIA,pre-semina-semina
Bollettino 12 del 28 aprile 2026 di Modena,3109,ANGURIA,accrescimento
Bollettino 12 del 28 aprile 2026 di Modena,3113,MELONE,accrescimento
Bollettino 12 del 28 aprile 2026 di Modena,3116,POMODORO_INDUSTRIA,pre-trapianto-trapianto
Bollettino 12 del 29 aprile 2026 di Bologna e Ferrara,851,ACTINIDIA,da comparsa bottoni fiorali a inizio fioritura
Bollettino 12 del 29 aprile 2026 di Bologna e Ferrara,890,ALBICOCCO,da accrescimento frutti a indurimento nocciolo
Bollettino 12 del 29 aprile 2026 di Bologna e Ferrara,947,CILIEGIO,da accrescimento frutti a invaiatura
Bollettino 12 del 29 aprile 2026 di Bologna e Ferrara,1008,KAKI,comparsa abbozzi fiorali
Bollettino 12 del 29 aprile 2026 di Bologna e Ferrara,1013,MELO,ingrossamento frutti
Bollettino 12 del 29 aprile 2026 di Bologna e Ferrara,1122,NOCE,fioritura
Bollettino 12 del 29 aprile 2026 di Bologna e Ferrara,1127,OLIVO,da ripresa vegetativa a inizio mignolatura
Bollettino 12 del 29 aprile 2026 di Bologna e Ferrara,1132,PERO,accrescimento frutti
Bollettino 12 del 29 aprile 2026 di Bologna e Ferrara,1242,PESCO,ingrossamento frutti
Bollettino 12 del 29 aprile 2026 di Bologna e Ferrara,1337,SUSINO,ingrossamento frutti
Bollettino 12 del 29 aprile 2026 di Bologna e Ferrara,1385,VITE,da grappolini visibili a racimoli separati
Bollettino 12 del 29 aprile 2026 di Bologna e Ferrara,1457,BARBABIETOLA,da 4 a 8 foglie
Bollettino 12 del 29 aprile 2026 di Bologna e Ferrara,1526,COLZA,formazione silique
Bollettino 12 del 29 aprile 2026 di Bologna e Ferrara,1529,ERBA_MEDICA,Medica in produzione: accrescimento-sfalcio; Medica nuovo impianto: accrescimento
Bollettino 12 del 29 aprile 2026 di Bologna e Ferrara,1554,FRUMENTO,spigatura
Bollettino 12 del 29 aprile 2026 di Bologna e Ferrara,1615,GIRASOLE,da pre-emergenza a cotiledoni
Bollettino 12 del 29 aprile 2026 di Bologna e Ferrara,1709,MAIS,2/5 foglie
Bollettino 12 del 29 aprile 2026 di Bologna e Ferrara,1849,RISO,pre-semina
Bollettino 12 del 29 aprile 2026 di Bologna e Ferrara,1918,SOIA,da semina a emergenza
Bollettino 12 del 29 aprile 2026 di Bologna e Ferrara,1977,SORGO,da emergenza a 4/5 foglie
Bollettino 12 del 29 aprile 2026 di Bologna e Ferrara,2034,AGLIO,accrescimento bulbilli
Bollettino 12 del 29 aprile 2026 di Bologna e Ferrara,2056,ANGURIA,accrescimento
Bollettino 12 del 29 aprile 2026 di Bologna e Ferrara,2059,ASPARAGO,impianti in produzione: emissione turione
Bollettino 12 del 29 aprile 2026 di Bologna e Ferrara,2062,CAROTA,sviluppo vegetativo
Bollettino 12 del 29 aprile 2026 di Bologna e Ferrara,2093,CIPOLLA,Autunnale: accrescimento bulbi – Primaverile: 3/4 foglie
Bollettino 12 del 29 aprile 2026 di Bologna e Ferrara,2185,MELONE,accrescimento
Bollettino 12 del 29 aprile 2026 di Bologna e Ferrara,2188,PATATA,da 2° a 3°/4° palco fogliare
Bollettino 12 del 29 aprile 2026 di Bologna e Ferrara,2261,PISELLO,da emergenza a sviluppo vegetativo
Bollettino 12 del 29 aprile 2026 di Bologna e Ferrara,2315,POMODORO_INDUSTRIA,da pre-trapianto a trapianto
Bollettino 12 del 29 aprile 2026 di Bologna e Ferrara,3036,ACTINIDIA,da comparsa bottoni fiorali a inizio fioritura
Bollettino 12 del 29 aprile 2026 di Bologna e Ferrara,3050,ALBICOCCO,da accrescimento frutti a indurimento nocciolo
Bollettino 12 del 29 aprile 2026 di Bologna e Ferrara,3094,CILIEGIO,da accrescimento frutti a invaiatura
Bollettino 12 del 29 aprile 2026 di Bologna e Ferrara,3121,KAKI,comparsa abbozzi fiorali
Bollettino 12 del 29 aprile 2026 di Bologna e Ferrara,3135,MELO,ingrossamento frutti
Bollettino 12 del 29 aprile 2026 di Bologna e Ferrara,3208,NOCE,fioritura
Bollettino 12 del 29 aprile 2026 di Bologna e Ferrara,3212,OLIVO,da ripresa vegetativa a inizio mignolatura
Bollettino 12 del 29 aprile 2026 di Bologna e Ferrara,3218,PERO,accrescimento frutti
Bollettino 12 del 29 aprile 2026 di Bologna e Ferrara,3304,PESCO,ingrossamento frutti
Bollettino 12 del 29 aprile 2026 di Bologna e Ferrara,3361,SUSINO,ingrossamento frutti
Bollettino 12 del 29 aprile 2026 di Bologna e Ferrara,3398,VITE,da grappolini visibili a racimoli separati
Bollettino 12 del 29 aprile 2026 di Bologna e Ferrara,3435,BARBABIETOLA,4-8 foglie
Bollettino 12 del 29 aprile 2026 di Bologna e Ferrara,3455,ERBA_MEDICA,Medica in produzione: accrescimento-sfalcio; Medica nuovo impianto: accrescimento
Bollettino 12 del 29 aprile 2026 di Bologna e Ferrara,3459,FRUMENTO,spigatura
Bollettino 12 del 29 aprile 2026 di Bologna e Ferrara,3480,GIRASOLE,da pre-emergenza a cotiledoni
Bollettino 12 del 29 aprile 2026 di Bologna e Ferrara,3505,MAIS,2/5 foglie
Bollettino 12 del 29 aprile 2026 di Bologna e Ferrara,3510,SOIA,da semina a emergenza
Bollettino 12 del 29 aprile 2026 di Bologna e Ferrara,3520,SORGO,da emergenza a 4/5 foglie
Bollettino 12 del 29 aprile 2026 di Bologna e Ferrara,3558,ANGURIA,accrescimento
Bollettino 12 del 29 aprile 2026 di Bologna e Ferrara,3561,ASPARAGO,impianti in produzione: emissione turione
Bollettino 12 del 29 aprile 2026 di Bologna e Ferrara,3564,CAROTA,sviluppo vegetativo
Bollettino 12 del 29 aprile 2026 di Bologna e Ferrara,3570,CIPOLLA,Autunnale: accrescimento bulbi – Primaverile: 2/4 foglie
Bollettino 12 del 29 aprile 2026 di Bologna e Ferrara,3602,MELONE,accrescimento
Bollettino 12 del 29 aprile 2026 di Bologna e Ferrara,3605,PATATA,da 2° a 3°/4° palco fogliare
Bollettino 12 del 29 aprile 2026 di Bologna e Ferrara,3635,PISELLO,da emergenza a sviluppo vegetativo
Bollettino 12 del 29 aprile 2026 di Bologna e Ferrara,3655,POMODORO_INDUSTRIA,da pre-trapianto a trapianto
"Bollettino 12 del 29 aprile 2026 di Forlì-Cesena, Ravenna, Rimini",874,ACTINIDIA,da bottoni fiorali ad inizio fioritura
"Bollettino 12 del 29 aprile 2026 di Forlì-Cesena, Ravenna, Rimini",903,ALBICOCCO,da accrescimento frutti ad indurimento nocciolo
"Bollettino 12 del 29 aprile 2026 di Forlì-Cesena, Ravenna, Rimini",962,CILIEGIO,da accrescimento frutti ad invaiatura
"Bollettino 12 del 29 aprile 2026 di Forlì-Cesena, Ravenna, Rimini",1040,KAKI,bottoni fiorali
"Bollettino 12 del 29 aprile 2026 di Forlì-Cesena, Ravenna, Rimini",1046,MELO,ingrossamento frutti
"Bollettino 12 del 29 aprile 2026 di Forlì-Cesena, Ravenna, Rimini",1165,NOCE,fioritura
"Bollettino 12 del 29 aprile 2026 di Forlì-Cesena, Ravenna, Rimini",1182,OLIVO,mignolatura
"Bollettino 12 del 29 aprile 2026 di Forlì-Cesena, Ravenna, Rimini",1218,PERO,accrescimento frutti
"Bollettino 12 del 29 aprile 2026 di Forlì-Cesena, Ravenna, Rimini",1330,PESCO,ingrossamento frutti
"Bollettino 12 del 29 aprile 2026 di Forlì-Cesena, Ravenna, Rimini",1418,SUSINO,ingrossamento frutti
"Bollettino 12 del 29 aprile 2026 di Forlì-Cesena, Ravenna, Rimini",1466,VITE,da grappolini visibili a grappoli separati
"Bollettino 12 del 29 aprile 2026 di Forlì-Cesena, Ravenna, Rimini",1546,BARBABIETOLA,da 4 a 8 foglie
"Bollettino 12 del 29 aprile 2026 di Forlì-Cesena, Ravenna, Rimini",1609,COLZA,formazione silique
"Bollettino 12 del 29 aprile 2026 di Forlì-Cesena, Ravenna, Rimini",1612,ERBA_MEDICA,Medica in produzione: accrescimento-sfalcio; Medica nuovo impianto: sviluppo vegetativo
"Bollettino 12 del 29 aprile 2026 di Forlì-Cesena, Ravenna, Rimini",1647,FRUMENTO,spigatura
"Bollettino 12 del 29 aprile 2026 di Forlì-Cesena, Ravenna, Rimini",1708,GIRASOLE,da pre-emergenza a cotiledoni
"Bollettino 12 del 29 aprile 2026 di Forlì-Cesena, Ravenna, Rimini",1789,MAIS,da emergenza a 2-5 foglie
"Bollettino 12 del 29 aprile 2026 di Forlì-Cesena, Ravenna, Rimini",1929,SOIA,da semina a emergenza
"Bollettino 12 del 29 aprile 2026 di Forlì-Cesena, Ravenna, Rimini",1991,SORGO,da emergenza a 4-5 foglie
"Bollettino 12 del 29 aprile 2026 di Forlì-Cesena, Ravenna, Rimini",2072,CIPOLLA,Autunnale: accrescimento bulbi – Primaverile: 3-4 foglie
"Bollettino 12 del 29 aprile 2026 di Forlì-Cesena, Ravenna, Rimini",2151,FRAGOLA,maturazione
"Bollettino 12 del 29 aprile 2026 di Forlì-Cesena, Ravenna, Rimini",2170,FRAGOLA,da invaiatura a maturazione
"Bollettino 12 del 29 aprile 2026 di Forlì-Cesena, Ravenna, Rimini",2184,PATATA,da 1° a 3° palco fogliare
"Bollettino 12 del 29 aprile 2026 di Forlì-Cesena, Ravenna, Rimini",2260,PISELLO,sviluppo vegetativo
"Bollettino 12 del 29 aprile 2026 di Forlì-Cesena, Ravenna, Rimini",2317,POMODORO_INDUSTRIA,da pre-trapianto a trapianto
"Bollettino 12 del 29 aprile 2026 di Forlì-Cesena, Ravenna, Rimini",3052,ACTINIDIA,da bottoni fiorali ad inizio fioritura
"Bollettino 12 del 29 aprile 2026 di Forlì-Cesena, Ravenna, Rimini",3079,ALBICOCCO,da accrescimento frutti ad indurimento nocciolo
"Bollettino 12 del 29 aprile 2026 di Forlì-Cesena, Ravenna, Rimini",3116,CILIEGIO,ad accrescimento frutti
"Bollettino 12 del 29 aprile 2026 di Forlì-Cesena, Ravenna, Rimini",3168,KAKI,bottoni fiorali
"Bollettino 12 del 29 aprile 2026 di Forlì-Cesena, Ravenna, Rimini",3172,MELO,da allegagione ad ingrossamento frutti
"Bollettino 12 del 29 aprile 2026 di Forlì-Cesena, Ravenna, Rimini",3263,NOCE,fioritura
"Bollettino 12 del 29 aprile 2026 di Forlì-Cesena, Ravenna, Rimini",3278,OLIVO,mignolatura
"Bollettino 12 del 29 aprile 2026 di Forlì-Cesena, Ravenna, Rimini",3316,PERO,accrescimento frutti
"Bollettino 12 del 29 aprile 2026 di Forlì-Cesena, Ravenna, Rimini",3393,PESCO,ingrossamento frutti
"Bollettino 12 del 29 aprile 2026 di Forlì-Cesena, Ravenna, Rimini",3448,SUSINO,ingrossamento frutti
"Bollettino 12 del 29 aprile 2026 di Forlì-Cesena, Ravenna, Rimini",3490,VITE,da grappolini visibili a grappoli separati
"Bollettino 12 del 29 aprile 2026 di Forlì-Cesena, Ravenna, Rimini",3538,BARBABIETOLA,da 4 a 8 foglie
"Bollettino 12 del 29 aprile 2026 di Forlì-Cesena, Ravenna, Rimini",3550,ERBA_MEDICA,Medica in produzione: accrescimento-sfalcio; Medica nuovo impianto: sviluppo vegetativo
"Bollettino 12 del 29 aprile 2026 di Forlì-Cesena, Ravenna, Rimini",3564,FRUMENTO,spigatura
"Bollettino 12 del 29 aprile 2026 di Forlì-Cesena, Ravenna, Rimini",3584,GIRASOLE,da pre-emergenza a cotiledoni
"Bollettino 12 del 29 aprile 2026 di Forlì-Cesena, Ravenna, Rimini",3597,MAIS,da emergenza a 2-5 foglie
"Bollettino 12 del 29 aprile 2026 di Forlì-Cesena, Ravenna, Rimini",3612,SOIA,da semina a emergenza
"Bollettino 12 del 29 aprile 2026 di Forlì-Cesena, Ravenna, Rimini",3622,SORGO,da emergenza a 4/5 foglie
"Bollettino 12 del 29 aprile 2026 di Forlì-Cesena, Ravenna, Rimini",3660,CIPOLLA,Autunnale: accrescimento bulbi – Primaverile: 2-4 foglie
"Bollettino 12 del 29 aprile 2026 di Forlì-Cesena, Ravenna, Rimini",3681,FRAGOLA,maturazione
"Bollettino 12 del 29 aprile 2026 di Forlì-Cesena, Ravenna, Rimini",3687,FRAGOLA,da invaiatura a maturazione
"Bollettino 12 del 29 aprile 2026 di Forlì-Cesena, Ravenna, Rimini",3703,PATATA,da emergenza a 2° palco fogliare
"Bollettino 12 del 29 aprile 2026 di Forlì-Cesena, Ravenna, Rimini",3732,PISELLO,da emergenza a sviluppo vegetativo
"Bollettino 12 del 29 aprile 2026 di Forlì-Cesena, Ravenna, Rimini",3743,POMODORO_INDUSTRIA,da pre-trapianto a trapianto
Bollettino 12 del 30 Aprile 2026 di Piacenza,931,ALBICOCCO,da accrescimento frutto a indurimento nocciolo
Bollettino 12 del 30 Aprile 2026 di Piacenza,975,CILIEGIO,da accrescimento frutti a inizio invaiatura
Bollettino 12 del 30 Aprile 2026 di Piacenza,1028,MELO,ingrossamento frutti
Bollettino 12 del 30 Aprile 2026 di Piacenza,1098,PERO,accrescimento frutto
Bollettino 12 del 30 Aprile 2026 di Piacenza,1188,PESCO,ingrossamento frutto
Bollettino 12 del 30 Aprile 2026 di Piacenza,1257,SUSINO,ingrossamento frutto
Bollettino 12 del 30 Aprile 2026 di Piacenza,1289,OLIVO,mignolatura
Bollettino 12 del 30 Aprile 2026 di Piacenza,1303,VITE,da grappoli separati a bottoni fiorali separati
Bollettino 12 del 30 Aprile 2026 di Piacenza,1405,BARBABIETOLA,4 -10 foglie vere
Bollettino 12 del 30 Aprile 2026 di Piacenza,1457,ERBA_MEDICA,medica in produzione: sviluppo vegetativo - 1° sfalcio; medica nuovo impianto: prime foglie trifogliate a sviluppo vegetativo
Bollettino 12 del 30 Aprile 2026 di Piacenza,1482,FRUMENTO,da spigatura a fioritura
Bollettino 12 del 30 Aprile 2026 di Piacenza,1542,GIRASOLE,da pre-emergenza a cotiledoni
Bollettino 12 del 30 Aprile 2026 di Piacenza,1630,MAIS,da pre-emergenza a 5 foglie
Bollettino 12 del 30 Aprile 2026 di Piacenza,1829,SOIA,da pre-semina a pre-emergenza
Bollettino 12 del 30 Aprile 2026 di Piacenza,1899,AGLIO,accrescimento bulbilli
Bollettino 12 del 30 Aprile 2026 di Piacenza,1909,BASILICO,pre-semina – prime foglie vere
Bollettino 12 del 30 Aprile 2026 di Piacenza,1946,CIPOLLA,Autunnale: accrescimento bulbi. Primaverile: 2-4 foglie
Bollettino 12 del 30 Aprile 2026 di Piacenza,2029,PISELLO,da emergenza a sviluppo vegetativo
Bollettino 12 del 30 Aprile 2026 di Piacenza,2085,POMODORO_INDUSTRIA,pre-trapianto – inizio fioritura 1° palco
Bollettino 12 del 30 Aprile 2026 di Piacenza,2836,ALBICOCCO,da accrescimento frutto a indurimento nocciolo
Bollettino 12 del 30 Aprile 2026 di Piacenza,2869,CILIEGIO,da accrescimento frutti a inizio invaiatura
Bollettino 12 del 30 Aprile 2026 di Piacenza,2890,MELO,ingrossamento frutti
Bollettino 12 del 30 Aprile 2026 di Piacenza,2936,PERO,accrescimento frutto
Bollettino 12 del 30 Aprile 2026 di Piacenza,2991,PESCO,ingrossamento frutto
Bollettino 12 del 30 Aprile 2026 di Piacenza,3030,SUSINO,ingrossamento frutto
Bollettino 12 del 30 Aprile 2026 di Piacenza,3044,OLIVO,mignolatura
Bollettino 12 del 30 Aprile 2026 di Piacenza,3069,VITE,da grappoli separati a bottoni fiorali separati
Bollettino 12 del 30 Aprile 2026 di Piacenza,3134,ERBA_MEDICA,medica in produzione: sviluppo vegetativo - 1° sfalcio; medica nuovo impianto: prime foglie trifogliate a sviluppo vegetativo
Bollettino 12 del 30 Aprile 2026 di Piacenza,3141,FRUMENTO,da spigatura a fioritura
Bollettino 12 del 30 Aprile 2026 di Piacenza,3167,GIRASOLE,da pre-emergenza a cotiledoni
Bollettino 12 del 30 Aprile 2026 di Piacenza,3214,POMODORO_INDUSTRIA,pre-trapianto – sviluppo fogliare
Bollettino 12 del 30 aprile 2026 Reggio Emilia,865,MELO,accrescimento frutti
Bollettino 12 del 30 aprile 2026 Reggio Emilia,966,OLIVO,mignolatura
Bollettino 12 del 30 aprile 2026 Reggio Emilia,992,PERO,ingrossamento frutti
Bollettino 12 del 30 aprile 2026 Reggio Emilia,1120,VITE,grappoli in distensione
Bollettino 12 del 30 aprile 2026 Reggio Emilia,1187,BARBABIETOLA,4-8 foglie - chiusura interfila
Bollettino 12 del 30 aprile 2026 Reggio Emilia,1271,COLZA,formazione silique
Bollettino 12 del 30 aprile 2026 Reggio Emilia,1275,ERBA_MEDICA,Medica in produzione: sfalcio; Medica nuovo impianto: accrescimento
Bollettino 12 del 30 aprile 2026 Reggio Emilia,1325,FRUMENTO,spigatura
Bollettino 12 del 30 aprile 2026 Reggio Emilia,1350,GIRASOLE,emergenza-cotiledoni
Bollettino 12 del 30 aprile 2026 Reggio Emilia,1429,MAIS,2-4 foglie
Bollettino 12 del 30 aprile 2026 Reggio Emilia,1538,SOIA,pre-semina-pre-emergenza
Bollettino 12 del 30 aprile 2026 Reggio Emilia,1598,SORGO,emergenza- 3-4 foglie
Bollettino 12 del 30 aprile 2026 Reggio Emilia,1672,ANGURIA,accrescimento- allegagione
Bollettino 12 del 30 aprile 2026 Reggio Emilia,1688,ANGURIA,pre-trapianto-trapianto
Bollettino 12 del 30 aprile 2026 Reggio Emilia,1698,MELONE,accrescimento-allegagione
Bollettino 12 del 30 aprile 2026 Reggio Emilia,1718,MELONE,pre-trapianto-trapianto
Bollettino 12 del 30 aprile 2026 Reggio Emilia,1727,POMODORO_INDUSTRIA,pre trapianto-trapianto
Bollettino 12 del 30 aprile 2026 Reggio Emilia,2450,MELO,accrescimento frutti
Bollettino 12 del 30 aprile 2026 Reggio Emilia,2513,OLIVO,inizio mignolatura
Bollettino 12 del 30 aprile 2026 Reggio Emilia,2549,PERO,ingrossamento frutti
Bollettino 12 del 30 aprile 2026 Reggio Emilia,2611,VITE,grappoli in distensione
Bollettino 12 del 30 aprile 2026 Reggio Emilia,2659,FRUMENTO,spigatura
Bollettino 12 del 30 aprile 2026 Reggio Emilia,2674,BARBABIETOLA,6-8 foglie vere
Bollettino 12 del 30 aprile 2026 Reggio Emilia,2694,ERBA_MEDICA,impianti vecchi sfalcio-impianti nuovi sviluppo vegetativo
Bollettino 12 del 30 aprile 2026 Reggio Emilia,2697,GIRASOLE,emergenza-2 foglie
Bollettino 12 del 30 aprile 2026 Reggio Emilia,2703,MAIS,2-4 foglie
Bollettino 12 del 30 aprile 2026 Reggio Emilia,2709,SOIA,pre-semina-semina
Bollettino 12 del 30 aprile 2026 Reggio Emilia,2753,ANGURIA,allungamento catena
Bollettino 12 del 30 aprile 2026 Reggio Emilia,2776,MELONE,accrescimento catena
Bollettino 12 del 30 aprile 2026 Reggio Emilia,2783,ANGURIA,pre-trapianto-trapianto
Bollettino 12 del 30 aprile 2026 Reggio Emilia,2787,MELONE,pre-trapianto-trapianto
Bollettino 12 del 30 aprile 2026 Reggio Emilia,2790,POMODORO_INDUSTRIA,pre-trapianto-trapianto
Bollettino 12 del 30 aprile 2026 di Parma,911,ALBICOCCO,da accrescimento frutti a indurimento nocciolo
Bollettino 12 del 30 aprile 2026 di Parma,955,CILIEGIO,da accrescimento frutti a inizio invaiatura
Bollettino 12 del 30 aprile 2026 di Parma,1010,MELO,ingrossamento frutti
Bollettino 12 del 30 aprile 2026 di Parma,1091,PERO,accrescimento frutto
Bollettino 12 del 30 aprile 2026 di Parma,1169,PESCO,ingrossamento frutto
Bollettino 12 del 30 aprile 2026 di Parma,1245,SUSINO,ingrossamento frutto
Bollettino 12 del 30 aprile 2026 di Parma,1265,OLIVO,mignolatura
Bollettino 12 del 30 aprile 2026 di Parma,1289,VITE,da grappoli separati a bottoni fiorali separati
Bollettino 12 del 30 aprile 2026 di Parma,1372,BARBABIETOLA,4-10 foglie vere
Bollettino 12 del 30 aprile 2026 di Parma,1437,ERBA_MEDICA,medica in produzione: sviluppo vegetativo – 1° sfalcio; medica nuovo impianto: da prime foglie trifogliate a sviluppo vegetativo
Bollettino 12 del 30 aprile 2026 di Parma,1453,FRUMENTO,da spigatura a fioritura
Bollettino 12 del 30 aprile 2026 di Parma,1511,GIRASOLE,da pre-emergenza a cotiledoni
Bollettino 12 del 30 aprile 2026 di Parma,1610,MAIS,da pre-emergenza a 5 foglie
Bollettino 12 del 30 aprile 2026 di Parma,1807,SOIA,da pre-semina a pre-emergenza
Bollettino 12 del 30 aprile 2026 di Parma,1872,BASILICO,da pre-semina a prime foglie vere
Bollettino 12 del 30 aprile 2026 di Parma,1908,CIPOLLA,2-4 foglie
Bollettino 12 del 30 aprile 2026 di Parma,1976,POMODORO_INDUSTRIA,pre-trapianto – inizio fioritura 1° palco
Bollettino 12 del 30 aprile 2026 di Parma,2728,ALBICOCCO,da accrescimento frutti a indurimento nocciolo
Bollettino 12 del 30 aprile 2026 di Parma,2761,CILIEGIO,da accrescimento frutti a inizio invaiatura
Bollettino 12 del 30 aprile 2026 di Parma,2783,MELO,ingrossamento frutti
Bollettino 12 del 30 aprile 2026 di Parma,2829,PERO,accrescimento frutto
Bollettino 12 del 30 aprile 2026 di Parma,2885,PESCO,ingrossamento frutto
Bollettino 12 del 30 aprile 2026 di Parma,2925,SUSINO,ingrossamento frutto
Bollettino 12 del 30 aprile 2026 di Parma,2938,OLIVO,mignolatura
Bollettino 12 del 30 aprile 2026 di Parma,2964,VITE,da grappoli separati a bottoni fiorali separati
Bollettino 12 del 30 aprile 2026 di Parma,3024,ERBA_MEDICA,medica in produzione: sviluppo vegetativo – 1° sfalcio; medica nuovo impianto: da prime foglie trifogliate a sviluppo vegetativo
Bollettino 12 del 30 aprile 2026 di Parma,3032,FRUMENTO,da spigatura a fioritura
Bollettino 12 del 30 aprile 2026 di Parma,3062,GIRASOLE,da pre-emergenza a cotiledoni
Bollettino 12 del 30 aprile 2026 di Parma,3110,POMODORO_INDUSTRIA,pre-trapianto – sviluppo fogliare
Bollettino 13 del 05 maggio 2026 Modena,833,ALBICOCCO,accrescimento frutti (indurimento nocciolo)
Bollettino 13 del 05 maggio 2026 Modena,883,CILIEGIO,ingrossamento frutti-inizio maturazione cv.precocissime
Bollettino 13 del 05 maggio 2026 Modena,936,KAKI,bottone fiorale
Bollettino 13 del 05 maggio 2026 Modena,954,MELO,accrescimento frutti
Bollettino 13 del 05 maggio 2026 Modena,1080,OLIVO,mignolatura
Bollettino 13 del 05 maggio 2026 Modena,1116,PERO,ingrossamento frutti
Bollettino 13 del 05 maggio 2026 Modena,1271,PESCO,ingrossamento frutti
Bollettino 13 del 05 maggio 2026 Modena,1335,SUSINO,ingrossamento frutti
Bollettino 13 del 05 maggio 2026 Modena,1364,VITE,grappoli separati – inizio bottoni fiorali separati
Bollettino 13 del 05 maggio 2026 Modena,1460,BARBABIETOLA,6-8 foglie - chiusura interfila
Bollettino 13 del 05 maggio 2026 Modena,1516,COLZA,formazione silique
Bollettino 13 del 05 maggio 2026 Modena,1520,ERBA_MEDICA,Medica in produzione: sfalcio; Medica nuovo impianto: prime foglie trilobate
Bollettino 13 del 05 maggio 2026 Modena,1554,FRUMENTO,spigatura- fine fioritura
Bollettino 13 del 05 maggio 2026 Modena,1606,GIRASOLE,emergenza-prime foglie
Bollettino 13 del 05 maggio 2026 Modena,1663,MAIS,2-4 foglie
Bollettino 13 del 05 maggio 2026 Modena,1769,SOIA,semina-emergenza
Bollettino 13 del 05 maggio 2026 Modena,1831,SORGO,4-6 foglie
Bollettino 13 del 05 maggio 2026 Modena,1899,ANGURIA,accrescimento
Bollettino 13 del 05 maggio 2026 Modena,1903,MELONE,accrescimento
Bollettino 13 del 05 maggio 2026 Modena,1906,POMODORO_INDUSTRIA,pre trapianto-trapianto
Bollettino 13 del 05 maggio 2026 Modena,2609,ALBICOCCO,accrescimento frutti (indurimento nocciolo)
Bollettino 13 del 05 maggio 2026 Modena,2632,CILIEGIO,ingrossamento frutti-inizio maturazione cv.precocissime
Bollettino 13 del 05 maggio 2026 Modena,2669,KAKI,bottone fiorale
Bollettino 13 del 05 maggio 2026 Modena,2676,MELO,accrescimento frutti
Bollettino 13 del 05 maggio 2026 Modena,2763,OLIVO,mignolatura
Bollettino 13 del 05 maggio 2026 Modena,2790,PERO,ingrossamento frutti
Bollettino 13 del 05 maggio 2026 Modena,2883,PESCO,ingrossamento frutti
Bollettino 13 del 05 maggio 2026 Modena,2924,SUSINO,ingrossamento frutti
Bollettino 13 del 05 maggio 2026 Modena,2947,VITE,grappoli separati – inizio bottoni fiorali separati
Bollettino 13 del 05 maggio 2026 Modena,3005,FRUMENTO,spigatura-fine fioritura
Bollettino 13 del 05 maggio 2026 Modena,3016,BARBABIETOLA,6-8 foglie vere-chiusura interfila
Bollettino 13 del 05 maggio 2026 Modena,3025,ERBA_MEDICA,impianti vecchi sfalcio-impianti nuovi sviluppo vegetativo
Bollettino 13 del 05 maggio 2026 Modena,3028,GIRASOLE,emergenza-2 foglie
Bollettino 13 del 05 maggio 2026 Modena,3034,MAIS,2-4 foglie
Bollettino 13 del 05 maggio 2026 Modena,3050,SOIA,semina-emergenza
Bollettino 13 del 05 maggio 2026 Modena,3090,ANGURIA,accrescimento
Bollettino 13 del 05 maggio 2026 Modena,3094,MELONE,accrescimento
Bollettino 13 del 05 maggio 2026 Modena,3097,POMODORO_INDUSTRIA,pre-trapianto-trapianto
Bollettino 13 del 07 maggio 2026 Reggio Emilia,834,MELO,accrescimento frutti
Bollettino 13 del 07 maggio 2026 Reggio Emilia,962,OLIVO,mignolatura
Bollettino 13 del 07 maggio 2026 Reggio Emilia,988,PERO,ingrossamento frutti
Bollettino 13 del 07 maggio 2026 Reggio Emilia,1136,VITE,grappoli separati – inizio bottoni fiorali separati
Bollettino 13 del 07 maggio 2026 Reggio Emilia,1222,BARBABIETOLA,6-8 foglie - chiusura interfila
Bollettino 13 del 07 maggio 2026 Reggio Emilia,1280,COLZA,formazione silique
Bollettino 13 del 07 maggio 2026 Reggio Emilia,1284,ERBA_MEDICA,Medica in produzione: sfalcio; Medica nuovo impianto: prime foglie trilobate
Bollettino 13 del 07 maggio 2026 Reggio Emilia,1308,FRUMENTO,spigatura- fine fioritura
Bollettino 13 del 07 maggio 2026 Reggio Emilia,1369,GIRASOLE,emergenza-prime foglie
Bollettino 13 del 07 maggio 2026 Reggio Emilia,1415,MAIS,2-4 foglie
Bollettino 13 del 07 maggio 2026 Reggio Emilia,1525,SOIA,semina-emergenza
Bollettino 13 del 07 maggio 2026 Reggio Emilia,1585,SORGO,4-6 foglie
Bollettino 13 del 07 maggio 2026 Reggio Emilia,1637,ANGURIA,accrescimento- allegagione
Bollettino 13 del 07 maggio 2026 Reggio Emilia,1664,ANGURIA,pre-trapianto-trapianto
Bollettino 13 del 07 maggio 2026 Reggio Emilia,1674,MELONE,accrescimento-allegagione
Bollettino 13 del 07 maggio 2026 Reggio Emilia,1684,MELONE,pre-trapianto-trapianto
Bollettino 13 del 07 maggio 2026 Reggio Emilia,1703,POMODORO_INDUSTRIA,pre trapianto-trapianto
Bollettino 13 del 07 maggio 2026 Reggio Emilia,2416,MELO,accrescimento frutti
Bollettino 13 del 07 maggio 2026 Reggio Emilia,2506,OLIVO,mignolatura
Bollettino 13 del 07 maggio 2026 Reggio Emilia,2543,PERO,ingrossamento frutti
Bollettino 13 del 07 maggio 2026 Reggio Emilia,2623,VITE,grappoli separati – inizio bottoni fiorali separati
Bollettino 13 del 07 maggio 2026 Reggio Emilia,2675,FRUMENTO,spigatura-fine fioritura
Bollettino 13 del 07 maggio 2026 Reggio Emilia,2696,BARBABIETOLA,6-8 foglie vere-chiusura interfila
Bollettino 13 del 07 maggio 2026 Reggio Emilia,2705,ERBA_MEDICA,impianti vecchi sfalcio-impianti nuovi sviluppo vegetativo
Bollettino 13 del 07 maggio 2026 Reggio Emilia,2708,GIRASOLE,emergenza-2 foglie
Bollettino 13 del 07 maggio 2026 Reggio Emilia,2714,MAIS,2-6 foglie
Bollettino 13 del 07 maggio 2026 Reggio Emilia,2730,SOIA,semina-emergenza
Bollettino 13 del 07 maggio 2026 Reggio Emilia,2761,ANGURIA,allungamento catena
Bollettino 13 del 07 maggio 2026 Reggio Emilia,2784,MELONE,accrescimento catena
Bollettino 13 del 07 maggio 2026 Reggio Emilia,2791,ANGURIA,accrescimento
Bollettino 13 del 07 maggio 2026 Reggio Emilia,2795,MELONE,accrescimento
Bollettino 13 del 07 maggio 2026 Reggio Emilia,2798,POMODORO_INDUSTRIA,pre-trapianto-trapianto
Bollettino 13 del 6 maggio 2026 di Bologna e Ferrara,853,ACTINIDIA,fioritura
Bollettino 13 del 6 maggio 2026 di Bologna e Ferrara,875,ALBICOCCO,indurimento nocciolo
Bollettino 13 del 6 maggio 2026 di Bologna e Ferrara,931,CILIEGIO,accrescimento frutti-inizio maturazione cv. precocissime
Bollettino 13 del 6 maggio 2026 di Bologna e Ferrara,986,KAKI,fioritura
Bollettino 13 del 6 maggio 2026 di Bologna e Ferrara,991,MELO,ingrossamento frutti
Bollettino 13 del 6 maggio 2026 di Bologna e Ferrara,1093,NOCE,da fine fioritura ad allegagione
Bollettino 13 del 6 maggio 2026 di Bologna e Ferrara,1126,OLIVO,mignolatura
Bollettino 13 del 6 maggio 2026 di Bologna e Ferrara,1131,PERO,accrescimento frutti
Bollettino 13 del 6 maggio 2026 di Bologna e Ferrara,1258,PESCO,ingrossamento frutti
Bollettino 13 del 6 maggio 2026 di Bologna e Ferrara,1345,SUSINO,ingrossamento frutti
Bollettino 13 del 6 maggio 2026 di Bologna e Ferrara,1381,VITE,racimoli separati
Bollettino 13 del 6 maggio 2026 di Bologna e Ferrara,1464,BARBABIETOLA,da 6 foglie a chiusura fila
Bollettino 13 del 6 maggio 2026 di Bologna e Ferrara,1501,COLZA,formazione silique
Bollettino 13 del 6 maggio 2026 di Bologna e Ferrara,1504,ERBA_MEDICA,Medica in produzione: accrescimento-sfalcio; Medica nuovo impianto: accrescimento
Bollettino 13 del 6 maggio 2026 di Bologna e Ferrara,1529,FRUMENTO,spigatura-fine fioritura
Bollettino 13 del 6 maggio 2026 di Bologna e Ferrara,1564,GIRASOLE,da cotiledoni a 2/4 foglie
Bollettino 13 del 6 maggio 2026 di Bologna e Ferrara,1619,MAIS,5/10 foglie
Bollettino 13 del 6 maggio 2026 di Bologna e Ferrara,1717,RISO,pre-semina a semina
Bollettino 13 del 6 maggio 2026 di Bologna e Ferrara,1785,SOIA,da pre-semina a prime foglie vere
Bollettino 13 del 6 maggio 2026 di Bologna e Ferrara,1855,SORGO,da 2 a 6 foglie
Bollettino 13 del 6 maggio 2026 di Bologna e Ferrara,1913,AGLIO,accrescimento bulbilli
Bollettino 13 del 6 maggio 2026 di Bologna e Ferrara,1924,ANGURIA,accrescimento
Bollettino 13 del 6 maggio 2026 di Bologna e Ferrara,1927,ASPARAGO,impianti in produzione: emissione turione
Bollettino 13 del 6 maggio 2026 di Bologna e Ferrara,1930,CAROTA,sviluppo vegetativo – ingrossamento fittone
Bollettino 13 del 6 maggio 2026 di Bologna e Ferrara,1971,CIPOLLA,Autunnale: accrescimento bulbi – Primaverile: 3/5 foglie
Bollettino 13 del 6 maggio 2026 di Bologna e Ferrara,2063,MELONE,accrescimento
Bollettino 13 del 6 maggio 2026 di Bologna e Ferrara,2066,PATATA,da 2° a chiusura fila
Bollettino 13 del 6 maggio 2026 di Bologna e Ferrara,2149,PISELLO,da sviluppo vegetativo a riempimento baccelli
Bollettino 13 del 6 maggio 2026 di Bologna e Ferrara,2202,POMODORO_INDUSTRIA,da pre-trapianto a inizio fioritura primo palco varietà precocissime
Bollettino 13 del 6 maggio 2026 di Bologna e Ferrara,2923,ACTINIDIA,fioritura
Bollettino 13 del 6 maggio 2026 di Bologna e Ferrara,2938,ALBICOCCO,indurimento nocciolo
Bollettino 13 del 6 maggio 2026 di Bologna e Ferrara,2976,CILIEGIO,accrescimento frutti-inizio maturazione cv. precocissime
Bollettino 13 del 6 maggio 2026 di Bologna e Ferrara,3001,KAKI,fioritura
Bollettino 13 del 6 maggio 2026 di Bologna e Ferrara,3004,MELO,ingrossamento frutti
Bollettino 13 del 6 maggio 2026 di Bologna e Ferrara,3082,NOCE,da fine fioritura ad allegagione
Bollettino 13 del 6 maggio 2026 di Bologna e Ferrara,3098,OLIVO,mignolatura
Bollettino 13 del 6 maggio 2026 di Bologna e Ferrara,3103,PERO,accrescimento frutti
Bollettino 13 del 6 maggio 2026 di Bologna e Ferrara,3189,PESCO,ingrossamento frutti
Bollettino 13 del 6 maggio 2026 di Bologna e Ferrara,3245,SUSINO,ingrossamento frutti
Bollettino 13 del 6 maggio 2026 di Bologna e Ferrara,3284,VITE,racimoli separati
Bollettino 13 del 6 maggio 2026 di Bologna e Ferrara,3332,BARBABIETOLA,da 6 foglie a chiusura fila
Bollettino 13 del 6 maggio 2026 di Bologna e Ferrara,3340,ERBA_MEDICA,Medica in produzione: accrescimento-sfalcio; Medica nuovo impianto: accrescimento
Bollettino 13 del 6 maggio 2026 di Bologna e Ferrara,3344,FRUMENTO,spigatura-fine fioritura
Bollettino 13 del 6 maggio 2026 di Bologna e Ferrara,3359,GIRASOLE,da cotiledoni a 2/4 foglie
Bollettino 13 del 6 maggio 2026 di Bologna e Ferrara,3367,MAIS,5/10 foglie
Bollettino 13 del 6 maggio 2026 di Bologna e Ferrara,3382,SOIA,da pre-semina a prime foglie vere
Bollettino 13 del 6 maggio 2026 di Bologna e Ferrara,3392,SORGO,da 2 a 6 foglie
Bollettino 13 del 6 maggio 2026 di Bologna e Ferrara,3429,ANGURIA,accrescimento
Bollettino 13 del 6 maggio 2026 di Bologna e Ferrara,3432,ASPARAGO,impianti in produzione: emissione turione
Bollettino 13 del 6 maggio 2026 di Bologna e Ferrara,3435,CAROTA,sviluppo vegetativo- ingrossamento fittone
Bollettino 13 del 6 maggio 2026 di Bologna e Ferrara,3441,CIPOLLA,Autunnale: accrescimento bulbi – Primaverile: 3/5 foglie
Bollettino 13 del 6 maggio 2026 di Bologna e Ferrara,3462,MELONE,accrescimento
Bollettino 13 del 6 maggio 2026 di Bologna e Ferrara,3465,PATATA,da 2° a 3°/4° palco fogliare
Bollettino 13 del 6 maggio 2026 di Bologna e Ferrara,3494,PISELLO,da emergenza a sviluppo vegetativo
Bollettino 13 del 6 maggio 2026 di Bologna e Ferrara,3504,POMODORO_INDUSTRIA,da pre-trapianto a inizio fioritura primo palco varietà precocissime
"Bollettino 13 del 6 maggio 2026 di Forlì-Cesena, Ravenna, Rimini",852,ACTINIDIA,da bottone bianco a fioritura
"Bollettino 13 del 6 maggio 2026 di Forlì-Cesena, Ravenna, Rimini",884,ALBICOCCO,indurimento nocciolo
"Bollettino 13 del 6 maggio 2026 di Forlì-Cesena, Ravenna, Rimini",940,CILIEGIO,da accrescimento frutti ad invaiatura
"Bollettino 13 del 6 maggio 2026 di Forlì-Cesena, Ravenna, Rimini",1004,KAKI,da bottoni fiorali ad inizio fioritura
"Bollettino 13 del 6 maggio 2026 di Forlì-Cesena, Ravenna, Rimini",1011,MELO,ingrossamento frutti
"Bollettino 13 del 6 maggio 2026 di Forlì-Cesena, Ravenna, Rimini",1124,NOCE,da fine fioritura ad allegagione
"Bollettino 13 del 6 maggio 2026 di Forlì-Cesena, Ravenna, Rimini",1161,OLIVO,mignolatura
"Bollettino 13 del 6 maggio 2026 di Forlì-Cesena, Ravenna, Rimini",1182,PERO,accrescimento frutti
"Bollettino 13 del 6 maggio 2026 di Forlì-Cesena, Ravenna, Rimini",1310,PESCO,ingrossamento frutti
"Bollettino 13 del 6 maggio 2026 di Forlì-Cesena, Ravenna, Rimini",1399,SUSINO,ingrossamento frutti
"Bollettino 13 del 6 maggio 2026 di Forlì-Cesena, Ravenna, Rimini",1442,VITE,da grappoli separati ad inizio bottoni fiorali separati
"Bollettino 13 del 6 maggio 2026 di Forlì-Cesena, Ravenna, Rimini",1520,BARBABIETOLA,da 6 foglie a chiusura fila
"Bollettino 13 del 6 maggio 2026 di Forlì-Cesena, Ravenna, Rimini",1557,COLZA,formazione silique
"Bollettino 13 del 6 maggio 2026 di Forlì-Cesena, Ravenna, Rimini",1560,ERBA_MEDICA,Medica in produzione: accrescimento-sfalcio; Medica nuovo impianto: sviluppo vegetativo
"Bollettino 13 del 6 maggio 2026 di Forlì-Cesena, Ravenna, Rimini",1595,FRUMENTO,spigatura-fine fioritura
"Bollettino 13 del 6 maggio 2026 di Forlì-Cesena, Ravenna, Rimini",1618,GIRASOLE,da cotiledoni a 2-4 foglie
"Bollettino 13 del 6 maggio 2026 di Forlì-Cesena, Ravenna, Rimini",1673,MAIS,3-10 foglie
"Bollettino 13 del 6 maggio 2026 di Forlì-Cesena, Ravenna, Rimini",1780,SOIA,da semina a prime foglie vere
"Bollettino 13 del 6 maggio 2026 di Forlì-Cesena, Ravenna, Rimini",1841,SORGO,2-6 foglie
"Bollettino 13 del 6 maggio 2026 di Forlì-Cesena, Ravenna, Rimini",1912,CIPOLLA,Autunnale: accrescimento bulbi – Primaverile: 3-5 foglie
"Bollettino 13 del 6 maggio 2026 di Forlì-Cesena, Ravenna, Rimini",2002,FRAGOLA,maturazione
"Bollettino 13 del 6 maggio 2026 di Forlì-Cesena, Ravenna, Rimini",2012,FRAGOLA,da invaiatura a maturazione
"Bollettino 13 del 6 maggio 2026 di Forlì-Cesena, Ravenna, Rimini",2026,PATATA,da 2° palco fogliare a chiusura fila
"Bollettino 13 del 6 maggio 2026 di Forlì-Cesena, Ravenna, Rimini",2117,PISELLO,da sviluppo vegetativo a riempimento baccelli
"Bollettino 13 del 6 maggio 2026 di Forlì-Cesena, Ravenna, Rimini",2171,POMODORO_INDUSTRIA,da pre-trapianto a inizio fioritura primo palco varietà precocissime
"Bollettino 13 del 6 maggio 2026 di Forlì-Cesena, Ravenna, Rimini",2895,ACTINIDIA,da bottoni fiorali ad inizio fioritura da bottone bianco a fioritura
"Bollettino 13 del 6 maggio 2026 di Forlì-Cesena, Ravenna, Rimini",2910,ALBICOCCO,indurimento nocciolo
"Bollettino 13 del 6 maggio 2026 di Forlì-Cesena, Ravenna, Rimini",2955,CILIEGIO,da accrescimento frutti ad invaiatura
"Bollettino 13 del 6 maggio 2026 di Forlì-Cesena, Ravenna, Rimini",3002,KAKI,da bottoni fiorali ad inizio fioritura
"Bollettino 13 del 6 maggio 2026 di Forlì-Cesena, Ravenna, Rimini",3007,MELO,da allegagione ad ingrossamento frutti
"Bollettino 13 del 6 maggio 2026 di Forlì-Cesena, Ravenna, Rimini",3084,NOCE,da fine fioritura ad allegagione
"Bollettino 13 del 6 maggio 2026 di Forlì-Cesena, Ravenna, Rimini",3112,OLIVO,mignolatura
"Bollettino 13 del 6 maggio 2026 di Forlì-Cesena, Ravenna, Rimini",3135,PERO,accrescimento frutti
"Bollettino 13 del 6 maggio 2026 di Forlì-Cesena, Ravenna, Rimini",3230,PESCO,ingrossamento frutti
"Bollettino 13 del 6 maggio 2026 di Forlì-Cesena, Ravenna, Rimini",3284,SUSINO,ingrossamento frutti
"Bollettino 13 del 6 maggio 2026 di Forlì-Cesena, Ravenna, Rimini",3322,VITE,da grappoli separati ad inizio bottoni fiorali separati
"Bollettino 13 del 6 maggio 2026 di Forlì-Cesena, Ravenna, Rimini",3370,BARBABIETOLA,da 6 foglie a chiusura fila
"Bollettino 13 del 6 maggio 2026 di Forlì-Cesena, Ravenna, Rimini",3380,ERBA_MEDICA,Medica in produzione: accrescimento-sfalcio; Medica nuovo impianto: sviluppo vegetativo
"Bollettino 13 del 6 maggio 2026 di Forlì-Cesena, Ravenna, Rimini",3384,FRUMENTO,spigatura-fine fioritura
"Bollettino 13 del 6 maggio 2026 di Forlì-Cesena, Ravenna, Rimini",3398,GIRASOLE,da cotiledoni a 2-4 foglie
"Bollettino 13 del 6 maggio 2026 di Forlì-Cesena, Ravenna, Rimini",3415,MAIS,3-10 foglie
"Bollettino 13 del 6 maggio 2026 di Forlì-Cesena, Ravenna, Rimini",3420,SOIA,da semina a prime foglie vere
"Bollettino 13 del 6 maggio 2026 di Forlì-Cesena, Ravenna, Rimini",3430,SORGO,2-6 foglie
"Bollettino 13 del 6 maggio 2026 di Forlì-Cesena, Ravenna, Rimini",3468,CIPOLLA,Autunnale: accrescimento bulbi – Primaverile: 2-5 foglie
"Bollettino 13 del 6 maggio 2026 di Forlì-Cesena, Ravenna, Rimini",3489,FRAGOLA,maturazione
"Bollettino 13 del 6 maggio 2026 di Forlì-Cesena, Ravenna, Rimini",3505,FRAGOLA,da invaiatura a maturazione
"Bollettino 13 del 6 maggio 2026 di Forlì-Cesena, Ravenna, Rimini",3512,PATATA,da 2° palco fogliare a chiusura fila
"Bollettino 13 del 6 maggio 2026 di Forlì-Cesena, Ravenna, Rimini",3542,PISELLO,da emergenza a sviluppo vegetativo
"Bollettino 13 del 6 maggio 2026 di Forlì-Cesena, Ravenna, Rimini",3562,POMODORO_INDUSTRIA,da pre-trapianto a inizio fioritura primo palco varietà precocissime
Bollettino 13 del 8 maggio 2026 di Piacenza,940,ALBICOCCO,indurimento nocciolo
Bollettino 13 del 8 maggio 2026 di Piacenza,983,CILIEGIO,da accrescimento frutti a invaiatura
Bollettino 13 del 8 maggio 2026 di Piacenza,1031,MELO,ingrossamento frutti
Bollettino 13 del 8 maggio 2026 di Piacenza,1125,PERO,accrescimento frutto
Bollettino 13 del 8 maggio 2026 di Piacenza,1240,PESCO,ingrossamento frutto
Bollettino 13 del 8 maggio 2026 di Piacenza,1302,SUSINO,ingrossamento frutti
Bollettino 13 del 8 maggio 2026 di Piacenza,1335,OLIVO,mignolatura
Bollettino 13 del 8 maggio 2026 di Piacenza,1361,VITE,da grappoli separati a bottoni fiorali separati
Bollettino 13 del 8 maggio 2026 di Piacenza,1464,BARBABIETOLA,da 6 foglie a chiusura fila
Bollettino 13 del 8 maggio 2026 di Piacenza,1516,ERBA_MEDICA,medica in produzione: sfalcio; medica nuovo impianto: sviluppo vegetativo
Bollettino 13 del 8 maggio 2026 di Piacenza,1530,FRUMENTO,da fioritura a inizio maturazione lattea
Bollettino 13 del 8 maggio 2026 di Piacenza,1564,GIRASOLE,da emergenza a 2/4 foglie
Bollettino 13 del 8 maggio 2026 di Piacenza,1624,MAIS,da emergenza a 7 foglie
Bollettino 13 del 8 maggio 2026 di Piacenza,1767,SOIA,da pre-semina a emergenza
Bollettino 13 del 8 maggio 2026 di Piacenza,1827,AGLIO,accrescimento bulbilli
Bollettino 13 del 8 maggio 2026 di Piacenza,1837,BASILICO,da pre-emergenza a prime foglie vere
Bollettino 13 del 8 maggio 2026 di Piacenza,1873,CIPOLLA,Autunnale: accrescimento bulbi; Primaverile: 3-5 foglie
Bollettino 13 del 8 maggio 2026 di Piacenza,1938,PISELLO,da emergenza a sviluppo vegetativo
Bollettino 13 del 8 maggio 2026 di Piacenza,1993,POMODORO_INDUSTRIA,pre-trapianto – allegagione 1° palco/fioritura 2° palco
Bollettino 13 del 8 maggio 2026 di Piacenza,2746,ALBICOCCO,indurimento nocciolo
Bollettino 13 del 8 maggio 2026 di Piacenza,2768,CILIEGIO,da accrescimento frutti a invaiatura
Bollettino 13 del 8 maggio 2026 di Piacenza,2798,MELO,ingrossamento frutti
Bollettino 13 del 8 maggio 2026 di Piacenza,2850,PERO,accrescimento frutto
Bollettino 13 del 8 maggio 2026 di Piacenza,2909,PESCO,ingrossamento frutto
Bollettino 13 del 8 maggio 2026 di Piacenza,2950,SUSINO,ingrossamento frutti
Bollettino 13 del 8 maggio 2026 di Piacenza,2964,OLIVO,mignolatura
Bollettino 13 del 8 maggio 2026 di Piacenza,2992,VITE,da grappoli separati a bottoni fiorali separati
Bollettino 13 del 8 maggio 2026 di Piacenza,3062,ERBA_MEDICA,medica in produzione: sfalcio; medica nuovo impianto: sviluppo vegetativo
Bollettino 13 del 8 maggio 2026 di Piacenza,3065,FRUMENTO,da fioritura a inizio maturazione lattea
Bollettino 13 del 8 maggio 2026 di Piacenza,3089,GIRASOLE,da emergenza a 2/4 foglie
Bollettino 13 del 8 maggio 2026 di Piacenza,3117,PATATA,da emergenza a 3° palco fogliare
Bollettino 13 del 8 maggio 2026 di Piacenza,3142,POMODORO_INDUSTRIA,pre-trapianto – inizio fioritura 1° palco
Bollettino 13 dell'8 maggio 2026 di Parma,925,ALBICOCCO,indurimento nocciolo
Bollettino 13 dell'8 maggio 2026 di Parma,968,CILIEGIO,da accrescimento frutti a invaiatura
Bollettino 13 dell'8 maggio 2026 di Parma,1016,MELO,ingrossamento frutti
Bollettino 13 dell'8 maggio 2026 di Parma,1100,PERO,accrescimento frutto
Bollettino 13 dell'8 maggio 2026 di Parma,1214,PESCO,ingrossamento frutto
Bollettino 13 dell'8 maggio 2026 di Parma,1285,SUSINO,ingrossamento frutto
Bollettino 13 dell'8 maggio 2026 di Parma,1309,OLIVO,mignolatura
Bollettino 13 dell'8 maggio 2026 di Parma,1335,VITE,da grappoli separati a bottoni fiorali separati
Bollettino 13 dell'8 maggio 2026 di Parma,1431,BARBABIETOLA,da 6 foglie a chiusura fila
Bollettino 13 dell'8 maggio 2026 di Parma,1487,ERBA_MEDICA,medica in produzione: sfalcio; medica nuovo impianto: sviluppo vegetativo
Bollettino 13 dell'8 maggio 2026 di Parma,1500,FRUMENTO,da fioritura a inizio maturazione lattea
Bollettino 13 dell'8 maggio 2026 di Parma,1535,GIRASOLE,da emergenza a 2-4 foglie
Bollettino 13 dell'8 maggio 2026 di Parma,1592,MAIS,da emergenza a 6 foglie
Bollettino 13 dell'8 maggio 2026 di Parma,1736,SOIA,da pre-semina a emergenza
Bollettino 13 dell'8 maggio 2026 di Parma,1799,BASILICO,da pre-emergenza a prime foglie vere
Bollettino 13 dell'8 maggio 2026 di Parma,1833,CIPOLLA,3-5 foglie
Bollettino 13 dell'8 maggio 2026 di Parma,1904,POMODORO_INDUSTRIA,pre-trapianto – allegagione 1° palco/fioritura 2° palco
Bollettino 13 dell'8 maggio 2026 di Parma,2655,ALBICOCCO,indurimento nocciolo
Bollettino 13 dell'8 maggio 2026 di Parma,2678,CILIEGIO,da accrescimento frutti a invaiatura
Bollettino 13 dell'8 maggio 2026 di Parma,2710,MELO,ingrossamento frutti
Bollettino 13 dell'8 maggio 2026 di Parma,2761,PERO,accrescimento frutto
Bollettino 13 dell'8 maggio 2026 di Parma,2819,PESCO,ingrossamento frutto
Bollettino 13 dell'8 maggio 2026 di Parma,2859,SUSINO,ingrossamento frutto
Bollettino 13 dell'8 maggio 2026 di Parma,2872,OLIVO,mignolatura
Bollettino 13 dell'8 maggio 2026 di Parma,2900,VITE,da grappoli separati a bottoni fiorali separati
Bollettino 13 dell'8 maggio 2026 di Parma,2960,ERBA_MEDICA,medica in produzione: sfalcio; medica nuovo impianto: sviluppo vegetativo
Bollettino 13 dell'8 maggio 2026 di Parma,2963,FRUMENTO,da fioritura a inizio maturazione lattea
Bollettino 13 dell'8 maggio 2026 di Parma,2989,GIRASOLE,da emergenza a 2-4 foglie
Bollettino 13 dell'8 maggio 2026 di Parma,3027,PATATA,da emergenza a 3° palco fogliare
Bollettino 13 dell'8 maggio 2026 di Parma,3041,POMODORO_INDUSTRIA,pre-trapianto – inizio fioritura 1° palco
Bollettino 14 del 12 maggio 2026 Modena,844,ALBICOCCO,indurimento nocciolo- inizio maturazione cv.precoci
Bollettino 14 del 12 maggio 2026 Modena,901,CILIEGIO,ingrossamento frutti- maturazione cv.precoci
Bollettino 14 del 12 maggio 2026 Modena,948,KAKI,bottone fiorale-inizio fioritura
Bollettino 14 del 12 maggio 2026 Modena,965,MELO,accrescimento frutti
Bollettino 14 del 12 maggio 2026 Modena,1088,OLIVO,mignolatura
Bollettino 14 del 12 maggio 2026 Modena,1125,PERO,ingrossamento frutti
Bollettino 14 del 12 maggio 2026 Modena,1262,PESCO,ingrossamento frutti
Bollettino 14 del 12 maggio 2026 Modena,1340,SUSINO,ingrossamento frutti
Bollettino 14 del 12 maggio 2026 Modena,1363,VITE,bottoni fiorali separati-inizio fioritura
Bollettino 14 del 12 maggio 2026 Modena,1466,BARBABIETOLA,8 foglie - chiusura interfila
Bollettino 14 del 12 maggio 2026 Modena,1502,COLZA,formazione silique
Bollettino 14 del 12 maggio 2026 Modena,1506,ERBA_MEDICA,Medica in produzione: sfalcio; Medica nuovo impianto: accrescimento
Bollettino 14 del 12 maggio 2026 Modena,1540,FRUMENTO,fine fioritura-maturazione lattea
Bollettino 14 del 12 maggio 2026 Modena,1562,GIRASOLE,2-4 foglie
Bollettino 14 del 12 maggio 2026 Modena,1617,MAIS,4-8 foglie
Bollettino 14 del 12 maggio 2026 Modena,1729,SOIA,emergenza-2/3foglie
Bollettino 14 del 12 maggio 2026 Modena,1772,SORGO,4-6 foglie
Bollettino 14 del 12 maggio 2026 Modena,1824,ANGURIA,accrescimento
Bollettino 14 del 12 maggio 2026 Modena,1867,MELONE,accrescimento
Bollettino 14 del 12 maggio 2026 Modena,1922,POMODORO_INDUSTRIA,pre trapianto-allegagione primo palco - fioritura secondo palco
Bollettino 14 del 12 maggio 2026 Modena,2644,ALBICOCCO,indurimento nocciolo- inizio maturazione cv.precoci
Bollettino 14 del 12 maggio 2026 Modena,2669,CILIEGIO,ingrossamento frutti-inizio maturazione cv.precoci
Bollettino 14 del 12 maggio 2026 Modena,2696,KAKI,bottone fiorale-inizio fioritura
Bollettino 14 del 12 maggio 2026 Modena,2703,MELO,accrescimento frutti
Bollettino 14 del 12 maggio 2026 Modena,2813,OLIVO,mignolatura
Bollettino 14 del 12 maggio 2026 Modena,2850,PERO,ingrossamento frutti
Bollettino 14 del 12 maggio 2026 Modena,2927,PESCO,ingrossamento frutti
Bollettino 14 del 12 maggio 2026 Modena,2971,SUSINO,ingrossamento frutti
Bollettino 14 del 12 maggio 2026 Modena,2991,VITE,grappoli separati – inizio bottoni fiorali separati
Bollettino 14 del 12 maggio 2026 Modena,3057,FRUMENTO,fine fioritura-maturazione lattea
Bollettino 14 del 12 maggio 2026 Modena,3060,BARBABIETOLA,6-8 foglie vere-chiusura interfila
Bollettino 14 del 12 maggio 2026 Modena,3067,ERBA_MEDICA,impianti vecchi sfalcio-impianti nuovi sviluppo vegetativo
Bollettino 14 del 12 maggio 2026 Modena,3070,GIRASOLE,emergenza-2 foglie
Bollettino 14 del 12 maggio 2026 Modena,3076,MAIS,4-8 foglie
Bollettino 14 del 12 maggio 2026 Modena,3092,SOIA,emergenza-prime foglie
Bollettino 14 del 12 maggio 2026 Modena,3134,ANGURIA,accrescimento
Bollettino 14 del 12 maggio 2026 Modena,3151,MELONE,accrescimento-maturazione
Bollettino 14 del 12 maggio 2026 Modena,3180,POMODORO_INDUSTRIA,pre-trapianto-allegagione primo palco fioritura secondo palco
Bollettino 14 del 13 maggio 2026 di Bologna e Ferrara,854,ACTINIDIA,da fioritura ad allegagione
Bollettino 14 del 13 maggio 2026 di Bologna e Ferrara,877,ALBICOCCO,da indurimento nocciolo a inizio maturazione
Bollettino 14 del 13 maggio 2026 di Bologna e Ferrara,955,CILIEGIO,da accrescimento frutti a maturazione
Bollettino 14 del 13 maggio 2026 di Bologna e Ferrara,1013,KAKI,fioritura
Bollettino 14 del 13 maggio 2026 di Bologna e Ferrara,1018,MELO,ingrossamento frutti
Bollettino 14 del 13 maggio 2026 di Bologna e Ferrara,1129,NOCE,allegagione
Bollettino 14 del 13 maggio 2026 di Bologna e Ferrara,1170,OLIVO,mignolatura
Bollettino 14 del 13 maggio 2026 di Bologna e Ferrara,1175,PERO,accrescimento frutti
Bollettino 14 del 13 maggio 2026 di Bologna e Ferrara,1311,PESCO,ingrossamento frutti
Bollettino 14 del 13 maggio 2026 di Bologna e Ferrara,1400,SUSINO,ingrossamento frutti
Bollettino 14 del 13 maggio 2026 di Bologna e Ferrara,1441,VITE,da racimoli separati a inizio bottoni fiorali separati
Bollettino 14 del 13 maggio 2026 di Bologna e Ferrara,1520,BARBABIETOLA,chiusura fila
Bollettino 14 del 13 maggio 2026 di Bologna e Ferrara,1556,ERBA_MEDICA,Medica in produzione: accrescimento-sfalcio; Medica nuovo impianto: accrescimento
Bollettino 14 del 13 maggio 2026 di Bologna e Ferrara,1583,FRUMENTO,da fioritura a maturazione lattea
Bollettino 14 del 13 maggio 2026 di Bologna e Ferrara,1586,GIRASOLE,2/6 foglie
Bollettino 14 del 13 maggio 2026 di Bologna e Ferrara,1642,MAIS,6/10 foglie
Bollettino 14 del 13 maggio 2026 di Bologna e Ferrara,1747,RISO,pre-semina a pre-emergenza
Bollettino 14 del 13 maggio 2026 di Bologna e Ferrara,1814,SOIA,da emergenza a prime foglie vere
Bollettino 14 del 13 maggio 2026 di Bologna e Ferrara,1890,SORGO,4/6 foglie
Bollettino 14 del 13 maggio 2026 di Bologna e Ferrara,1934,AGLIO,accrescimento bulbilli
Bollettino 14 del 13 maggio 2026 di Bologna e Ferrara,1955,ANGURIA,accrescimento
Bollettino 14 del 13 maggio 2026 di Bologna e Ferrara,1988,CAROTA,ingrossamento fittone
Bollettino 14 del 13 maggio 2026 di Bologna e Ferrara,2012,CIPOLLA,Autunnale: accrescimento bulbi/inizio raccolta – Primaverile: 4/6 foglie
Bollettino 14 del 13 maggio 2026 di Bologna e Ferrara,2097,MELONE,accrescimento
Bollettino 14 del 13 maggio 2026 di Bologna e Ferrara,2152,PATATA,da 2° palco ad ingrossamento tuberi
Bollettino 14 del 13 maggio 2026 di Bologna e Ferrara,2246,PISELLO,da sviluppo vegetativo a riempimento baccelli
Bollettino 14 del 13 maggio 2026 di Bologna e Ferrara,2302,POMODORO_INDUSTRIA,pre-trapianto - allegagione primo palco - fioritura secondo palco
Bollettino 14 del 13 maggio 2026 di Bologna e Ferrara,3025,ACTINIDIA,da fioritura ad allegagione
Bollettino 14 del 13 maggio 2026 di Bologna e Ferrara,3039,ALBICOCCO,da indurimento nocciolo a inizio maturazione
Bollettino 14 del 13 maggio 2026 di Bologna e Ferrara,3085,CILIEGIO,da accrescimento frutti a maturazione
Bollettino 14 del 13 maggio 2026 di Bologna e Ferrara,3108,KAKI,fioritura
Bollettino 14 del 13 maggio 2026 di Bologna e Ferrara,3111,MELO,ingrossamento frutti
Bollettino 14 del 13 maggio 2026 di Bologna e Ferrara,3202,NOCE,allegagione
Bollettino 14 del 13 maggio 2026 di Bologna e Ferrara,3219,OLIVO,mignolatura
Bollettino 14 del 13 maggio 2026 di Bologna e Ferrara,3234,PERO,accrescimento frutti
Bollettino 14 del 13 maggio 2026 di Bologna e Ferrara,3312,PESCO,ingrossamento frutti
Bollettino 14 del 13 maggio 2026 di Bologna e Ferrara,3368,SUSINO,ingrossamento frutti
Bollettino 14 del 13 maggio 2026 di Bologna e Ferrara,3401,VITE,da racimoli separati a inizio bottoni fiorali separati
Bollettino 14 del 13 maggio 2026 di Bologna e Ferrara,3447,BARBABIETOLA,chiusura fila
Bollettino 14 del 13 maggio 2026 di Bologna e Ferrara,3455,MAIS,6/10 foglie
Bollettino 14 del 13 maggio 2026 di Bologna e Ferrara,3495,ANGURIA,accrescimento
Bollettino 14 del 13 maggio 2026 di Bologna e Ferrara,3512,CAROTA,sviluppo vegetativo- ingrossamento fittone
Bollettino 14 del 13 maggio 2026 di Bologna e Ferrara,3518,CIPOLLA,Autunnale: accrescimento bulbi/inizio raccolta – Primaverile: 4/6 foglie
Bollettino 14 del 13 maggio 2026 di Bologna e Ferrara,3551,MELONE,accrescimento
Bollettino 14 del 13 maggio 2026 di Bologna e Ferrara,3570,PATATA,da 2° palco ad ingrossamento tuberi
Bollettino 14 del 13 maggio 2026 di Bologna e Ferrara,3602,PISELLO,da sviluppo vegetativo a riempimento baccelli
Bollettino 14 del 13 maggio 2026 di Bologna e Ferrara,3608,POMODORO_INDUSTRIA,pre-trapianto - allegagione primo palco - fioritura secondo palco
"Bollettino 14 del 13 maggio 2026 di Forlì-Cesena, Ravenna, Rimini",873,ACTINIDIA,da fioritura ad ingrossamento frutti
"Bollettino 14 del 13 maggio 2026 di Forlì-Cesena, Ravenna, Rimini",895,ALBICOCCO,da indurimento nocciolo ad inizio maturazione
"Bollettino 14 del 13 maggio 2026 di Forlì-Cesena, Ravenna, Rimini",968,CILIEGIO,da accrescimento frutti a maturazione
"Bollettino 14 del 13 maggio 2026 di Forlì-Cesena, Ravenna, Rimini",1030,KAKI,da bottoni fiorali a fioritura
"Bollettino 14 del 13 maggio 2026 di Forlì-Cesena, Ravenna, Rimini",1037,MELO,ingrossamento frutti
"Bollettino 14 del 13 maggio 2026 di Forlì-Cesena, Ravenna, Rimini",1153,NOCE,allegagione
"Bollettino 14 del 13 maggio 2026 di Forlì-Cesena, Ravenna, Rimini",1199,OLIVO,mignolatura
"Bollettino 14 del 13 maggio 2026 di Forlì-Cesena, Ravenna, Rimini",1220,PERO,accrescimento frutti
"Bollettino 14 del 13 maggio 2026 di Forlì-Cesena, Ravenna, Rimini",1369,PESCO,ingrossamento frutti
"Bollettino 14 del 13 maggio 2026 di Forlì-Cesena, Ravenna, Rimini",1452,SUSINO,ingrossamento frutti
"Bollettino 14 del 13 maggio 2026 di Forlì-Cesena, Ravenna, Rimini",1494,VITE,da grappoli separati ad inizio fioritura
"Bollettino 14 del 13 maggio 2026 di Forlì-Cesena, Ravenna, Rimini",1594,BARBABIETOLA,chiusura fila
"Bollettino 14 del 13 maggio 2026 di Forlì-Cesena, Ravenna, Rimini",1620,COLZA,formazione silique
"Bollettino 14 del 13 maggio 2026 di Forlì-Cesena, Ravenna, Rimini",1623,ERBA_MEDICA,Medica in produzione: accrescimento-sfalcio; Medica nuovo impianto: sviluppo vegetativo
"Bollettino 14 del 13 maggio 2026 di Forlì-Cesena, Ravenna, Rimini",1661,FRUMENTO,da fioritura a maturazione lattea
"Bollettino 14 del 13 maggio 2026 di Forlì-Cesena, Ravenna, Rimini",1689,GIRASOLE,da cotiledoni a 2-6 foglie
"Bollettino 14 del 13 maggio 2026 di Forlì-Cesena, Ravenna, Rimini",1733,MAIS,6-12 foglie
"Bollettino 14 del 13 maggio 2026 di Forlì-Cesena, Ravenna, Rimini",1847,SOIA,da pre-semina a prime foglie vere
"Bollettino 14 del 13 maggio 2026 di Forlì-Cesena, Ravenna, Rimini",1933,SORGO,4-6 foglie
"Bollettino 14 del 13 maggio 2026 di Forlì-Cesena, Ravenna, Rimini",1991,CIPOLLA,Autunnale: da accrescimento bulbi ad inizio raccolta – Primaverile: 4-6 foglie
"Bollettino 14 del 13 maggio 2026 di Forlì-Cesena, Ravenna, Rimini",2095,FRAGOLA,maturazione
"Bollettino 14 del 13 maggio 2026 di Forlì-Cesena, Ravenna, Rimini",2105,FRAGOLA,maturazione
"Bollettino 14 del 13 maggio 2026 di Forlì-Cesena, Ravenna, Rimini",2115,PATATA,da 2° palco fogliare a chiusura fila
"Bollettino 14 del 13 maggio 2026 di Forlì-Cesena, Ravenna, Rimini",2209,PISELLO,da sviluppo vegetativo a riempimento baccelli
"Bollettino 14 del 13 maggio 2026 di Forlì-Cesena, Ravenna, Rimini",2264,POMODORO_INDUSTRIA,da pre-trapianto a fioritura secondo palco
"Bollettino 14 del 13 maggio 2026 di Forlì-Cesena, Ravenna, Rimini",3011,ACTINIDIA,da fioritura ad ingrossamento frutti
"Bollettino 14 del 13 maggio 2026 di Forlì-Cesena, Ravenna, Rimini",3026,ALBICOCCO,da indurimento nocciolo ad inizio maturazione
"Bollettino 14 del 13 maggio 2026 di Forlì-Cesena, Ravenna, Rimini",3072,CILIEGIO,da accrescimento frutti a maturazione
"Bollettino 14 del 13 maggio 2026 di Forlì-Cesena, Ravenna, Rimini",3114,KAKI,da bottoni fiorali a fioritura
"Bollettino 14 del 13 maggio 2026 di Forlì-Cesena, Ravenna, Rimini",3118,MELO,da allegagione ad ingrossamento frutti
"Bollettino 14 del 13 maggio 2026 di Forlì-Cesena, Ravenna, Rimini",3213,NOCE,allegagione
"Bollettino 14 del 13 maggio 2026 di Forlì-Cesena, Ravenna, Rimini",3238,OLIVO,mignolatura
"Bollettino 14 del 13 maggio 2026 di Forlì-Cesena, Ravenna, Rimini",3272,PERO,accrescimento frutti
"Bollettino 14 del 13 maggio 2026 di Forlì-Cesena, Ravenna, Rimini",3376,PESCO,ingrossamento frutti
"Bollettino 14 del 13 maggio 2026 di Forlì-Cesena, Ravenna, Rimini",3433,SUSINO,ingrossamento frutti
"Bollettino 14 del 13 maggio 2026 di Forlì-Cesena, Ravenna, Rimini",3461,VITE,da grappoli separati ad inizio fioritura
"Bollettino 14 del 13 maggio 2026 di Forlì-Cesena, Ravenna, Rimini",3514,BARBABIETOLA,chiusura fila
"Bollettino 14 del 13 maggio 2026 di Forlì-Cesena, Ravenna, Rimini",3535,ERBA_MEDICA,Medica in produzione: accrescimento-sfalcio; Medica nuovo impianto: sviluppo vegetativo
"Bollettino 14 del 13 maggio 2026 di Forlì-Cesena, Ravenna, Rimini",3539,FRUMENTO,da fioritura a maturazione lattea
"Bollettino 14 del 13 maggio 2026 di Forlì-Cesena, Ravenna, Rimini",3549,GIRASOLE,da cotiledoni a 2-6 foglie
"Bollettino 14 del 13 maggio 2026 di Forlì-Cesena, Ravenna, Rimini",3554,MAIS,6-12 foglie
"Bollettino 14 del 13 maggio 2026 di Forlì-Cesena, Ravenna, Rimini",3559,SOIA,da semina a prime foglie vere
"Bollettino 14 del 13 maggio 2026 di Forlì-Cesena, Ravenna, Rimini",3578,SORGO,4-6 foglie
"Bollettino 14 del 13 maggio 2026 di Forlì-Cesena, Ravenna, Rimini",3618,CIPOLLA,Autunnale: accrescimento bulbi ad inizio raccolta– Primaverile: 4-6 foglie
"Bollettino 14 del 13 maggio 2026 di Forlì-Cesena, Ravenna, Rimini",3640,FRAGOLA,maturazione
"Bollettino 14 del 13 maggio 2026 di Forlì-Cesena, Ravenna, Rimini",3646,FRAGOLA,maturazione
"Bollettino 14 del 13 maggio 2026 di Forlì-Cesena, Ravenna, Rimini",3662,PATATA,da 2° palco fogliare a chiusura fila
"Bollettino 14 del 13 maggio 2026 di Forlì-Cesena, Ravenna, Rimini",3692,PISELLO,da emergenza a sviluppo vegetativo
"Bollettino 14 del 13 maggio 2026 di Forlì-Cesena, Ravenna, Rimini",3698,POMODORO_INDUSTRIA,da pre-trapianto a fioritura secondo palco
Bollettino 14 del 14 maggio 2026 Reggio Emilia,849,MELO,accrescimento frutti
Bollettino 14 del 14 maggio 2026 Reggio Emilia,975,OLIVO,mignolatura
Bollettino 14 del 14 maggio 2026 Reggio Emilia,1003,PERO,ingrossamento frutti
Bollettino 14 del 14 maggio 2026 Reggio Emilia,1144,VITE,bottoni fiorali separati-inizio fioritura
Bollettino 14 del 14 maggio 2026 Reggio Emilia,1245,BARBABIETOLA,8 foglie - chiusura interfila
Bollettino 14 del 14 maggio 2026 Reggio Emilia,1271,COLZA,formazione silique
Bollettino 14 del 14 maggio 2026 Reggio Emilia,1275,ERBA_MEDICA,Medica in produzione: sfalcio; Medica nuovo impianto: accrescimento
Bollettino 14 del 14 maggio 2026 Reggio Emilia,1309,FRUMENTO,fine fioritura-maturazione lattea
Bollettino 14 del 14 maggio 2026 Reggio Emilia,1316,GIRASOLE,2-4 foglie
Bollettino 14 del 14 maggio 2026 Reggio Emilia,1372,MAIS,4-8 foglie
Bollettino 14 del 14 maggio 2026 Reggio Emilia,1488,SOIA,emergenza-2/3foglie
Bollettino 14 del 14 maggio 2026 Reggio Emilia,1531,SORGO,4-6 foglie
Bollettino 14 del 14 maggio 2026 Reggio Emilia,1584,ANGURIA,accrescimento- allegagione
Bollettino 14 del 14 maggio 2026 Reggio Emilia,1600,MELONE,accrescimento-allegagione
Bollettino 14 del 14 maggio 2026 Reggio Emilia,1609,ANGURIA,accrescimento
Bollettino 14 del 14 maggio 2026 Reggio Emilia,1653,MELONE,accrescimento
Bollettino 14 del 14 maggio 2026 Reggio Emilia,1718,POMODORO_INDUSTRIA,pre trapianto-allegagione primo palco - fioritura secondo palco
Bollettino 14 del 14 maggio 2026 Reggio Emilia,2458,MELO,accrescimento frutti
Bollettino 14 del 14 maggio 2026 Reggio Emilia,2541,OLIVO,mignolatura
Bollettino 14 del 14 maggio 2026 Reggio Emilia,2578,PERO,ingrossamento frutti
Bollettino 14 del 14 maggio 2026 Reggio Emilia,2651,VITE,bottoni fiorali separati-inizio fioritura
Bollettino 14 del 14 maggio 2026 Reggio Emilia,2716,FRUMENTO,fine fioritura-maturazione lattea
Bollettino 14 del 14 maggio 2026 Reggio Emilia,2719,BARBABIETOLA,6-8 foglie vere-chiusura interfila
Bollettino 14 del 14 maggio 2026 Reggio Emilia,2726,ERBA_MEDICA,impianti vecchi sfalcio-impianti nuovi sviluppo vegetativo
Bollettino 14 del 14 maggio 2026 Reggio Emilia,2729,GIRASOLE,emergenza-2 foglie
Bollettino 14 del 14 maggio 2026 Reggio Emilia,2735,MAIS,4-8 foglie
Bollettino 14 del 14 maggio 2026 Reggio Emilia,2741,SOIA,emergenza-prime foglie
Bollettino 14 del 14 maggio 2026 Reggio Emilia,2783,ANGURIA,accrescimento
Bollettino 14 del 14 maggio 2026 Reggio Emilia,2806,MELONE,accrescimento
Bollettino 14 del 14 maggio 2026 Reggio Emilia,2813,ANGURIA,accrescimento
Bollettino 14 del 14 maggio 2026 Reggio Emilia,2830,MELONE,accrescimento
Bollettino 14 del 14 maggio 2026 Reggio Emilia,2859,POMODORO_INDUSTRIA,pre-trapianto-allegagione primo palco fioritura secondo palco
Bollettino 14 del 15 maggio 2026 di Parma,903,ALBICOCCO,indurimento nocciolo
Bollettino 14 del 15 maggio 2026 di Parma,946,CILIEGIO,da accrescimento frutti a inizio maturazione
Bollettino 14 del 15 maggio 2026 di Parma,992,MELO,ingrossamento frutti
Bollettino 14 del 15 maggio 2026 di Parma,1086,PERO,accrescimento frutti
Bollettino 14 del 15 maggio 2026 di Parma,1202,PESCO,ingrossamento frutti
Bollettino 14 del 15 maggio 2026 di Parma,1264,SUSINO,ingrossamento frutti
Bollettino 14 del 15 maggio 2026 di Parma,1292,OLIVO,da mignolatura a inizio fioritura
Bollettino 14 del 15 maggio 2026 di Parma,1308,VITE,da bottoni fiorali separati a inizio fioritura
Bollettino 14 del 15 maggio 2026 di Parma,1415,BARBABIETOLA,da 8 foglie a chiusura tra le file
Bollettino 14 del 15 maggio 2026 di Parma,1472,ERBA_MEDICA,medica in produzione: sfalcio; medica nuovo impianto: sviluppo vegetativo
Bollettino 14 del 15 maggio 2026 di Parma,1491,FRUMENTO,da maturazione lattea a maturazione cerosa
Bollettino 14 del 15 maggio 2026 di Parma,1494,GIRASOLE,da emergenza a 4-6 foglie
Bollettino 14 del 15 maggio 2026 di Parma,1548,MAIS,1-7 foglie
Bollettino 14 del 15 maggio 2026 di Parma,1687,SOIA,da pre-emergenza a prima foglia trifogliata
Bollettino 14 del 15 maggio 2026 di Parma,1752,BASILICO,da pre-emergenza a prime foglie vere
Bollettino 14 del 15 maggio 2026 di Parma,1788,CIPOLLA,da 4-5 foglie a inizio ingrossamento bulbo
Bollettino 14 del 15 maggio 2026 di Parma,1852,POMODORO_INDUSTRIA,pre-trapianto – allegagione 2° palco/fioritura 3° palco
Bollettino 14 del 15 maggio 2026 di Parma,2609,ALBICOCCO,indurimento nocciolo
Bollettino 14 del 15 maggio 2026 di Parma,2632,CILIEGIO,da accrescimento frutti a inizio maturazione
Bollettino 14 del 15 maggio 2026 di Parma,2661,MELO,ingrossamento frutti
Bollettino 14 del 15 maggio 2026 di Parma,2719,PERO,accrescimento frutti
Bollettino 14 del 15 maggio 2026 di Parma,2783,PESCO,ingrossamento frutti
Bollettino 14 del 15 maggio 2026 di Parma,2822,SUSINO,ingrossamento frutti
Bollettino 14 del 15 maggio 2026 di Parma,2834,OLIVO,da mignolatura a inizio fioritura
Bollettino 14 del 15 maggio 2026 di Parma,2862,VITE,da bottoni fiorali separati a inizio fioritura
Bollettino 14 del 15 maggio 2026 di Parma,2928,ERBA_MEDICA,medica in produzione: sfalcio; medica nuovo impianto: sviluppo vegetativo
Bollettino 14 del 15 maggio 2026 di Parma,2931,FRUMENTO,da maturazione lattea a maturazione cerosa
Bollettino 14 del 15 maggio 2026 di Parma,2934,GIRASOLE,da emergenza a 4-6 foglie
Bollettino 14 del 15 maggio 2026 di Parma,2975,PATATA,da 1° palco fogliare a inizio fioritura
Bollettino 14 del 15 maggio 2026 di Parma,2997,POMODORO_INDUSTRIA,pre-trapianto – inizio fioritura 2° palco
Bollettino 14 del 15 maggio 2026 di Piacenza,934,ALBICOCCO,indurimento nocciolo
Bollettino 14 del 15 maggio 2026 di Piacenza,977,CILIEGIO,da accrescimento frutti a maturazione
Bollettino 14 del 15 maggio 2026 di Piacenza,1024,MELO,ingrossamento frutti
Bollettino 14 del 15 maggio 2026 di Piacenza,1115,PERO,accrescimento frutto
Bollettino 14 del 15 maggio 2026 di Piacenza,1232,PESCO,ingrossamento frutto
Bollettino 14 del 15 maggio 2026 di Piacenza,1294,SUSINO,ingrossamento frutti
Bollettino 14 del 15 maggio 2026 di Piacenza,1323,OLIVO,da mignolatura a inizi fioritura
Bollettino 14 del 15 maggio 2026 di Piacenza,1339,VITE,da bottoni fiorali separati a inizio fioritura
Bollettino 14 del 15 maggio 2026 di Piacenza,1448,BARBABIETOLA,da 8 foglie a chiusura fila
Bollettino 14 del 15 maggio 2026 di Piacenza,1501,ERBA_MEDICA,medica in produzione: sfalcio; medica nuovo impianto: sviluppo vegetativo
Bollettino 14 del 15 maggio 2026 di Piacenza,1520,FRUMENTO,da maturazione lattea a maturazione cerosa
Bollettino 14 del 15 maggio 2026 di Piacenza,1523,GIRASOLE,da emergenza a 4/6 foglie
Bollettino 14 del 15 maggio 2026 di Piacenza,1584,MAIS,da 3 a 10 foglie
Bollettino 14 del 15 maggio 2026 di Piacenza,1728,SOIA,da pre-emergenza a prima foglia trifogliata
Bollettino 14 del 15 maggio 2026 di Piacenza,1788,AGLIO,accrescimento bulbilli
Bollettino 14 del 15 maggio 2026 di Piacenza,1798,BASILICO,da pre-emergenza a prime foglie vere
Bollettino 14 del 15 maggio 2026 di Piacenza,1831,CIPOLLA,Autunnale: accrescimento bulbi; Primaverile: 4-6 foglie
Bollettino 14 del 15 maggio 2026 di Piacenza,1893,PISELLO,da sviluppo vegetativo a riempimento baccelli
Bollettino 14 del 15 maggio 2026 di Piacenza,1949,POMODORO_INDUSTRIA,pre-trapianto – allegagione 2° palco/fioritura 3° palco
Bollettino 14 del 15 maggio 2026 di Piacenza,2696,ALBICOCCO,indurimento nocciolo
Bollettino 14 del 15 maggio 2026 di Piacenza,2728,CILIEGIO,da accrescimento frutti a maturazione
Bollettino 14 del 15 maggio 2026 di Piacenza,2745,MELO,ingrossamento frutti
Bollettino 14 del 15 maggio 2026 di Piacenza,2812,PERO,accrescimento frutto
Bollettino 14 del 15 maggio 2026 di Piacenza,2877,PESCO,ingrossamento frutto
Bollettino 14 del 15 maggio 2026 di Piacenza,2917,SUSINO,ingrossamento frutti
Bollettino 14 del 15 maggio 2026 di Piacenza,2929,OLIVO,da mignolatura a inizi fioritura
Bollettino 14 del 15 maggio 2026 di Piacenza,2945,VITE,da bottoni fiorali separati a inizio fioritura
Bollettino 14 del 15 maggio 2026 di Piacenza,3025,ERBA_MEDICA,medica in produzione: sfalcio; medica nuovo impianto: sviluppo vegetativo
Bollettino 14 del 15 maggio 2026 di Piacenza,3028,FRUMENTO,da maturazione lattea a maturazione cerosa
Bollettino 14 del 15 maggio 2026 di Piacenza,3031,GIRASOLE,da emergenza a 4/6 foglie
Bollettino 14 del 15 maggio 2026 di Piacenza,3070,PATATA,da 1° palco fogliare a inizio fioritura
Bollettino 14 del 15 maggio 2026 di Piacenza,3083,POMODORO_INDUSTRIA,pre-trapianto – inizio fioritura 2° palco
Bollettino 15 del 19 maggio 2026 Modena,889,ALBICOCCO,accrescimento-maturazione cv.precoci
Bollettino 15 del 19 maggio 2026 Modena,961,CILIEGIO,invaiatura- maturazione cv.precoci
Bollettino 15 del 19 maggio 2026 Modena,1008,KAKI,inizio fioritura-fioritura
Bollettino 15 del 19 maggio 2026 Modena,1013,MELO,accrescimento frutti
Bollettino 15 del 19 maggio 2026 Modena,1134,OLIVO,mignolatura
Bollettino 15 del 19 maggio 2026 Modena,1162,PERO,ingrossamento frutti
Bollettino 15 del 19 maggio 2026 Modena,1296,PESCO,inizio indurimento nocciolo- ingrossamento frutti
Bollettino 15 del 19 maggio 2026 Modena,1371,SUSINO,ingrossamento frutti
Bollettino 15 del 19 maggio 2026 Modena,1409,VITE,inizio fioritura
Bollettino 15 del 19 maggio 2026 Modena,1512,BARBABIETOLA,chiusura interfila
Bollettino 15 del 19 maggio 2026 Modena,1530,COLZA,formazione silique
Bollettino 15 del 19 maggio 2026 Modena,1534,ERBA_MEDICA,Medica in produzione: sfalcio; Medica nuovo impianto: accrescimento
Bollettino 15 del 19 maggio 2026 Modena,1574,FRUMENTO,maturazione lattea-cerosa
Bollettino 15 del 19 maggio 2026 Modena,1578,GIRASOLE,4-6 foglie
Bollettino 15 del 19 maggio 2026 Modena,1634,MAIS,6-8 foglie
Bollettino 15 del 19 maggio 2026 Modena,1656,SOIA,prime foglie vere a 2° foglia trilobata
Bollettino 15 del 19 maggio 2026 Modena,1689,SORGO,6-8 foglie
Bollettino 15 del 19 maggio 2026 Modena,1751,ANGURIA,accrescimento
Bollettino 15 del 19 maggio 2026 Modena,1785,MELONE,accrescimento
Bollettino 15 del 19 maggio 2026 Modena,1849,POMODORO_INDUSTRIA,pre trapianto-allegagione secondo palco - fioritura terzo paco
Bollettino 15 del 19 maggio 2026 Modena,2600,ALBICOCCO,accrescimento-maturazione cv.precoci
Bollettino 15 del 19 maggio 2026 Modena,2642,CILIEGIO,invaiatura- maturazione cv.precoci
Bollettino 15 del 19 maggio 2026 Modena,2658,KAKI,inizio fioritura-fioritura
Bollettino 15 del 19 maggio 2026 Modena,2674,MELO,accrescimento frutti
Bollettino 15 del 19 maggio 2026 Modena,2765,OLIVO,mignolatura
Bollettino 15 del 19 maggio 2026 Modena,2802,PERO,ingrossamento frutti
Bollettino 15 del 19 maggio 2026 Modena,2887,PESCO,inizio indurimento nocciolo- ingrossamento frutti ingrossamento frutti
Bollettino 15 del 19 maggio 2026 Modena,2923,SUSINO,ingrossamento frutti
Bollettino 15 del 19 maggio 2026 Modena,2958,VITE,inizio fioritura
Bollettino 15 del 19 maggio 2026 Modena,3016,FRUMENTO,maturazione lattea-cerosa
Bollettino 15 del 19 maggio 2026 Modena,3029,BARBABIETOLA,chiusura interfila
Bollettino 15 del 19 maggio 2026 Modena,3036,ERBA_MEDICA,impianti vecchi sfalcio-impianti nuovi sviluppo vegetativo
Bollettino 15 del 19 maggio 2026 Modena,3039,GIRASOLE,4-6 foglie
Bollettino 15 del 19 maggio 2026 Modena,3045,MAIS,6-8 foglie
Bollettino 15 del 19 maggio 2026 Modena,3051,SOIA,prime foglie vere a 2° foglia trilobata
Bollettino 15 del 19 maggio 2026 Modena,3093,ANGURIA,accrescimento
Bollettino 15 del 19 maggio 2026 Modena,3121,MELONE,accrescimento
Bollettino 15 del 19 maggio 2026 Modena,3139,POMODORO_INDUSTRIA,pre trapianto-allegagione secondo palco - fioritura terzo paco
Bollettino 15 del 20 maggio 2026 di Bologna e Ferrara,891,ACTINIDIA,da fioritura ad allegagione
Bollettino 15 del 20 maggio 2026 di Bologna e Ferrara,915,ALBICOCCO,da accrescimento frutti a maturazione
Bollettino 15 del 20 maggio 2026 di Bologna e Ferrara,976,CILIEGIO,da invaiatura a maturazione
Bollettino 15 del 20 maggio 2026 di Bologna e Ferrara,1034,KAKI,da abbozzi fiorali a fioritura
Bollettino 15 del 20 maggio 2026 di Bologna e Ferrara,1040,MELO,ingrossamento frutti
Bollettino 15 del 20 maggio 2026 di Bologna e Ferrara,1138,NOCE,accrescimento frutto
Bollettino 15 del 20 maggio 2026 di Bologna e Ferrara,1181,OLIVO,mignolatura - fioritura
Bollettino 15 del 20 maggio 2026 di Bologna e Ferrara,1186,PERO,accrescimento frutti
Bollettino 15 del 20 maggio 2026 di Bologna e Ferrara,1404,PESCO,da ingrossamento frutti a indurimento nocciolo
Bollettino 15 del 20 maggio 2026 di Bologna e Ferrara,1486,SUSINO,ingrossamento frutti
Bollettino 15 del 20 maggio 2026 di Bologna e Ferrara,1511,VITE,inizio fioritura
Bollettino 15 del 20 maggio 2026 di Bologna e Ferrara,1607,BARBABIETOLA,chiusura fila
Bollettino 15 del 20 maggio 2026 di Bologna e Ferrara,1621,ERBA_MEDICA,Medica in produzione: accrescimento-sfalcio; Medica nuovo impianto: accrescimento
Bollettino 15 del 20 maggio 2026 di Bologna e Ferrara,1651,GIRASOLE,4/6 foglie
Bollettino 15 del 20 maggio 2026 di Bologna e Ferrara,1706,MAIS,6/10 foglie
Bollettino 15 del 20 maggio 2026 di Bologna e Ferrara,1716,RISO,pre-semina a emergenza
Bollettino 15 del 20 maggio 2026 di Bologna e Ferrara,1793,SOIA,da prime foglie vere a 2° foglia trilobata
Bollettino 15 del 20 maggio 2026 di Bologna e Ferrara,1862,SORGO,4/8 foglie
Bollettino 15 del 20 maggio 2026 di Bologna e Ferrara,1896,AGLIO,accrescimento bulbilli - maturazione
Bollettino 15 del 20 maggio 2026 di Bologna e Ferrara,1916,ANGURIA,accrescimento
Bollettino 15 del 20 maggio 2026 di Bologna e Ferrara,1949,CAROTA,ingrossamento fittone
Bollettino 15 del 20 maggio 2026 di Bologna e Ferrara,1972,CIPOLLA,Autunnale: accrescimento bulbi/inizio raccolta – Primaverile: 4/6 foglie
Bollettino 15 del 20 maggio 2026 di Bologna e Ferrara,2034,MELONE,accrescimento
Bollettino 15 del 20 maggio 2026 di Bologna e Ferrara,2088,PATATA,da 3° palco ad ingrossamento tuberi
Bollettino 15 del 20 maggio 2026 di Bologna e Ferrara,2155,PISELLO,da sviluppo vegetativo a riempimento baccelli
Bollettino 15 del 20 maggio 2026 di Bologna e Ferrara,2178,POMODORO_INDUSTRIA,pre-trapianto - allegagione primo palco - fioritura secondo palco
Bollettino 15 del 20 maggio 2026 di Bologna e Ferrara,2930,ACTINIDIA,da fioritura ad allegagione
Bollettino 15 del 20 maggio 2026 di Bologna e Ferrara,2946,ALBICOCCO,da accrescimento frutti a maturazione
Bollettino 15 del 20 maggio 2026 di Bologna e Ferrara,2994,CILIEGIO,da invaiatura maturazione
Bollettino 15 del 20 maggio 2026 di Bologna e Ferrara,3029,KAKI,da abbozzi fiorali a fioritura
Bollettino 15 del 20 maggio 2026 di Bologna e Ferrara,3035,MELO,ingrossamento frutti
Bollettino 15 del 20 maggio 2026 di Bologna e Ferrara,3109,NOCE,accrescimento frutto
Bollettino 15 del 20 maggio 2026 di Bologna e Ferrara,3137,OLIVO,mignolatura - fioritura
Bollettino 15 del 20 maggio 2026 di Bologna e Ferrara,3142,PERO,accrescimento frutti
Bollettino 15 del 20 maggio 2026 di Bologna e Ferrara,3232,PESCO,da ingrossamento frutti a indurimento nocciolo
Bollettino 15 del 20 maggio 2026 di Bologna e Ferrara,3282,SUSINO,ingrossamento frutti
Bollettino 15 del 20 maggio 2026 di Bologna e Ferrara,3304,VITE,inizio fioritura
Bollettino 15 del 20 maggio 2026 di Bologna e Ferrara,3358,BARBABIETOLA,chiusura fila
Bollettino 15 del 20 maggio 2026 di Bologna e Ferrara,3366,MAIS,6/10 foglie
Bollettino 15 del 20 maggio 2026 di Bologna e Ferrara,3405,ANGURIA,accrescimento
Bollettino 15 del 20 maggio 2026 di Bologna e Ferrara,3433,CAROTA,ingrossamento fittone
Bollettino 15 del 20 maggio 2026 di Bologna e Ferrara,3439,CIPOLLA,Autunnale: accrescimento bulbi/inizio raccolta – Primaverile: 4/6 foglie
Bollettino 15 del 20 maggio 2026 di Bologna e Ferrara,3463,MELONE,accrescimento
Bollettino 15 del 20 maggio 2026 di Bologna e Ferrara,3493,PATATA,da 3° palco ad ingrossamento tuberi
Bollettino 15 del 20 maggio 2026 di Bologna e Ferrara,3514,PISELLO,da sviluppo vegetativo a riempimento baccelli
Bollettino 15 del 20 maggio 2026 di Bologna e Ferrara,3529,POMODORO_INDUSTRIA,pre-trapianto - allegagione primo palco - fioritura secondo palco
"Bollettino 15 del 20 maggio 2026 di Forlì-Cesena, Ravenna, Rimini",885,ACTINIDIA,da caduta petali ad ingrossamento frutti
"Bollettino 15 del 20 maggio 2026 di Forlì-Cesena, Ravenna, Rimini",917,ALBICOCCO,da accrescimento frutti a maturazione
"Bollettino 15 del 20 maggio 2026 di Forlì-Cesena, Ravenna, Rimini",997,CILIEGIO,da accrescimento frutti a maturazione
"Bollettino 15 del 20 maggio 2026 di Forlì-Cesena, Ravenna, Rimini",1046,KAKI,da bottoni fiorali a fioritura
"Bollettino 15 del 20 maggio 2026 di Forlì-Cesena, Ravenna, Rimini",1052,MELO,ingrossamento frutti
"Bollettino 15 del 20 maggio 2026 di Forlì-Cesena, Ravenna, Rimini",1161,NOCE,accrescimento frutto
"Bollettino 15 del 20 maggio 2026 di Forlì-Cesena, Ravenna, Rimini",1208,OLIVO,da mignolatura ad inizio fioritura
"Bollettino 15 del 20 maggio 2026 di Forlì-Cesena, Ravenna, Rimini",1231,PERO,accrescimento frutti
"Bollettino 15 del 20 maggio 2026 di Forlì-Cesena, Ravenna, Rimini",1373,PESCO,da ingrossamento frutti ad indurimento nocciolo
"Bollettino 15 del 20 maggio 2026 di Forlì-Cesena, Ravenna, Rimini",1457,SUSINO,ingrossamento frutti
"Bollettino 15 del 20 maggio 2026 di Forlì-Cesena, Ravenna, Rimini",1499,VITE,da grappoli separati a fioritura
"Bollettino 15 del 20 maggio 2026 di Forlì-Cesena, Ravenna, Rimini",1608,BARBABIETOLA,chiusura fila
"Bollettino 15 del 20 maggio 2026 di Forlì-Cesena, Ravenna, Rimini",1631,ERBA_MEDICA,Medica in produzione: accrescimento-sfalcio; Medica nuovo impianto: sviluppo vegetativo
"Bollettino 15 del 20 maggio 2026 di Forlì-Cesena, Ravenna, Rimini",1650,GIRASOLE,da cotiledoni a 4-6 foglie
"Bollettino 15 del 20 maggio 2026 di Forlì-Cesena, Ravenna, Rimini",1703,MAIS,8-12 foglie
"Bollettino 15 del 20 maggio 2026 di Forlì-Cesena, Ravenna, Rimini",1719,SOIA,da prime foglie vere a 2° foglia trilobata
"Bollettino 15 del 20 maggio 2026 di Forlì-Cesena, Ravenna, Rimini",1783,SORGO,4-8 foglie
"Bollettino 15 del 20 maggio 2026 di Forlì-Cesena, Ravenna, Rimini",1844,CIPOLLA,Autunnale: da accrescimento bulbi ad inizio raccolta – Primaverile: 4-6 foglie
"Bollettino 15 del 20 maggio 2026 di Forlì-Cesena, Ravenna, Rimini",1921,FRAGOLA,maturazione
"Bollettino 15 del 20 maggio 2026 di Forlì-Cesena, Ravenna, Rimini",1931,PATATA,dal 3° palco fogliare ad ingrossamento tuberi
"Bollettino 15 del 20 maggio 2026 di Forlì-Cesena, Ravenna, Rimini",1998,PISELLO,da sviluppo vegetativo a maturazione
"Bollettino 15 del 20 maggio 2026 di Forlì-Cesena, Ravenna, Rimini",2022,POMODORO_INDUSTRIA,da pre-trapianto ad allegagione secondo palco
"Bollettino 15 del 20 maggio 2026 di Forlì-Cesena, Ravenna, Rimini",2776,ACTINIDIA,da caduta petali ad ingrossamento frutti
"Bollettino 15 del 20 maggio 2026 di Forlì-Cesena, Ravenna, Rimini",2791,ALBICOCCO,da accrescimento frutti a maturazione
"Bollettino 15 del 20 maggio 2026 di Forlì-Cesena, Ravenna, Rimini",2838,CILIEGIO,da accrescimento frutti a maturazione
"Bollettino 15 del 20 maggio 2026 di Forlì-Cesena, Ravenna, Rimini",2872,KAKI,da bottoni fiorali a fioritura
"Bollettino 15 del 20 maggio 2026 di Forlì-Cesena, Ravenna, Rimini",2876,MELO,ingrossamento frutti
"Bollettino 15 del 20 maggio 2026 di Forlì-Cesena, Ravenna, Rimini",2976,NOCE,accrescimento frutto
"Bollettino 15 del 20 maggio 2026 di Forlì-Cesena, Ravenna, Rimini",3001,OLIVO,da mignolatura ad inizio fioritura
"Bollettino 15 del 20 maggio 2026 di Forlì-Cesena, Ravenna, Rimini",3035,PERO,accrescimento frutti
"Bollettino 15 del 20 maggio 2026 di Forlì-Cesena, Ravenna, Rimini",3149,PESCO,da ingrossamento frutti ad indurimento nocciolo
"Bollettino 15 del 20 maggio 2026 di Forlì-Cesena, Ravenna, Rimini",3208,SUSINO,ingrossamento frutti
"Bollettino 15 del 20 maggio 2026 di Forlì-Cesena, Ravenna, Rimini",3249,VITE,da grappoli separati a fioritura
"Bollettino 15 del 20 maggio 2026 di Forlì-Cesena, Ravenna, Rimini",3302,BARBABIETOLA,chiusura fila
"Bollettino 15 del 20 maggio 2026 di Forlì-Cesena, Ravenna, Rimini",3309,GIRASOLE,da cotiledoni a 4-6 foglie
"Bollettino 15 del 20 maggio 2026 di Forlì-Cesena, Ravenna, Rimini",3314,MAIS,8-12 foglie
"Bollettino 15 del 20 maggio 2026 di Forlì-Cesena, Ravenna, Rimini",3319,SORGO,4-6 foglie
"Bollettino 15 del 20 maggio 2026 di Forlì-Cesena, Ravenna, Rimini",3359,CIPOLLA,Autunnale: accrescimento bulbi ad inizio raccolta– Primaverile: 4-6 foglie
"Bollettino 15 del 20 maggio 2026 di Forlì-Cesena, Ravenna, Rimini",3392,FRAGOLA,maturazione
"Bollettino 15 del 20 maggio 2026 di Forlì-Cesena, Ravenna, Rimini",3398,PATATA,da 3° palco fogliare a chiusura fila
"Bollettino 15 del 20 maggio 2026 di Forlì-Cesena, Ravenna, Rimini",3438,PISELLO,da sviluppo vegetativo a maturazione
"Bollettino 15 del 20 maggio 2026 di Forlì-Cesena, Ravenna, Rimini",3444,POMODORO_INDUSTRIA,da pre-trapianto ad allegagione secondo palco
Bollettino 15 del 21 maggio 2026 Reggio Emilia,889,MELO,accrescimento frutti
Bollettino 15 del 21 maggio 2026 Reggio Emilia,986,OLIVO,mignolatura
Bollettino 15 del 21 maggio 2026 Reggio Emilia,1024,PERO,ingrossamento frutti
Bollettino 15 del 21 maggio 2026 Reggio Emilia,1142,VITE,bottoni fiorali separati- fioritura
Bollettino 15 del 21 maggio 2026 Reggio Emilia,1250,BARBABIETOLA,chiusura interfila
Bollettino 15 del 21 maggio 2026 Reggio Emilia,1279,COLZA,formazione silique
Bollettino 15 del 21 maggio 2026 Reggio Emilia,1283,ERBA_MEDICA,Medica in produzione: sfalcio; Medica nuovo impianto: accrescimento
Bollettino 15 del 21 maggio 2026 Reggio Emilia,1322,FRUMENTO,maturazione lattea-cerosa
Bollettino 15 del 21 maggio 2026 Reggio Emilia,1326,GIRASOLE,4-6 foglie
Bollettino 15 del 21 maggio 2026 Reggio Emilia,1380,MAIS,6-8 foglie
Bollettino 15 del 21 maggio 2026 Reggio Emilia,1392,SOIA,prime foglie vere a 2° foglia trilobata
Bollettino 15 del 21 maggio 2026 Reggio Emilia,1438,SORGO,6-8 foglie
Bollettino 15 del 21 maggio 2026 Reggio Emilia,1491,ANGURIA,accrescimento- inizio maturazione
Bollettino 15 del 21 maggio 2026 Reggio Emilia,1507,MELONE,accrescimento-inizio maturazione
Bollettino 15 del 21 maggio 2026 Reggio Emilia,1526,ANGURIA,accrescimento
Bollettino 15 del 21 maggio 2026 Reggio Emilia,1570,MELONE,accrescimento
Bollettino 15 del 21 maggio 2026 Reggio Emilia,1626,POMODORO_INDUSTRIA,pre trapianto-allegagione secondo palco - fioritura terzo paco
Bollettino 15 del 21 maggio 2026 Reggio Emilia,2374,MELO,accrescimento frutti
Bollettino 15 del 21 maggio 2026 Reggio Emilia,2458,OLIVO,mignolatura
Bollettino 15 del 21 maggio 2026 Reggio Emilia,2496,PERO,ingrossamento frutti
Bollettino 15 del 21 maggio 2026 Reggio Emilia,2565,VITE,bottoni fiorali separati- fioritura
Bollettino 15 del 21 maggio 2026 Reggio Emilia,2640,FRUMENTO,maturazione lattea-cerosa
Bollettino 15 del 21 maggio 2026 Reggio Emilia,2643,BARBABIETOLA,chiusura interfila
Bollettino 15 del 21 maggio 2026 Reggio Emilia,2650,ERBA_MEDICA,impianti vecchi sfalcio-impianti nuovi sviluppo vegetativo
Bollettino 15 del 21 maggio 2026 Reggio Emilia,2653,GIRASOLE,4-6 foglie
Bollettino 15 del 21 maggio 2026 Reggio Emilia,2659,MAIS,6-8 foglie
Bollettino 15 del 21 maggio 2026 Reggio Emilia,2675,SOIA,prime foglie vere a 2° foglia trilobata
Bollettino 15 del 21 maggio 2026 Reggio Emilia,2717,ANGURIA,accrescimento
Bollettino 15 del 21 maggio 2026 Reggio Emilia,2729,MELONE,accrescimento
Bollettino 15 del 21 maggio 2026 Reggio Emilia,2736,ANGURIA,accrescimento
Bollettino 15 del 21 maggio 2026 Reggio Emilia,2763,MELONE,accrescimento
Bollettino 15 del 21 maggio 2026 Reggio Emilia,2781,POMODORO_INDUSTRIA,pre trapianto-allegagione secondo palco - fioritura terzo paco
Bollettino 15 del 22 maggio 2026 di Parma,944,ALBICOCCO,da accrescimento frutti a inizio maturazione
Bollettino 15 del 22 maggio 2026 di Parma,988,CILIEGIO,da invaiatura a maturazione
Bollettino 15 del 22 maggio 2026 di Parma,1035,MELO,ingrossamento frutti
Bollettino 15 del 22 maggio 2026 di Parma,1118,PERO,accrescimento frutti
Bollettino 15 del 22 maggio 2026 di Parma,1228,PESCO,ingrossamento frutti
Bollettino 15 del 22 maggio 2026 di Parma,1281,SUSINO,ingrossamento frutti
Bollettino 15 del 22 maggio 2026 di Parma,1300,OLIVO,fioritura
Bollettino 15 del 22 maggio 2026 di Parma,1320,VITE,fioritura
Bollettino 15 del 22 maggio 2026 di Parma,1457,BARBABIETOLA,chiusura fila
Bollettino 15 del 22 maggio 2026 di Parma,1483,ERBA_MEDICA,medica in produzione: sfalcio; medica nuovo impianto: sviluppo vegetativo
Bollettino 15 del 22 maggio 2026 di Parma,1492,GIRASOLE,2-8 foglie
Bollettino 15 del 22 maggio 2026 di Parma,1546,MAIS,2-8 foglie
Bollettino 15 del 22 maggio 2026 di Parma,1687,SOIA,da emergenza a seconda foglia trifogliata
Bollettino 15 del 22 maggio 2026 di Parma,1743,BASILICO,da pre-emergenza a prime foglie vere
Bollettino 15 del 22 maggio 2026 di Parma,1776,CIPOLLA,da 4-5 foglie a inizio ingrossamento bulbo
Bollettino 15 del 22 maggio 2026 di Parma,1829,POMODORO_INDUSTRIA,pre-trapianto – allegagione 3° palco
Bollettino 15 del 22 maggio 2026 di Parma,2619,ALBICOCCO,da accrescimento frutti a inizio maturazione
Bollettino 15 del 22 maggio 2026 di Parma,2652,CILIEGIO,da invaiatura a maturazione
Bollettino 15 del 22 maggio 2026 di Parma,2671,MELO,ingrossamento frutti
Bollettino 15 del 22 maggio 2026 di Parma,2724,PERO,accrescimento frutti
Bollettino 15 del 22 maggio 2026 di Parma,2796,PESCO,ingrossamento frutti
Bollettino 15 del 22 maggio 2026 di Parma,2822,SUSINO,ingrossamento frutti
Bollettino 15 del 22 maggio 2026 di Parma,2846,OLIVO,fioritura
Bollettino 15 del 22 maggio 2026 di Parma,2857,VITE,fioritura
Bollettino 15 del 22 maggio 2026 di Parma,2959,GIRASOLE,2-8 foglie
Bollettino 15 del 22 maggio 2026 di Parma,2999,PATATA,da 2° palco fogliare a fioritura
Bollettino 15 del 22 maggio 2026 di Parma,3011,POMODORO_INDUSTRIA,pre-trapianto – allegagione 2° palco
Bollettino 15 del 22 maggio 2026 di Piacenza,980,ALBICOCCO,da accrescimento frutti a inizio maturazione
Bollettino 15 del 22 maggio 2026 di Piacenza,1023,CILIEGIO,da invaiatura a maturazione
Bollettino 15 del 22 maggio 2026 di Piacenza,1069,MELO,ingrossamento frutti
Bollettino 15 del 22 maggio 2026 di Piacenza,1138,PERO,accrescimento frutto
Bollettino 15 del 22 maggio 2026 di Piacenza,1249,PESCO,ingrossamento frutto
Bollettino 15 del 22 maggio 2026 di Piacenza,1305,SUSINO,ingrossamento frutti
Bollettino 15 del 22 maggio 2026 di Piacenza,1335,OLIVO,fioritura
Bollettino 15 del 22 maggio 2026 di Piacenza,1345,VITE,fioritura
Bollettino 15 del 22 maggio 2026 di Piacenza,1492,BARBABIETOLA,chiusura fila
Bollettino 15 del 22 maggio 2026 di Piacenza,1507,ERBA_MEDICA,medica in produzione: sfalcio; medica nuovo impianto: sviluppo vegetativo
Bollettino 15 del 22 maggio 2026 di Piacenza,1527,GIRASOLE,2/8 foglie
Bollettino 15 del 22 maggio 2026 di Piacenza,1587,MAIS,da 4 a 10 foglie
Bollettino 15 del 22 maggio 2026 di Piacenza,1730,SOIA,da emergenza a seconda foglia trifogliata
Bollettino 15 del 22 maggio 2026 di Piacenza,1787,AGLIO,accrescimento bulbilli - maturazione
Bollettino 15 del 22 maggio 2026 di Piacenza,1797,BASILICO,da pre-emergenza a prime foglie vere
Bollettino 15 del 22 maggio 2026 di Piacenza,1833,CIPOLLA,Autunnale: accrescimento bulbi/inizio raccolta; Primaverile: 4-6 foglie
Bollettino 15 del 22 maggio 2026 di Piacenza,1895,PISELLO,da sviluppo vegetativo a riempimento baccelli
Bollettino 15 del 22 maggio 2026 di Piacenza,1909,POMODORO_INDUSTRIA,pre-trapianto – allegagione 3° palco
Bollettino 15 del 22 maggio 2026 di Piacenza,2709,ALBICOCCO,da accrescimento frutti a inizio maturazione
Bollettino 15 del 22 maggio 2026 di Piacenza,2731,CILIEGIO,da invaiatura a maturazione
Bollettino 15 del 22 maggio 2026 di Piacenza,2759,MELO,ingrossamento frutti
Bollettino 15 del 22 maggio 2026 di Piacenza,2814,PERO,accrescimento frutto
Bollettino 15 del 22 maggio 2026 di Piacenza,2881,PESCO,ingrossamento frutto
Bollettino 15 del 22 maggio 2026 di Piacenza,2920,SUSINO,ingrossamento frutti
Bollettino 15 del 22 maggio 2026 di Piacenza,2943,OLIVO,fioritura
Bollettino 15 del 22 maggio 2026 di Piacenza,2953,VITE,fioritura
Bollettino 15 del 22 maggio 2026 di Piacenza,3057,GIRASOLE,2/8 foglie
Bollettino 15 del 22 maggio 2026 di Piacenza,3098,PATATA,da 2° palco fogliare a fioritura
Bollettino 15 del 22 maggio 2026 di Piacenza,3110,POMODORO_INDUSTRIA,pre-trapianto – allegagione 2° palco
Bollettino 16 del 26 maggio 2026 Modena,1037,ALBICOCCO,accrescimento-maturazione cv.precoci
Bollettino 16 del 26 maggio 2026 Modena,1084,CILIEGIO,invaiatura- maturazione cv.medio precoci
Bollettino 16 del 26 maggio 2026 Modena,1132,KAKI,allegagione
Bollettino 16 del 26 maggio 2026 Modena,1141,MELO,accrescimento frutti
Bollettino 16 del 26 maggio 2026 Modena,1239,OLIVO,fioritura
Bollettino 16 del 26 maggio 2026 Modena,1281,PERO,ingrossamento frutti
Bollettino 16 del 26 maggio 2026 Modena,1421,PESCO,indurimento nocciolo- ingrossamento frutti
Bollettino 16 del 26 maggio 2026 Modena,1487,SUSINO,ingrossamento frutti
Bollettino 16 del 26 maggio 2026 Modena,1511,VITE,fioritura -allegagione
Bollettino 16 del 26 maggio 2026 Modena,1717,BARBABIETOLA,accrescimento fittone
Bollettino 16 del 26 maggio 2026 Modena,1756,ERBA_MEDICA,Medica in produzione: sfalcio; Medica nuovo impianto: accrescimento
Bollettino 16 del 26 maggio 2026 Modena,1796,MAIS,8 foglie-levata
Bollettino 16 del 26 maggio 2026 Modena,1813,SOIA,prime foglie vere a 2° foglia trilobata
Bollettino 16 del 26 maggio 2026 Modena,1893,ANGURIA,accrescimento
Bollettino 16 del 26 maggio 2026 Modena,1937,MELONE,accrescimento
Bollettino 16 del 26 maggio 2026 Modena,1992,POMODORO_INDUSTRIA,pre-trapianto – allegagione 3° palco
Bollettino 16 del 26 maggio 2026 Modena,2792,ALBICOCCO,accrescimento-maturazione cv.precoci
Bollettino 16 del 26 maggio 2026 Modena,2811,CILIEGIO,invaiatura- maturazione cv.medio precoci
Bollettino 16 del 26 maggio 2026 Modena,2839,KAKI,allegagione
Bollettino 16 del 26 maggio 2026 Modena,2847,MELO,accrescimento frutti
Bollettino 16 del 26 maggio 2026 Modena,2922,OLIVO,fioritura
Bollettino 16 del 26 maggio 2026 Modena,2965,PERO,ingrossamento frutti
Bollettino 16 del 26 maggio 2026 Modena,3056,PESCO,inizio indurimento nocciolo- ingrossamento frutti
Bollettino 16 del 26 maggio 2026 Modena,3087,SUSINO,ingrossamento frutti
Bollettino 16 del 26 maggio 2026 Modena,3117,VITE,fioritura-allegagione
Bollettino 16 del 26 maggio 2026 Modena,3288,BARBABIETOLA,accrescimento fittone
Bollettino 16 del 26 maggio 2026 Modena,3306,GIRASOLE,4-6 foglie
Bollettino 16 del 26 maggio 2026 Modena,3312,MAIS,6-8 foglie-levata
Bollettino 16 del 26 maggio 2026 Modena,3318,SOIA,prime foglie vere a 2° foglia trilobata
Bollettino 16 del 26 maggio 2026 Modena,3358,ANGURIA,accrescimento
Bollettino 16 del 26 maggio 2026 Modena,3375,MELONE,accrescimento
Bollettino 16 del 26 maggio 2026 Modena,3404,POMODORO_INDUSTRIA,pre-trapianto – allegagione 3° palco
Bollettino 16 del 27 maggio 2026 di Bologna e Ferrara,982,ACTINIDIA,da allegagione a ingrossamento frutti
Bollettino 16 del 27 maggio 2026 di Bologna e Ferrara,1003,ALBICOCCO,da indurimento nocciolo a maturazione
Bollettino 16 del 27 maggio 2026 di Bologna e Ferrara,1067,CILIEGIO,da invaiatura a maturazione
Bollettino 16 del 27 maggio 2026 di Bologna e Ferrara,1128,KAKI,da fioritura a caduta petali
Bollettino 16 del 27 maggio 2026 di Bologna e Ferrara,1133,MELO,da ingrossamento frutti a frutto noce
Bollettino 16 del 27 maggio 2026 di Bologna e Ferrara,1222,NOCE,accrescimento frutto
Bollettino 16 del 27 maggio 2026 di Bologna e Ferrara,1264,OLIVO,fioritura
Bollettino 16 del 27 maggio 2026 di Bologna e Ferrara,1269,PERO,accrescimento frutti
Bollettino 16 del 27 maggio 2026 di Bologna e Ferrara,1477,PESCO,da ingrossamento frutti a indurimento nocciolo
Bollettino 16 del 27 maggio 2026 di Bologna e Ferrara,1552,SUSINO,ingrossamento frutti
Bollettino 16 del 27 maggio 2026 di Bologna e Ferrara,1582,VITE,fioritura – allegagione
Bollettino 16 del 27 maggio 2026 di Bologna e Ferrara,1762,BARBABIETOLA,chiusura fila – accrescimento fittone
Bollettino 16 del 27 maggio 2026 di Bologna e Ferrara,1813,ERBA_MEDICA,accrescimento-sfalcio
Bollettino 16 del 27 maggio 2026 di Bologna e Ferrara,1830,MAIS,da 8 foglie a levata
Bollettino 16 del 27 maggio 2026 di Bologna e Ferrara,1856,RISO,da emergenza a inizio accestimento
Bollettino 16 del 27 maggio 2026 di Bologna e Ferrara,1952,SOIA,2-4 foglie trilobate
Bollettino 16 del 27 maggio 2026 di Bologna e Ferrara,2022,AGLIO,accrescimento bulbilli - maturazione
Bollettino 16 del 27 maggio 2026 di Bologna e Ferrara,2033,ANGURIA,accrescimento
Bollettino 16 del 27 maggio 2026 di Bologna e Ferrara,2076,ASPARAGO,post-raccolta
Bollettino 16 del 27 maggio 2026 di Bologna e Ferrara,2089,CAROTA,ingrossamento fittone
Bollettino 16 del 27 maggio 2026 di Bologna e Ferrara,2103,CIPOLLA,Autunnale: accrescimento bulbi/ raccolta – Primaverile: 6/8 foglie
Bollettino 16 del 27 maggio 2026 di Bologna e Ferrara,2165,MELONE,accrescimento
Bollettino 16 del 27 maggio 2026 di Bologna e Ferrara,2230,PATATA,ingrossamento tuberi
Bollettino 16 del 27 maggio 2026 di Bologna e Ferrara,2304,PISELLO,da sviluppo vegetativo a riempimento baccelli
Bollettino 16 del 27 maggio 2026 di Bologna e Ferrara,2317,POMODORO_INDUSTRIA,pre-trapianto - allegagione terzo palco
Bollettino 16 del 27 maggio 2026 di Bologna e Ferrara,3081,ACTINIDIA,da allegagione a ingrossamento frutti
Bollettino 16 del 27 maggio 2026 di Bologna e Ferrara,3098,ALBICOCCO,da indurimento nocciolo a maturazione
Bollettino 16 del 27 maggio 2026 di Bologna e Ferrara,3140,CILIEGIO,da invaiatura maturazione
Bollettino 16 del 27 maggio 2026 di Bologna e Ferrara,3177,KAKI,da fioritura a caduta petali
Bollettino 16 del 27 maggio 2026 di Bologna e Ferrara,3182,MELO,da ingrossamento frutti a frutto noce
Bollettino 16 del 27 maggio 2026 di Bologna e Ferrara,3251,NOCE,accrescimento frutto
Bollettino 16 del 27 maggio 2026 di Bologna e Ferrara,3270,OLIVO,fioritura
Bollettino 16 del 27 maggio 2026 di Bologna e Ferrara,3285,PERO,accrescimento frutti
Bollettino 16 del 27 maggio 2026 di Bologna e Ferrara,3360,PESCO,da ingrossamento frutti a indurimento nocciolo
Bollettino 16 del 27 maggio 2026 di Bologna e Ferrara,3411,SUSINO,ingrossamento frutti
Bollettino 16 del 27 maggio 2026 di Bologna e Ferrara,3443,VITE,fioritura – allegagione
Bollettino 16 del 27 maggio 2026 di Bologna e Ferrara,3585,BARBABIETOLA,chiusura fila – accrescimento fittone
Bollettino 16 del 27 maggio 2026 di Bologna e Ferrara,3593,MAIS,da 8 foglie a levata
Bollettino 16 del 27 maggio 2026 di Bologna e Ferrara,3633,ANGURIA,accrescimento
Bollettino 16 del 27 maggio 2026 di Bologna e Ferrara,3661,CAROTA,ingrossamento fittone
Bollettino 16 del 27 maggio 2026 di Bologna e Ferrara,3668,CIPOLLA,Autunnale: accrescimento bulbi/inizio raccolta – Primaverile: 6/8 foglie
Bollettino 16 del 27 maggio 2026 di Bologna e Ferrara,3702,MELONE,accrescimento
Bollettino 16 del 27 maggio 2026 di Bologna e Ferrara,3721,PATATA,ingrossamento tuberi
Bollettino 16 del 27 maggio 2026 di Bologna e Ferrara,3753,PISELLO,da sviluppo vegetativo a riempimento baccelli
Bollettino 16 del 27 maggio 2026 di Bologna e Ferrara,3760,POMODORO_INDUSTRIA,pre-trapianto - allegagione terzo palco
"Bollettino 16 del 27 maggio 2026 di Forlì-Cesena, Ravenna, Rimini",1005,ACTINIDIA,da allegagione ad ingrossamento frutti
"Bollettino 16 del 27 maggio 2026 di Forlì-Cesena, Ravenna, Rimini",1029,ALBICOCCO,da accrescimento frutti a maturazione
"Bollettino 16 del 27 maggio 2026 di Forlì-Cesena, Ravenna, Rimini",1121,CILIEGIO,da invaiatura frutti a maturazione
"Bollettino 16 del 27 maggio 2026 di Forlì-Cesena, Ravenna, Rimini",1169,KAKI,da caduta petali ad accrescimento frutti
"Bollettino 16 del 27 maggio 2026 di Forlì-Cesena, Ravenna, Rimini",1178,MELO,ingrossamento frutti
"Bollettino 16 del 27 maggio 2026 di Forlì-Cesena, Ravenna, Rimini",1263,NOCE,accrescimento frutto
"Bollettino 16 del 27 maggio 2026 di Forlì-Cesena, Ravenna, Rimini",1306,OLIVO,fioritura
"Bollettino 16 del 27 maggio 2026 di Forlì-Cesena, Ravenna, Rimini",1338,PERO,accrescimento frutti
"Bollettino 16 del 27 maggio 2026 di Forlì-Cesena, Ravenna, Rimini",1477,PESCO,da ingrossamento frutti ad indurimento nocciolo
"Bollettino 16 del 27 maggio 2026 di Forlì-Cesena, Ravenna, Rimini",1592,SUSINO,ingrossamento frutti
"Bollettino 16 del 27 maggio 2026 di Forlì-Cesena, Ravenna, Rimini",1631,VITE,da fioritura ad allegagione
"Bollettino 16 del 27 maggio 2026 di Forlì-Cesena, Ravenna, Rimini",1853,BARBABIETOLA,chiusura fila-accrescimento fittone
"Bollettino 16 del 27 maggio 2026 di Forlì-Cesena, Ravenna, Rimini",1893,ERBA_MEDICA,accrescimento-sfalcio
"Bollettino 16 del 27 maggio 2026 di Forlì-Cesena, Ravenna, Rimini",1921,MAIS,da 8 foglie a levata
"Bollettino 16 del 27 maggio 2026 di Forlì-Cesena, Ravenna, Rimini",1942,SOIA,2-4 foglie trilobate
"Bollettino 16 del 27 maggio 2026 di Forlì-Cesena, Ravenna, Rimini",2027,CIPOLLA,Autunnale: da accrescimento bulbi ad inizio raccolta – Primaverile: 6-8 foglie
"Bollettino 16 del 27 maggio 2026 di Forlì-Cesena, Ravenna, Rimini",2085,FRAGOLA,maturazione
"Bollettino 16 del 27 maggio 2026 di Forlì-Cesena, Ravenna, Rimini",2095,PATATA,ingrossamento tuberi
"Bollettino 16 del 27 maggio 2026 di Forlì-Cesena, Ravenna, Rimini",2185,PISELLO,da sviluppo vegetativo a maturazione
"Bollettino 16 del 27 maggio 2026 di Forlì-Cesena, Ravenna, Rimini",2199,POMODORO_INDUSTRIA,da pre-trapianto ad allegagione terzo palco
"Bollettino 16 del 27 maggio 2026 di Forlì-Cesena, Ravenna, Rimini",3004,ACTINIDIA,da allegagione ad ingrossamento frutti
"Bollettino 16 del 27 maggio 2026 di Forlì-Cesena, Ravenna, Rimini",3019,ALBICOCCO,da accrescimento frutti a maturazione
"Bollettino 16 del 27 maggio 2026 di Forlì-Cesena, Ravenna, Rimini",3069,CILIEGIO,da invaiatura frutti a maturazione
"Bollettino 16 del 27 maggio 2026 di Forlì-Cesena, Ravenna, Rimini",3105,KAKI,da caduta petali ad accrescimento frutti
"Bollettino 16 del 27 maggio 2026 di Forlì-Cesena, Ravenna, Rimini",3111,MELO,ingrossamento frutti
"Bollettino 16 del 27 maggio 2026 di Forlì-Cesena, Ravenna, Rimini",3198,NOCE,accrescimento frutto
"Bollettino 16 del 27 maggio 2026 di Forlì-Cesena, Ravenna, Rimini",3221,OLIVO,fioritura
"Bollettino 16 del 27 maggio 2026 di Forlì-Cesena, Ravenna, Rimini",3252,PERO,accrescimento frutti
"Bollettino 16 del 27 maggio 2026 di Forlì-Cesena, Ravenna, Rimini",3350,PESCO,da ingrossamento frutti ad indurimento nocciolo
"Bollettino 16 del 27 maggio 2026 di Forlì-Cesena, Ravenna, Rimini",3425,SUSINO,ingrossamento frutti
"Bollettino 16 del 27 maggio 2026 di Forlì-Cesena, Ravenna, Rimini",3457,VITE,da fioritura ad allegagione
"Bollettino 16 del 27 maggio 2026 di Forlì-Cesena, Ravenna, Rimini",3639,BARBABIETOLA,chiusura fila-accrescimento fittone
"Bollettino 16 del 27 maggio 2026 di Forlì-Cesena, Ravenna, Rimini",3646,MAIS,da 8 foglie a levata
"Bollettino 16 del 27 maggio 2026 di Forlì-Cesena, Ravenna, Rimini",3686,CIPOLLA,Autunnale: da accrescimento bulbi ad inizio raccolta – Primaverile: 6-8 foglie
"Bollettino 16 del 27 maggio 2026 di Forlì-Cesena, Ravenna, Rimini",3708,FRAGOLA,maturazione
"Bollettino 16 del 27 maggio 2026 di Forlì-Cesena, Ravenna, Rimini",3714,PATATA,ingrossamento tuberi
"Bollettino 16 del 27 maggio 2026 di Forlì-Cesena, Ravenna, Rimini",3755,PISELLO,da sviluppo vegetativo a maturazione
"Bollettino 16 del 27 maggio 2026 di Forlì-Cesena, Ravenna, Rimini",3761,POMODORO_INDUSTRIA,da pre-trapianto ad allegagione terzo palco
Bollettino 16 del 28 maggio 2026 Reggio Emilia,1038,MELO,accrescimento frutti
Bollettino 16 del 28 maggio 2026 Reggio Emilia,1130,OLIVO,fioritura
Bollettino 16 del 28 maggio 2026 Reggio Emilia,1162,PERO,ingrossamento frutti
Bollettino 16 del 28 maggio 2026 Reggio Emilia,1298,VITE,fioritura - allegagione
Bollettino 16 del 28 maggio 2026 Reggio Emilia,1513,BARBABIETOLA,accrescimento fittone
Bollettino 16 del 28 maggio 2026 Reggio Emilia,1552,ERBA_MEDICA,Medica in produzione: sfalcio; Medica nuovo impianto: accrescimento
Bollettino 16 del 28 maggio 2026 Reggio Emilia,1592,MAIS,8 foglie-levata
Bollettino 16 del 28 maggio 2026 Reggio Emilia,1609,SOIA,prime foglie vere a 2° foglia trilobata
Bollettino 16 del 28 maggio 2026 Reggio Emilia,1690,ANGURIA,accrescimento- inizio maturazione
Bollettino 16 del 28 maggio 2026 Reggio Emilia,1706,MELONE,accrescimento-inizio maturazione
Bollettino 16 del 28 maggio 2026 Reggio Emilia,1715,ANGURIA,accrescimento
Bollettino 16 del 28 maggio 2026 Reggio Emilia,1759,MELONE,accrescimento
Bollettino 16 del 28 maggio 2026 Reggio Emilia,1814,POMODORO_INDUSTRIA,pre-trapianto – allegagione 3° palco
Bollettino 16 del 28 maggio 2026 Reggio Emilia,2627,MELO,accrescimento frutti
Bollettino 16 del 28 maggio 2026 Reggio Emilia,2699,OLIVO,fioritura
Bollettino 16 del 28 maggio 2026 Reggio Emilia,2742,PERO,ingrossamento frutti
Bollettino 16 del 28 maggio 2026 Reggio Emilia,2828,VITE,fioritura - allegagione
Bollettino 16 del 28 maggio 2026 Reggio Emilia,3003,BARBABIETOLA,accrescimento fittone
Bollettino 16 del 28 maggio 2026 Reggio Emilia,3023,GIRASOLE,4-6 foglie
Bollettino 16 del 28 maggio 2026 Reggio Emilia,3029,MAIS,6-8 foglie-levata
Bollettino 16 del 28 maggio 2026 Reggio Emilia,3035,SOIA,prime foglie vere a 2° foglia trilobata
Bollettino 16 del 28 maggio 2026 Reggio Emilia,3076,ANGURIA,accrescimento-inizio maturazione
Bollettino 16 del 28 maggio 2026 Reggio Emilia,3088,MELONE,accrescimento-inizio maturazione
Bollettino 16 del 28 maggio 2026 Reggio Emilia,3095,ANGURIA,accrescimento
Bollettino 16 del 28 maggio 2026 Reggio Emilia,3123,MELONE,accrescimento
Bollettino 16 del 28 maggio 2026 Reggio Emilia,3141,POMODORO_INDUSTRIA,pre-trapianto – allegagione 3° palco
Bollettino 16 del 29 maggio 2026 di Parma,1066,ALBICOCCO,da accrescimento frutti a maturazione
Bollettino 16 del 29 maggio 2026 di Parma,1097,CILIEGIO,da invaiatura a maturazione
Bollettino 16 del 29 maggio 2026 di Parma,1144,MELO,ingrossamento frutti
Bollettino 16 del 29 maggio 2026 di Parma,1211,PERO,accrescimento frutti
Bollettino 16 del 29 maggio 2026 di Parma,1296,PESCO,da ingrossamento frutto a indurimento nocciolo
Bollettino 16 del 29 maggio 2026 di Parma,1354,SUSINO,ingrossamento frutti
Bollettino 16 del 29 maggio 2026 di Parma,1378,OLIVO,fine fioritura - allegagione
Bollettino 16 del 29 maggio 2026 di Parma,1388,VITE,fioritura - allegagione
Bollettino 16 del 29 maggio 2026 di Parma,1622,BARBABIETOLA,chiusura fila – inizio accrescimento fittone
Bollettino 16 del 29 maggio 2026 di Parma,1658,ERBA_MEDICA,medica in produzione: sfalcio - ricaccio; medica nuovo impianto: sviluppo vegetativo
Bollettino 16 del 29 maggio 2026 di Parma,1668,GIRASOLE,da 4 foglie ad inizio allungamento stelo
Bollettino 16 del 29 maggio 2026 di Parma,1723,MAIS,da 4 foglie a levata
Bollettino 16 del 29 maggio 2026 di Parma,1837,SOIA,1-3 foglie
Bollettino 16 del 29 maggio 2026 di Parma,1891,BASILICO,da emergenza a sviluppo vegetativo
Bollettino 16 del 29 maggio 2026 di Parma,1924,CIPOLLA,da 5-6 foglie a ingrossamento bulbo
Bollettino 16 del 29 maggio 2026 di Parma,1978,POMODORO_INDUSTRIA,pre-trapianto – allegagione 3° palco
Bollettino 16 del 29 maggio 2026 di Parma,2828,ALBICOCCO,da accrescimento frutti a maturazione
Bollettino 16 del 29 maggio 2026 di Parma,2848,CILIEGIO,da invaiatura a maturazione
Bollettino 16 del 29 maggio 2026 di Parma,2878,MELO,ingrossamento frutti
Bollettino 16 del 29 maggio 2026 di Parma,2922,PERO,accrescimento frutti
Bollettino 16 del 29 maggio 2026 di Parma,2979,PESCO,da ingrossamento frutto a indurimento nocciolo
Bollettino 16 del 29 maggio 2026 di Parma,3019,SUSINO,ingrossamento frutti
Bollettino 16 del 29 maggio 2026 di Parma,3033,OLIVO,fine fioritura - allegagione
Bollettino 16 del 29 maggio 2026 di Parma,3044,VITE,fioritura - allegagione
Bollettino 16 del 29 maggio 2026 di Parma,3241,GIRASOLE,4-10 foglie
Bollettino 16 del 29 maggio 2026 di Parma,3271,PATATA,da 3° palco fogliare a fine fioritura
Bollettino 16 del 29 maggio 2026 di Parma,3295,POMODORO_INDUSTRIA,pre-trapianto – allegagione 2° palco
Bollettino 16 del 29 maggio 2026 di Piacenza,1092,ALBICOCCO,da accrescimento frutti a maturazione
Bollettino 16 del 29 maggio 2026 di Piacenza,1133,CILIEGIO,da invaiatura a maturazione
Bollettino 16 del 29 maggio 2026 di Piacenza,1180,MELO,ingrossamento frutti
Bollettino 16 del 29 maggio 2026 di Piacenza,1238,PERO,accrescimento frutto
Bollettino 16 del 29 maggio 2026 di Piacenza,1332,PESCO,da ingrossamento frutto a indurimento nocciolo
Bollettino 16 del 29 maggio 2026 di Piacenza,1394,SUSINO,ingrossamento frutti
Bollettino 16 del 29 maggio 2026 di Piacenza,1409,OLIVO,fine fioritura - allegagione
Bollettino 16 del 29 maggio 2026 di Piacenza,1430,VITE,fioritura - allegagione
Bollettino 16 del 29 maggio 2026 di Piacenza,1663,BARBABIETOLA,chiusura fila – inizio accrescimento fittone
Bollettino 16 del 29 maggio 2026 di Piacenza,1697,ERBA_MEDICA,medica in produzione: sfalcio - ricaccio; medica nuovo impianto: sviluppo vegetativo
Bollettino 16 del 29 maggio 2026 di Piacenza,1707,GIRASOLE,da 4 foglie ad inizio allungamento stelo
Bollettino 16 del 29 maggio 2026 di Piacenza,1767,MAIS,da 6 foglie a levata
Bollettino 16 del 29 maggio 2026 di Piacenza,1878,SOIA,1-3 foglie
Bollettino 16 del 29 maggio 2026 di Piacenza,1933,AGLIO,accrescimento bulbilli - maturazione
Bollettino 16 del 29 maggio 2026 di Piacenza,1943,BASILICO,da emergenza a sviluppo vegetativo
Bollettino 16 del 29 maggio 2026 di Piacenza,1976,CIPOLLA,Autunnale: accrescimento bulbi/inizio raccolta; Primaverile: 6-8 foglie
Bollettino 16 del 29 maggio 2026 di Piacenza,2038,PISELLO,da sviluppo vegetativo a riempimento baccelli
Bollettino 16 del 29 maggio 2026 di Piacenza,2052,POMODORO_INDUSTRIA,pre-trapianto – allegagione 3° palco
Bollettino 16 del 29 maggio 2026 di Piacenza,2903,ALBICOCCO,da accrescimento frutti a maturazione
Bollettino 16 del 29 maggio 2026 di Piacenza,2922,CILIEGIO,da invaiatura a maturazione
Bollettino 16 del 29 maggio 2026 di Piacenza,2951,MELO,ingrossamento frutti
Bollettino 16 del 29 maggio 2026 di Piacenza,2999,PERO,accrescimento frutto
Bollettino 16 del 29 maggio 2026 di Piacenza,3057,PESCO,da ingrossamento frutto a indurimento nocciolo
Bollettino 16 del 29 maggio 2026 di Piacenza,3099,SUSINO,fine fioritura - allegagione
Bollettino 16 del 29 maggio 2026 di Piacenza,3115,OLIVO,fine fioritura - allegagione
Bollettino 16 del 29 maggio 2026 di Piacenza,3136,VITE,fioritura - allegagione
Bollettino 16 del 29 maggio 2026 di Piacenza,3322,GIRASOLE,4/10 foglie
Bollettino 16 del 29 maggio 2026 di Piacenza,3362,PATATA,da 3° palco fogliare a fine fioritura
Bollettino 16 del 29 maggio 2026 di Piacenza,3375,POMODORO_INDUSTRIA,pre-trapianto – allegagione 2° palco
Bollettino 17 del 03 giugno 2026 Modena,998,ALBICOCCO,accrescimento-maturazione
Bollettino 17 del 03 giugno 2026 Modena,1057,CILIEGIO,maturazione
Bollettino 17 del 03 giugno 2026 Modena,1100,KAKI,accrescimento frutti
Bollettino 17 del 03 giugno 2026 Modena,1111,MELO,accrescimento frutti
Bollettino 17 del 03 giugno 2026 Modena,1235,OLIVO,fioritura -allegagione
Bollettino 17 del 03 giugno 2026 Modena,1267,PERO,ingrossamento frutti
Bollettino 17 del 03 giugno 2026 Modena,1394,PESCO,indurimento nocciolo- ingrossamento frutti
Bollettino 17 del 03 giugno 2026 Modena,1475,SUSINO,ingrossamento frutti
Bollettino 17 del 03 giugno 2026 Modena,1513,VITE,allegagione-mignolatura
Bollettino 17 del 03 giugno 2026 Modena,1742,BARBABIETOLA,accrescimento fittone
Bollettino 17 del 03 giugno 2026 Modena,1769,ERBA_MEDICA,Medica in produzione: sfalcio; Medica nuovo impianto: accrescimento
Bollettino 17 del 03 giugno 2026 Modena,1786,MAIS,8 foglie-levata
Bollettino 17 del 03 giugno 2026 Modena,1811,SOIA,3-5° foglia trilobata
Bollettino 17 del 03 giugno 2026 Modena,1853,ANGURIA,accrescimento
Bollettino 17 del 03 giugno 2026 Modena,1898,MELONE,accrescimento
Bollettino 17 del 03 giugno 2026 Modena,1954,POMODORO_INDUSTRIA,pre-trapianto – allegagione 3° palco
Bollettino 17 del 03 giugno 2026 Modena,2720,ALBICOCCO,accrescimento-maturazione
Bollettino 17 del 03 giugno 2026 Modena,2751,CILIEGIO,maturazione
Bollettino 17 del 03 giugno 2026 Modena,2765,KAKI,accrescimento frutti
Bollettino 17 del 03 giugno 2026 Modena,2773,MELO,accrescimento frutti
Bollettino 17 del 03 giugno 2026 Modena,2861,OLIVO,fioritura -allegagione
Bollettino 17 del 03 giugno 2026 Modena,2903,PERO,ingrossamento frutti
Bollettino 17 del 03 giugno 2026 Modena,2976,PESCO,inizio indurimento nocciolo- ingrossamento frutti
Bollettino 17 del 03 giugno 2026 Modena,3018,SUSINO,ingrossamento frutti
Bollettino 17 del 03 giugno 2026 Modena,3038,VITE,allegagione-mignolatura
Bollettino 17 del 03 giugno 2026 Modena,3192,BARBABIETOLA,accrescimento fittone
Bollettino 17 del 03 giugno 2026 Modena,3208,MAIS,da 8 foglie a levata
Bollettino 17 del 03 giugno 2026 Modena,3249,ANGURIA,accrescimento
Bollettino 17 del 03 giugno 2026 Modena,3266,MELONE,accrescimento
Bollettino 17 del 03 giugno 2026 Modena,3294,POMODORO_INDUSTRIA,pre-trapianto – allegagione 3° palco
Bollettino 17 del 05 giugno 2026 di Parma,1089,ALBICOCCO,da accrescimento frutti a maturazione
Bollettino 17 del 05 giugno 2026 di Parma,1143,CILIEGIO,maturazione
Bollettino 17 del 05 giugno 2026 di Parma,1180,MELO,ingrossamento frutti
Bollettino 17 del 05 giugno 2026 di Parma,1229,PERO,accrescimento frutti
Bollettino 17 del 05 giugno 2026 di Parma,1300,PESCO,da ingrossamento frutto a indurimento nocciolo
Bollettino 17 del 05 giugno 2026 di Parma,1351,SUSINO,ingrossamento frutti
Bollettino 17 del 05 giugno 2026 di Parma,1379,OLIVO,allegagione – inizio accrescimento frutti
Bollettino 17 del 05 giugno 2026 di Parma,1389,VITE,allegagione – sviluppo acini
Bollettino 17 del 05 giugno 2026 di Parma,1628,BARBABIETOLA,accrescimento fittone
Bollettino 17 del 05 giugno 2026 di Parma,1668,ERBA_MEDICA,medica in produzione: sfalcio - ricaccio; medica nuovo impianto: sviluppo vegetativo - sfalcio
Bollettino 17 del 05 giugno 2026 di Parma,1687,MAIS,da 6 foglie a levata
Bollettino 17 del 05 giugno 2026 di Parma,1707,SOIA,2-4 foglie
Bollettino 17 del 05 giugno 2026 di Parma,1762,BASILICO,da emergenza a sviluppo vegetativo
Bollettino 17 del 05 giugno 2026 di Parma,1806,CIPOLLA,ingrossamento bulbo
Bollettino 17 del 05 giugno 2026 di Parma,1860,POMODORO_INDUSTRIA,pre-trapianto – allegagione 4° palco
Bollettino 17 del 05 giugno 2026 di Parma,2667,ALBICOCCO,da accrescimento frutti a maturazione
Bollettino 17 del 05 giugno 2026 di Parma,2703,CILIEGIO,maturazione
Bollettino 17 del 05 giugno 2026 di Parma,2716,MELO,ingrossamento frutti
Bollettino 17 del 05 giugno 2026 di Parma,2762,PERO,accrescimento frutti
Bollettino 17 del 05 giugno 2026 di Parma,2809,PESCO,da ingrossamento frutto a indurimento nocciolo
Bollettino 17 del 05 giugno 2026 di Parma,2838,SUSINO,ingrossamento frutti
Bollettino 17 del 05 giugno 2026 di Parma,2864,OLIVO,allegagione - inizio accrescimento frutti
Bollettino 17 del 05 giugno 2026 di Parma,2875,VITE,allegagione – sviluppo acini
Bollettino 17 del 05 giugno 2026 di Parma,3126,PATATA,da inizio fioritura a sviluppo tubero
Bollettino 17 del 05 giugno 2026 di Parma,3135,POMODORO_INDUSTRIA,fioritura 1° palco - allegagione 3° palco
Bollettino 17 del 3 giugno 2026 di Bologna e Ferrara,1047,ACTINIDIA,da allegagione a ingrossamento frutti
Bollettino 17 del 3 giugno 2026 di Bologna e Ferrara,1082,ALBICOCCO,da accrescimento frutti a maturazione
Bollettino 17 del 3 giugno 2026 di Bologna e Ferrara,1133,CILIEGIO,maturazione
Bollettino 17 del 3 giugno 2026 di Bologna e Ferrara,1174,KAKI,accrescimento frutti
Bollettino 17 del 3 giugno 2026 di Bologna e Ferrara,1194,MELO,ingrossamento frutti
Bollettino 17 del 3 giugno 2026 di Bologna e Ferrara,1263,NOCE,accrescimento frutto
Bollettino 17 del 3 giugno 2026 di Bologna e Ferrara,1304,OLIVO,fioritura
Bollettino 17 del 3 giugno 2026 di Bologna e Ferrara,1309,PERO,accrescimento frutti
Bollettino 17 del 3 giugno 2026 di Bologna e Ferrara,1480,PESCO,da ingrossamento frutti a maturazione
Bollettino 17 del 3 giugno 2026 di Bologna e Ferrara,1580,SUSINO,ingrossamento frutti
Bollettino 17 del 3 giugno 2026 di Bologna e Ferrara,1620,VITE,da allegagione a mignolatura
Bollettino 17 del 3 giugno 2026 di Bologna e Ferrara,1830,BARBABIETOLA,accrescimento fittone
Bollettino 17 del 3 giugno 2026 di Bologna e Ferrara,1855,ERBA_MEDICA,accrescimento-sfalcio
Bollettino 17 del 3 giugno 2026 di Bologna e Ferrara,1874,MAIS,da 8 foglie a levata
Bollettino 17 del 3 giugno 2026 di Bologna e Ferrara,1897,RISO,da 2-3 foglie ad accestimento
Bollettino 17 del 3 giugno 2026 di Bologna e Ferrara,2000,SOIA,3-5 foglie trilobate
Bollettino 17 del 3 giugno 2026 di Bologna e Ferrara,2021,AGLIO,accrescimento bulbilli - maturazione
Bollettino 17 del 3 giugno 2026 di Bologna e Ferrara,2041,ANGURIA,sviluppo vegetativo
Bollettino 17 del 3 giugno 2026 di Bologna e Ferrara,2073,ASPARAGO,post-raccolta
Bollettino 17 del 3 giugno 2026 di Bologna e Ferrara,2096,CAROTA,ingrossamento fittone - maturazione
Bollettino 17 del 3 giugno 2026 di Bologna e Ferrara,2109,CIPOLLA,accrescimento bulbi/ raccolta
Bollettino 17 del 3 giugno 2026 di Bologna e Ferrara,2155,MELONE,sviluppo vegetativo
Bollettino 17 del 3 giugno 2026 di Bologna e Ferrara,2210,PATATA,ingrossamento tuberi
Bollettino 17 del 3 giugno 2026 di Bologna e Ferrara,2265,PISELLO,da sviluppo vegetativo a riempimento baccelli
Bollettino 17 del 3 giugno 2026 di Bologna e Ferrara,2278,POMODORO_INDUSTRIA,pre-trapianto - allegagione terzo palco
Bollettino 17 del 3 giugno 2026 di Bologna e Ferrara,3107,ACTINIDIA,da allegagione a ingrossamento frutti
Bollettino 17 del 3 giugno 2026 di Bologna e Ferrara,3128,ALBICOCCO,da accrescimento frutti a maturazione
Bollettino 17 del 3 giugno 2026 di Bologna e Ferrara,3168,CILIEGIO,maturazione
Bollettino 17 del 3 giugno 2026 di Bologna e Ferrara,3203,KAKI,accrescimento frutti
Bollettino 17 del 3 giugno 2026 di Bologna e Ferrara,3209,MELO,da ingrossamento frutti a frutto noce
Bollettino 17 del 3 giugno 2026 di Bologna e Ferrara,3278,NOCE,accrescimento frutto
Bollettino 17 del 3 giugno 2026 di Bologna e Ferrara,3309,OLIVO,fioritura
Bollettino 17 del 3 giugno 2026 di Bologna e Ferrara,3314,PERO,accrescimento frutti
Bollettino 17 del 3 giugno 2026 di Bologna e Ferrara,3371,PESCO,da ingrossamento frutti a maturazione
Bollettino 17 del 3 giugno 2026 di Bologna e Ferrara,3426,SUSINO,ingrossamento frutti
Bollettino 17 del 3 giugno 2026 di Bologna e Ferrara,3447,VITE,da allegagione a sviluppo degli acini
Bollettino 17 del 3 giugno 2026 di Bologna e Ferrara,3636,BARBABIETOLA,accrescimento fittone
Bollettino 17 del 3 giugno 2026 di Bologna e Ferrara,3642,MAIS,da 8 foglie a levata
Bollettino 17 del 3 giugno 2026 di Bologna e Ferrara,3682,ANGURIA,accrescimento
Bollettino 17 del 3 giugno 2026 di Bologna e Ferrara,3698,CAROTA,ingrossamento fittone
Bollettino 17 del 3 giugno 2026 di Bologna e Ferrara,3704,CIPOLLA,accrescimento bulbi/ raccolta
Bollettino 17 del 3 giugno 2026 di Bologna e Ferrara,3719,MELONE,accrescimento
Bollettino 17 del 3 giugno 2026 di Bologna e Ferrara,3748,PATATA,ingrossamento tuberi
Bollettino 17 del 3 giugno 2026 di Bologna e Ferrara,3766,PISELLO,da sviluppo vegetativo a riempimento baccelli
Bollettino 17 del 3 giugno 2026 di Bologna e Ferrara,3782,POMODORO_INDUSTRIA,pre-trapianto - allegagione terzo palco
"Bollettino 17 del 3 giugno 2026 di Forlì-Cesena, Ravenna, Rimini",1030,ACTINIDIA,da allegagione ad ingrossamento frutti
"Bollettino 17 del 3 giugno 2026 di Forlì-Cesena, Ravenna, Rimini",1060,ALBICOCCO,da accrescimento frutti a maturazione
"Bollettino 17 del 3 giugno 2026 di Forlì-Cesena, Ravenna, Rimini",1115,CILIEGIO,maturazione
"Bollettino 17 del 3 giugno 2026 di Forlì-Cesena, Ravenna, Rimini",1152,KAKI,accrescimento frutti
"Bollettino 17 del 3 giugno 2026 di Forlì-Cesena, Ravenna, Rimini",1171,MELO,ingrossamento frutti
"Bollettino 17 del 3 giugno 2026 di Forlì-Cesena, Ravenna, Rimini",1252,NOCE,accrescimento frutto
"Bollettino 17 del 3 giugno 2026 di Forlì-Cesena, Ravenna, Rimini",1293,OLIVO,allegagione
"Bollettino 17 del 3 giugno 2026 di Forlì-Cesena, Ravenna, Rimini",1309,PERO,accrescimento frutti
"Bollettino 17 del 3 giugno 2026 di Forlì-Cesena, Ravenna, Rimini",1443,PESCO,da ingrossamento frutti a maturazione
"Bollettino 17 del 3 giugno 2026 di Forlì-Cesena, Ravenna, Rimini",1561,SUSINO,ingrossamento frutti
"Bollettino 17 del 3 giugno 2026 di Forlì-Cesena, Ravenna, Rimini",1607,VITE,da allegagione a sviluppo degli acini
"Bollettino 17 del 3 giugno 2026 di Forlì-Cesena, Ravenna, Rimini",1828,BARBABIETOLA,accrescimento fittone
"Bollettino 17 del 3 giugno 2026 di Forlì-Cesena, Ravenna, Rimini",1877,ERBA_MEDICA,accrescimento-sfalcio
"Bollettino 17 del 3 giugno 2026 di Forlì-Cesena, Ravenna, Rimini",1886,MAIS,da 8 foglie a levata
"Bollettino 17 del 3 giugno 2026 di Forlì-Cesena, Ravenna, Rimini",1920,SOIA,3-5 foglie trilobate
"Bollettino 17 del 3 giugno 2026 di Forlì-Cesena, Ravenna, Rimini",1963,CIPOLLA,da accrescimento bulbi ad inizio raccolta
"Bollettino 17 del 3 giugno 2026 di Forlì-Cesena, Ravenna, Rimini",2007,PATATA,ingrossamento tuberi
"Bollettino 17 del 3 giugno 2026 di Forlì-Cesena, Ravenna, Rimini",2085,PISELLO,da sviluppo vegetativo a maturazione
"Bollettino 17 del 3 giugno 2026 di Forlì-Cesena, Ravenna, Rimini",2099,POMODORO_INDUSTRIA,da pre-trapianto ad allegagione terzo palco
"Bollettino 17 del 3 giugno 2026 di Forlì-Cesena, Ravenna, Rimini",2923,ACTINIDIA,da allegagione ad ingrossamento frutti
"Bollettino 17 del 3 giugno 2026 di Forlì-Cesena, Ravenna, Rimini",2950,ALBICOCCO,da accrescimento frutti a maturazione
"Bollettino 17 del 3 giugno 2026 di Forlì-Cesena, Ravenna, Rimini",2983,CILIEGIO,maturazione
"Bollettino 17 del 3 giugno 2026 di Forlì-Cesena, Ravenna, Rimini",3017,KAKI,accrescimento frutti
"Bollettino 17 del 3 giugno 2026 di Forlì-Cesena, Ravenna, Rimini",3023,MELO,ingrossamento frutti
"Bollettino 17 del 3 giugno 2026 di Forlì-Cesena, Ravenna, Rimini",3099,NOCE,accrescimento frutto
"Bollettino 17 del 3 giugno 2026 di Forlì-Cesena, Ravenna, Rimini",3133,OLIVO,allegagione
"Bollettino 17 del 3 giugno 2026 di Forlì-Cesena, Ravenna, Rimini",3154,PERO,accrescimento frutti
"Bollettino 17 del 3 giugno 2026 di Forlì-Cesena, Ravenna, Rimini",3250,PESCO,da ingrossamento frutti ad indurimento nocciolo
"Bollettino 17 del 3 giugno 2026 di Forlì-Cesena, Ravenna, Rimini",3311,SUSINO,ingrossamento frutti
"Bollettino 17 del 3 giugno 2026 di Forlì-Cesena, Ravenna, Rimini",3352,VITE,da allegagione a sviluppo degli acini
"Bollettino 17 del 3 giugno 2026 di Forlì-Cesena, Ravenna, Rimini",3514,BARBABIETOLA,accrescimento fittone
"Bollettino 17 del 3 giugno 2026 di Forlì-Cesena, Ravenna, Rimini",3519,MAIS,da 8 foglie a levata
"Bollettino 17 del 3 giugno 2026 di Forlì-Cesena, Ravenna, Rimini",3560,CIPOLLA,da accrescimento bulbi a raccolta
"Bollettino 17 del 3 giugno 2026 di Forlì-Cesena, Ravenna, Rimini",3575,PATATA,ingrossamento tuberi
"Bollettino 17 del 3 giugno 2026 di Forlì-Cesena, Ravenna, Rimini",3615,PISELLO,da sviluppo vegetativo a maturazione
"Bollettino 17 del 3 giugno 2026 di Forlì-Cesena, Ravenna, Rimini",3621,POMODORO_INDUSTRIA,da pre-trapianto ad allegagione terzo palco
Bollettino 17 del 4 giugno 2026 Reggio Emilia,994,MELO,accrescimento frutti
Bollettino 17 del 4 giugno 2026 Reggio Emilia,1109,OLIVO,fioritura -allegagione
Bollettino 17 del 4 giugno 2026 Reggio Emilia,1152,PERO,ingrossamento frutti
Bollettino 17 del 4 giugno 2026 Reggio Emilia,1268,VITE,allegagione-acino dimensione pisello
Bollettino 17 del 4 giugno 2026 Reggio Emilia,1503,BARBABIETOLA,accrescimento fittone
Bollettino 17 del 4 giugno 2026 Reggio Emilia,1530,ERBA_MEDICA,Medica in produzione: sfalcio; Medica nuovo impianto: accrescimento
Bollettino 17 del 4 giugno 2026 Reggio Emilia,1547,MAIS,8 foglie-levata
Bollettino 17 del 4 giugno 2026 Reggio Emilia,1573,SOIA,3-5° foglia trilobata
Bollettino 17 del 4 giugno 2026 Reggio Emilia,1616,ANGURIA,accrescimento- inizio maturazione
Bollettino 17 del 4 giugno 2026 Reggio Emilia,1642,MELONE,accrescimento-inizio maturazione
Bollettino 17 del 4 giugno 2026 Reggio Emilia,1651,ANGURIA,accrescimento
Bollettino 17 del 4 giugno 2026 Reggio Emilia,1695,MELONE,accrescimento
Bollettino 17 del 4 giugno 2026 Reggio Emilia,1750,POMODORO_INDUSTRIA,pre-trapianto – allegagione 3° palco
Bollettino 17 del 4 giugno 2026 Reggio Emilia,2506,MELO,accrescimento frutti
Bollettino 17 del 4 giugno 2026 Reggio Emilia,2597,OLIVO,fioritura -allegagione
Bollettino 17 del 4 giugno 2026 Reggio Emilia,2639,PERO,ingrossamento frutti
Bollettino 17 del 4 giugno 2026 Reggio Emilia,2715,VITE,allegagione-acino dimensione pisello
Bollettino 17 del 4 giugno 2026 Reggio Emilia,2883,BARBABIETOLA,accrescimento fittone
Bollettino 17 del 4 giugno 2026 Reggio Emilia,2889,MAIS,da 8 foglie a levata
Bollettino 17 del 4 giugno 2026 Reggio Emilia,2931,ANGURIA,accrescimento-inizio maturazione
Bollettino 17 del 4 giugno 2026 Reggio Emilia,2953,MELONE,accrescimento-inizio maturazione
Bollettino 17 del 4 giugno 2026 Reggio Emilia,2960,ANGURIA,accrescimento
Bollettino 17 del 4 giugno 2026 Reggio Emilia,2977,MELONE,accrescimento
Bollettino 17 del 4 giugno 2026 Reggio Emilia,3005,POMODORO_INDUSTRIA,pre-trapianto – allegagione 3° palco
Bollettino 17 del 5 giugno 2026 di Piacenza,1116,ALBICOCCO,da accrescimento frutti a maturazione
Bollettino 17 del 5 giugno 2026 di Piacenza,1171,CILIEGIO,maturazione
Bollettino 17 del 5 giugno 2026 di Piacenza,1199,MELO,ingrossamento frutti
Bollettino 17 del 5 giugno 2026 di Piacenza,1248,PERO,accrescimento frutto
Bollettino 17 del 5 giugno 2026 di Piacenza,1323,PESCO,da ingrossamento frutto a indurimento nocciolo
Bollettino 17 del 5 giugno 2026 di Piacenza,1376,SUSINO,ingrossamento frutti
Bollettino 17 del 5 giugno 2026 di Piacenza,1394,OLIVO,allegagione – inizio accrescimento frutti
Bollettino 17 del 5 giugno 2026 di Piacenza,1414,VITE,allegagione – sviluppo acini
Bollettino 17 del 5 giugno 2026 di Piacenza,1660,BARBABIETOLA,accrescimento fittone
Bollettino 17 del 5 giugno 2026 di Piacenza,1697,ERBA_MEDICA,medica in produzione: sfalcio - ricaccio; medica nuovo impianto: sviluppo vegetativo - sfalcio
Bollettino 17 del 5 giugno 2026 di Piacenza,1706,MAIS,da 8 foglie a levata
Bollettino 17 del 5 giugno 2026 di Piacenza,1735,SOIA,2-4 foglie
Bollettino 17 del 5 giugno 2026 di Piacenza,1790,AGLIO,accrescimento bulbilli - maturazione
Bollettino 17 del 5 giugno 2026 di Piacenza,1800,BASILICO,da emergenza a sviluppo vegetativo
Bollettino 17 del 5 giugno 2026 di Piacenza,1843,CIPOLLA,Primaverile: ingrossamento bulbo
Bollettino 17 del 5 giugno 2026 di Piacenza,1892,PISELLO,da sviluppo vegetativo a riempimento baccelli
Bollettino 17 del 5 giugno 2026 di Piacenza,1906,POMODORO_INDUSTRIA,pre-trapianto – allegagione 4° palco
Bollettino 17 del 5 giugno 2026 di Piacenza,2717,ALBICOCCO,da accrescimento frutti a maturazione
Bollettino 17 del 5 giugno 2026 di Piacenza,2745,CILIEGIO,maturazione
Bollettino 17 del 5 giugno 2026 di Piacenza,2770,MELO,ingrossamento frutti
Bollettino 17 del 5 giugno 2026 di Piacenza,2816,PERO,accrescimento frutto
Bollettino 17 del 5 giugno 2026 di Piacenza,2861,PESCO,da ingrossamento frutto a indurimento nocciolo
Bollettino 17 del 5 giugno 2026 di Piacenza,2890,SUSINO,fine fioritura - allegagione
Bollettino 17 del 5 giugno 2026 di Piacenza,2917,OLIVO,allegagione – inizio accrescimento frutti
Bollettino 17 del 5 giugno 2026 di Piacenza,2927,VITE,allegagione – sviluppo acini
Bollettino 17 del 5 giugno 2026 di Piacenza,3181,PATATA,da inizio fioritura a ingrossamento tuberi
Bollettino 17 del 5 giugno 2026 di Piacenza,3192,POMODORO_INDUSTRIA,fioritura primo palco – allegagione 3° palco
Bollettino 18 del 09 giugno 2026 Modena,1057,ALBICOCCO,accrescimento-maturazione
Bollettino 18 del 09 giugno 2026 Modena,1105,CILIEGIO,maturazione
Bollettino 18 del 09 giugno 2026 Modena,1152,KAKI,accrescimento frutti
Bollettino 18 del 09 giugno 2026 Modena,1163,MELO,accrescimento frutti
Bollettino 18 del 09 giugno 2026 Modena,1260,OLIVO,allegagione
Bollettino 18 del 09 giugno 2026 Modena,1276,PERO,ingrossamento frutti
Bollettino 18 del 09 giugno 2026 Modena,1376,PESCO,ingrossamento frutti
Bollettino 18 del 09 giugno 2026 Modena,1466,SUSINO,ingrossamento frutti-maturazione
Bollettino 18 del 09 giugno 2026 Modena,1500,VITE,pre chiusura grappolo
Bollettino 18 del 09 giugno 2026 Modena,1735,BARBABIETOLA,accrescimento fittone
Bollettino 18 del 09 giugno 2026 Modena,1762,MAIS,levata-spigatura
Bollettino 18 del 09 giugno 2026 Modena,1781,SOIA,4-6° foglia trilobata-chiusura interfila
Bollettino 18 del 09 giugno 2026 Modena,1813,ANGURIA,accrescimento-inizio maturazione
Bollettino 18 del 09 giugno 2026 Modena,1858,MELONE,accrescimento-inizio maturazione
Bollettino 18 del 09 giugno 2026 Modena,1923,POMODORO_INDUSTRIA,termine trapianto – allegagione 4° palco
Bollettino 18 del 09 giugno 2026 Modena,2653,ALBICOCCO,accrescimento-maturazione
Bollettino 18 del 09 giugno 2026 Modena,2672,CILIEGIO,maturazione
Bollettino 18 del 09 giugno 2026 Modena,2691,KAKI,accrescimento frutti
Bollettino 18 del 09 giugno 2026 Modena,2699,MELO,accrescimento frutti
Bollettino 18 del 09 giugno 2026 Modena,2777,OLIVO,allegagione
Bollettino 18 del 09 giugno 2026 Modena,2785,PERO,ingrossamento frutti
Bollettino 18 del 09 giugno 2026 Modena,2856,PESCO,ingrossamento frutti
Bollettino 18 del 09 giugno 2026 Modena,2901,SUSINO,ingrossamento frutti-inizio maturazione
Bollettino 18 del 09 giugno 2026 Modena,2930,VITE,pre chiusura grappolo
Bollettino 18 del 09 giugno 2026 Modena,3084,BARBABIETOLA,accrescimento fittone
Bollettino 18 del 09 giugno 2026 Modena,3093,MAIS,levata-spigatura
Bollettino 18 del 09 giugno 2026 Modena,3135,ANGURIA,accrescimento-inizio maturazione
Bollettino 18 del 09 giugno 2026 Modena,3163,MELONE,accrescimento-inizio maturazione
Bollettino 18 del 09 giugno 2026 Modena,3180,POMODORO_INDUSTRIA,fine trapianto – allegagione 4° palco
Bollettino 18 del 10 giugno 2026 di Bologna e Ferrara,1182,ACTINIDIA,ingrossamento frutti
Bollettino 18 del 10 giugno 2026 di Bologna e Ferrara,1223,ALBICOCCO,da accrescimento frutti a maturazione
Bollettino 18 del 10 giugno 2026 di Bologna e Ferrara,1260,CILIEGIO,maturazione
Bollettino 18 del 10 giugno 2026 di Bologna e Ferrara,1307,KAKI,accrescimento frutti
Bollettino 18 del 10 giugno 2026 di Bologna e Ferrara,1327,MELO,ingrossamento frutti
Bollettino 18 del 10 giugno 2026 di Bologna e Ferrara,1395,NOCE,accrescimento frutto
Bollettino 18 del 10 giugno 2026 di Bologna e Ferrara,1439,OLIVO,allegagione
Bollettino 18 del 10 giugno 2026 di Bologna e Ferrara,1444,PERO,accrescimento frutti
Bollettino 18 del 10 giugno 2026 di Bologna e Ferrara,1604,PESCO,da ingrossamento frutti a maturazione
Bollettino 18 del 10 giugno 2026 di Bologna e Ferrara,1686,SUSINO,ingrossamento frutti - maturazione
Bollettino 18 del 10 giugno 2026 di Bologna e Ferrara,1724,VITE,da mignolatura a pre-chiusura grappolo
Bollettino 18 del 10 giugno 2026 di Bologna e Ferrara,1936,BARBABIETOLA,accrescimento fittone
Bollettino 18 del 10 giugno 2026 di Bologna e Ferrara,1973,ERBA_MEDICA,accrescimento-sfalcio
Bollettino 18 del 10 giugno 2026 di Bologna e Ferrara,1976,MAIS,da levata a spigatura – emissione pennacchio
Bollettino 18 del 10 giugno 2026 di Bologna e Ferrara,1982,RISO,da 3-5 foglie ad accestimento
Bollettino 18 del 10 giugno 2026 di Bologna e Ferrara,2085,SOIA,3-5 foglie trilobate
Bollettino 18 del 10 giugno 2026 di Bologna e Ferrara,2106,AGLIO,accrescimento bulbilli - maturazione
Bollettino 18 del 10 giugno 2026 di Bologna e Ferrara,2127,ANGURIA,da sviluppo vegetativo a maturazione
Bollettino 18 del 10 giugno 2026 di Bologna e Ferrara,2159,CAROTA,ingrossamento fittone - maturazione
Bollettino 18 del 10 giugno 2026 di Bologna e Ferrara,2184,CIPOLLA,accrescimento bulbi/ raccolta
Bollettino 18 del 10 giugno 2026 di Bologna e Ferrara,2231,MELONE,da sviluppo vegetativo a maturazione
Bollettino 18 del 10 giugno 2026 di Bologna e Ferrara,2286,PATATA,ingrossamento tuberi
Bollettino 18 del 10 giugno 2026 di Bologna e Ferrara,2351,PISELLO,da sviluppo vegetativo a riempimento baccelli
Bollettino 18 del 10 giugno 2026 di Bologna e Ferrara,2364,POMODORO_INDUSTRIA,allegagione 1°- 4° palco
Bollettino 18 del 10 giugno 2026 di Bologna e Ferrara,3313,ACTINIDIA,ingrossamento frutti
Bollettino 18 del 10 giugno 2026 di Bologna e Ferrara,3347,ALBICOCCO,da accrescimento frutti a maturazione
Bollettino 18 del 10 giugno 2026 di Bologna e Ferrara,3370,CILIEGIO,maturazione
Bollettino 18 del 10 giugno 2026 di Bologna e Ferrara,3407,KAKI,accrescimento frutti
Bollettino 18 del 10 giugno 2026 di Bologna e Ferrara,3413,MELO,ingrossamento frutti
Bollettino 18 del 10 giugno 2026 di Bologna e Ferrara,3476,NOCE,accrescimento frutto
Bollettino 18 del 10 giugno 2026 di Bologna e Ferrara,3511,OLIVO,allegagione
Bollettino 18 del 10 giugno 2026 di Bologna e Ferrara,3516,PERO,accrescimento frutti
Bollettino 18 del 10 giugno 2026 di Bologna e Ferrara,3575,PESCO,da ingrossamento frutti a maturazione
Bollettino 18 del 10 giugno 2026 di Bologna e Ferrara,3618,SUSINO,ingrossamento frutti - maturazione
Bollettino 18 del 10 giugno 2026 di Bologna e Ferrara,3636,VITE,da mignolatura a pre-chiusura grappolo
Bollettino 18 del 10 giugno 2026 di Bologna e Ferrara,3817,BARBABIETOLA,accrescimento fittone
Bollettino 18 del 10 giugno 2026 di Bologna e Ferrara,3832,MAIS,da levata a spigatura – emissione pennacchio
Bollettino 18 del 10 giugno 2026 di Bologna e Ferrara,3838,SOIA,3-5 foglie trilobate
Bollettino 18 del 10 giugno 2026 di Bologna e Ferrara,3865,ANGURIA,da sviluppo vegetativo a maturazione
Bollettino 18 del 10 giugno 2026 di Bologna e Ferrara,3892,CAROTA,ingrossamento fittone
Bollettino 18 del 10 giugno 2026 di Bologna e Ferrara,3898,CIPOLLA,accrescimento bulbi/ raccolta
Bollettino 18 del 10 giugno 2026 di Bologna e Ferrara,3912,MELONE,da sviluppo vegetativo a maturazione
Bollettino 18 del 10 giugno 2026 di Bologna e Ferrara,3940,PATATA,ingrossamento tuberi
Bollettino 18 del 10 giugno 2026 di Bologna e Ferrara,3959,PISELLO,da sviluppo vegetativo a riempimento baccelli
Bollettino 18 del 10 giugno 2026 di Bologna e Ferrara,3965,POMODORO_INDUSTRIA,allegagione 1°- 4° palco
"Bollettino 18 del 10 giugno 2026 di Forlì-Cesena, Ravenna, Rimini",1067,ACTINIDIA,ad ingrossamento frutti
"Bollettino 18 del 10 giugno 2026 di Forlì-Cesena, Ravenna, Rimini",1113,ALBICOCCO,da accrescimento frutti a maturazione
"Bollettino 18 del 10 giugno 2026 di Forlì-Cesena, Ravenna, Rimini",1170,CILIEGIO,maturazione
"Bollettino 18 del 10 giugno 2026 di Forlì-Cesena, Ravenna, Rimini",1210,KAKI,accrescimento frutti
"Bollettino 18 del 10 giugno 2026 di Forlì-Cesena, Ravenna, Rimini",1230,MELO,ingrossamento frutti
"Bollettino 18 del 10 giugno 2026 di Forlì-Cesena, Ravenna, Rimini",1305,NOCE,accrescimento frutto
"Bollettino 18 del 10 giugno 2026 di Forlì-Cesena, Ravenna, Rimini",1348,OLIVO,allegagione
"Bollettino 18 del 10 giugno 2026 di Forlì-Cesena, Ravenna, Rimini",1361,PERO,accrescimento frutti
"Bollettino 18 del 10 giugno 2026 di Forlì-Cesena, Ravenna, Rimini",1483,PESCO,da ingrossamento frutti a maturazione
"Bollettino 18 del 10 giugno 2026 di Forlì-Cesena, Ravenna, Rimini",1582,SUSINO,da ingrossamento frutti a maturazione
"Bollettino 18 del 10 giugno 2026 di Forlì-Cesena, Ravenna, Rimini",1646,VITE,da sviluppo acini a pre-chiusura grappolo
"Bollettino 18 del 10 giugno 2026 di Forlì-Cesena, Ravenna, Rimini",1879,BARBABIETOLA,accrescimento fittone
"Bollettino 18 del 10 giugno 2026 di Forlì-Cesena, Ravenna, Rimini",1914,ERBA_MEDICA,accrescimento-sfalcio
"Bollettino 18 del 10 giugno 2026 di Forlì-Cesena, Ravenna, Rimini",1917,MAIS,da levata ad emissione pennacchio
"Bollettino 18 del 10 giugno 2026 di Forlì-Cesena, Ravenna, Rimini",1922,SOIA,3-5 foglie trilobate
"Bollettino 18 del 10 giugno 2026 di Forlì-Cesena, Ravenna, Rimini",1965,CIPOLLA,da accrescimento bulbi-maturazione
"Bollettino 18 del 10 giugno 2026 di Forlì-Cesena, Ravenna, Rimini",2008,PATATA,ingrossamento tuberi
"Bollettino 18 del 10 giugno 2026 di Forlì-Cesena, Ravenna, Rimini",2073,PISELLO,da sviluppo vegetativo a maturazione
"Bollettino 18 del 10 giugno 2026 di Forlì-Cesena, Ravenna, Rimini",2086,POMODORO_INDUSTRIA,allegagione 1°- 4° palco
"Bollettino 18 del 10 giugno 2026 di Forlì-Cesena, Ravenna, Rimini",2990,ACTINIDIA,ad ingrossamento frutti
"Bollettino 18 del 10 giugno 2026 di Forlì-Cesena, Ravenna, Rimini",3025,ALBICOCCO,da accrescimento frutti a maturazione
"Bollettino 18 del 10 giugno 2026 di Forlì-Cesena, Ravenna, Rimini",3080,CILIEGIO,maturazione
"Bollettino 18 del 10 giugno 2026 di Forlì-Cesena, Ravenna, Rimini",3105,KAKI,accrescimento frutti
"Bollettino 18 del 10 giugno 2026 di Forlì-Cesena, Ravenna, Rimini",3111,MELO,ingrossamento frutti
"Bollettino 18 del 10 giugno 2026 di Forlì-Cesena, Ravenna, Rimini",3194,NOCE,accrescimento frutto
"Bollettino 18 del 10 giugno 2026 di Forlì-Cesena, Ravenna, Rimini",3226,OLIVO,allegagione
"Bollettino 18 del 10 giugno 2026 di Forlì-Cesena, Ravenna, Rimini",3245,PERO,accrescimento frutti
"Bollettino 18 del 10 giugno 2026 di Forlì-Cesena, Ravenna, Rimini",3329,PESCO,da ingrossamento frutti a maturazione
"Bollettino 18 del 10 giugno 2026 di Forlì-Cesena, Ravenna, Rimini",3381,SUSINO,da ingrossamento frutti a maturazione
"Bollettino 18 del 10 giugno 2026 di Forlì-Cesena, Ravenna, Rimini",3412,VITE,da sviluppo acini a pre-chiusura grappolo
"Bollettino 18 del 10 giugno 2026 di Forlì-Cesena, Ravenna, Rimini",3577,BARBABIETOLA,accrescimento fittone
"Bollettino 18 del 10 giugno 2026 di Forlì-Cesena, Ravenna, Rimini",3582,MAIS,da levata ad emissione pennacchio
"Bollettino 18 del 10 giugno 2026 di Forlì-Cesena, Ravenna, Rimini",3623,CIPOLLA,da accrescimento bulbi a raccolta
"Bollettino 18 del 10 giugno 2026 di Forlì-Cesena, Ravenna, Rimini",3637,PATATA,ingrossamento tuberi
"Bollettino 18 del 10 giugno 2026 di Forlì-Cesena, Ravenna, Rimini",3665,PISELLO,da sviluppo vegetativo a maturazione
"Bollettino 18 del 10 giugno 2026 di Forlì-Cesena, Ravenna, Rimini",3671,POMODORO_INDUSTRIA,allegagione 1°- 4° palco
Bollettino 18 del 11 giugno 2026 Reggio Emilia,1057,MELO,accrescimento frutti
Bollettino 18 del 11 giugno 2026 Reggio Emilia,1141,OLIVO,allegagione
Bollettino 18 del 11 giugno 2026 Reggio Emilia,1167,PERO,ingrossamento frutti
Bollettino 18 del 11 giugno 2026 Reggio Emilia,1264,VITE,pre chiusura grappolo
Bollettino 18 del 11 giugno 2026 Reggio Emilia,1487,BARBABIETOLA,accrescimento fittone
Bollettino 18 del 11 giugno 2026 Reggio Emilia,1524,MAIS,levata-spigatura
Bollettino 18 del 11 giugno 2026 Reggio Emilia,1533,SOIA,4-6° foglia trilobata-chiusura interfila
Bollettino 18 del 11 giugno 2026 Reggio Emilia,1574,ANGURIA,accrescimento-inizio maturazione
Bollettino 18 del 11 giugno 2026 Reggio Emilia,1618,MELONE,accrescimento-inizio maturazione
Bollettino 18 del 11 giugno 2026 Reggio Emilia,1674,ANGURIA,accrescimento- inizio maturazione
Bollettino 18 del 11 giugno 2026 Reggio Emilia,1699,MELONE,accrescimento-inizio maturazione
Bollettino 18 del 11 giugno 2026 Reggio Emilia,1709,POMODORO_INDUSTRIA,termine trapianti – allegagione 4° palco
Bollettino 18 del 11 giugno 2026 Reggio Emilia,2435,MELO,accrescimento frutti
Bollettino 18 del 11 giugno 2026 Reggio Emilia,2502,OLIVO,allegagione
Bollettino 18 del 11 giugno 2026 Reggio Emilia,2520,PERO,ingrossamento frutti
Bollettino 18 del 11 giugno 2026 Reggio Emilia,2590,VITE,pre chiusura grappolo
Bollettino 18 del 11 giugno 2026 Reggio Emilia,2750,BARBABIETOLA,accrescimento fittone
Bollettino 18 del 11 giugno 2026 Reggio Emilia,2759,MAIS,levata-spigatura
Bollettino 18 del 11 giugno 2026 Reggio Emilia,2801,ANGURIA,termine trapianti – allegagione 4° palco
Bollettino 18 del 11 giugno 2026 Reggio Emilia,2824,MELONE,accrescimento-inizio maturazione
Bollettino 18 del 11 giugno 2026 Reggio Emilia,2831,ANGURIA,accrescimento-inizio maturazione
Bollettino 18 del 11 giugno 2026 Reggio Emilia,2848,MELONE,accrescimento-inizio maturazione
Bollettino 18 del 11 giugno 2026 Reggio Emilia,2877,POMODORO_INDUSTRIA,fine trapianto – allegagione 4° palco
Bollettino 18 del 12 giugno 2026 di Parma,1056,ALBICOCCO,da accrescimento frutti a maturazione
Bollettino 18 del 12 giugno 2026 di Parma,1079,CILIEGIO,maturazione
Bollettino 18 del 12 giugno 2026 di Parma,1118,MELO,ingrossamento frutti
Bollettino 18 del 12 giugno 2026 di Parma,1172,PERO,accrescimento frutti
Bollettino 18 del 12 giugno 2026 di Parma,1241,PESCO,da ingrossamento frutto a indurimento nocciolo
Bollettino 18 del 12 giugno 2026 di Parma,1292,SUSINO,ingrossamento frutti
Bollettino 18 del 12 giugno 2026 di Parma,1317,OLIVO,accrescimento drupe
Bollettino 18 del 12 giugno 2026 di Parma,1325,VITE,da mignolatura a pre-chiusura grappolo
Bollettino 18 del 12 giugno 2026 di Parma,1569,BARBABIETOLA,accrescimento fittone
Bollettino 18 del 12 giugno 2026 di Parma,1609,ERBA_MEDICA,medica in produzione: ricaccio; medica nuovo impianto: sviluppo vegetativo - sfalcio
Bollettino 18 del 12 giugno 2026 di Parma,1617,MAIS,levata
Bollettino 18 del 12 giugno 2026 di Parma,1639,SOIA,da 4 foglie a inizio fioritura
Bollettino 18 del 12 giugno 2026 di Parma,1689,BASILICO,sviluppo vegetativo
Bollettino 18 del 12 giugno 2026 di Parma,1732,CIPOLLA,ingrossamento bulbo - raccolta
Bollettino 18 del 12 giugno 2026 di Parma,1763,POMODORO_INDUSTRIA,fioritura 1° palco – inizio invaiatura primo palco
Bollettino 18 del 12 giugno 2026 di Parma,2694,ALBICOCCO,da accrescimento frutti a maturazione
Bollettino 18 del 12 giugno 2026 di Parma,2713,CILIEGIO,maturazione
Bollettino 18 del 12 giugno 2026 di Parma,2723,MELO,ingrossamento frutti
Bollettino 18 del 12 giugno 2026 di Parma,2771,PERO,accrescimento frutti
Bollettino 18 del 12 giugno 2026 di Parma,2822,PESCO,da ingrossamento frutto a indurimento nocciolo
Bollettino 18 del 12 giugno 2026 di Parma,2855,SUSINO,ingrossamento frutti
Bollettino 18 del 12 giugno 2026 di Parma,2866,OLIVO,accrescimento drupe
Bollettino 18 del 12 giugno 2026 di Parma,2885,VITE,da mignolatura a pre-chiusura grappolo
Bollettino 18 del 12 giugno 2026 di Parma,3129,PATATA,da fine fioritura a sviluppo tubero
Bollettino 18 del 12 giugno 2026 di Parma,3139,POMODORO_INDUSTRIA,allegagione 1° palco - allegagione 4° palco
Bollettino 18 del 12 giugno 2026 di Piacenza,1081,ALBICOCCO,da accrescimento frutti a maturazione
Bollettino 18 del 12 giugno 2026 di Piacenza,1115,CILIEGIO,maturazione
Bollettino 18 del 12 giugno 2026 di Piacenza,1143,MELO,ingrossamento frutti
Bollettino 18 del 12 giugno 2026 di Piacenza,1196,PERO,accrescimento frutto
Bollettino 18 del 12 giugno 2026 di Piacenza,1269,PESCO,da ingrossamento frutto a indurimento nocciolo
Bollettino 18 del 12 giugno 2026 di Piacenza,1326,SUSINO,ingrossamento frutti
Bollettino 18 del 12 giugno 2026 di Piacenza,1341,OLIVO,accrescimento drupe
Bollettino 18 del 12 giugno 2026 di Piacenza,1349,VITE,da mignolatura a pre-chiusura grappolo
Bollettino 18 del 12 giugno 2026 di Piacenza,1617,BARBABIETOLA,accrescimento fittone
Bollettino 18 del 12 giugno 2026 di Piacenza,1657,ERBA_MEDICA,medica in produzione: ricaccio; medica nuovo impianto: sviluppo vegetativo - sfalcio
Bollettino 18 del 12 giugno 2026 di Piacenza,1665,MAIS,levata
Bollettino 18 del 12 giugno 2026 di Piacenza,1686,SOIA,da 4 foglie a inizio fioritura
Bollettino 18 del 12 giugno 2026 di Piacenza,1738,AGLIO,accrescimento bulbilli - maturazione
Bollettino 18 del 12 giugno 2026 di Piacenza,1748,BASILICO,sviluppo vegetativo
Bollettino 18 del 12 giugno 2026 di Piacenza,1791,CIPOLLA,Primaverile: ingrossamento bulbo - raccolta
Bollettino 18 del 12 giugno 2026 di Piacenza,1822,PISELLO,da sviluppo vegetativo a riempimento baccelli
Bollettino 18 del 12 giugno 2026 di Piacenza,1847,POMODORO_INDUSTRIA,fioritura 1° palco – inizio invaiatura 1° palco
Bollettino 18 del 12 giugno 2026 di Piacenza,2764,ALBICOCCO,da accrescimento frutti a maturazione
Bollettino 18 del 12 giugno 2026 di Piacenza,2786,CILIEGIO,maturazione
Bollettino 18 del 12 giugno 2026 di Piacenza,2798,MELO,ingrossamento frutti
Bollettino 18 del 12 giugno 2026 di Piacenza,2845,PERO,accrescimento frutto
Bollettino 18 del 12 giugno 2026 di Piacenza,2892,PESCO,da ingrossamento frutto a indurimento nocciolo
Bollettino 18 del 12 giugno 2026 di Piacenza,2925,SUSINO,ingrossamento frutti
Bollettino 18 del 12 giugno 2026 di Piacenza,2936,OLIVO,accrescimento drupe
Bollettino 18 del 12 giugno 2026 di Piacenza,2944,VITE,da mignolatura a pre-chiusura grappolo
Bollettino 18 del 12 giugno 2026 di Piacenza,3202,PATATA,da fine fioritura a sviluppo tubero
Bollettino 18 del 12 giugno 2026 di Piacenza,3212,POMODORO_INDUSTRIA,allegagione 1° palco - allegagione 4° palco
Bollettino 19 del 16 giugno 2026 Modena,1056,ALBICOCCO,accrescimento-maturazione
Bollettino 19 del 16 giugno 2026 Modena,1108,CILIEGIO,maturazione
Bollettino 19 del 16 giugno 2026 Modena,1153,KAKI,accrescimento frutti
Bollettino 19 del 16 giugno 2026 Modena,1164,MELO,accrescimento frutti
Bollettino 19 del 16 giugno 2026 Modena,1271,OLIVO,allegagione
Bollettino 19 del 16 giugno 2026 Modena,1297,PERO,ingrossamento frutti
Bollettino 19 del 16 giugno 2026 Modena,1402,PESCO,ingrossamento frutti-maturazione
Bollettino 19 del 16 giugno 2026 Modena,1499,SUSINO,ingrossamento frutti-maturazione
Bollettino 19 del 16 giugno 2026 Modena,1517,VITE,chiusura grappolo
Bollettino 19 del 16 giugno 2026 Modena,1749,BARBABIETOLA,accrescimento fittone
Bollettino 19 del 16 giugno 2026 Modena,1772,MAIS,emissione pennacchio
Bollettino 19 del 16 giugno 2026 Modena,1791,SOIA,6° foglia trilobata-chiusura interfila
Bollettino 19 del 16 giugno 2026 Modena,1823,ANGURIA,accrescimento-inizio maturazione
Bollettino 19 del 16 giugno 2026 Modena,1867,MELONE,accrescimento-inizio maturazione
Bollettino 19 del 16 giugno 2026 Modena,1934,POMODORO_INDUSTRIA,termine trapianto – invaiatura primo palco
Bollettino 19 del 16 giugno 2026 Modena,2791,ALBICOCCO,accrescimento-maturazione
Bollettino 19 del 16 giugno 2026 Modena,2820,CILIEGIO,maturazione
Bollettino 19 del 16 giugno 2026 Modena,2848,KAKI,accrescimento frutti
Bollettino 19 del 16 giugno 2026 Modena,2856,MELO,accrescimento frutti
Bollettino 19 del 16 giugno 2026 Modena,2930,OLIVO,allegagione
Bollettino 19 del 16 giugno 2026 Modena,2948,PERO,ingrossamento frutti
Bollettino 19 del 16 giugno 2026 Modena,3025,PESCO,ingrossamento frutti -maturazione
Bollettino 19 del 16 giugno 2026 Modena,3076,SUSINO,ingrossamento frutti-inizio maturazione
Bollettino 19 del 16 giugno 2026 Modena,3100,VITE,chiusura grappolo
Bollettino 19 del 16 giugno 2026 Modena,3258,BARBABIETOLA,accrescimento fittone
Bollettino 19 del 16 giugno 2026 Modena,3266,MAIS,emissione pennacchio
Bollettino 19 del 16 giugno 2026 Modena,3308,ANGURIA,accrescimento-inizio maturazione
Bollettino 19 del 16 giugno 2026 Modena,3335,MELONE,accrescimento-inizio maturazione
Bollettino 19 del 16 giugno 2026 Modena,3352,POMODORO_INDUSTRIA,termine trapianto – invaiatura primo palco fine trapianto
Bollettino 19 del 17 giugno 2026 di Bologna e Ferrara,1029,ACTINIDIA,ingrossamento frutti
Bollettino 19 del 17 giugno 2026 di Bologna e Ferrara,1073,ALBICOCCO,da accrescimento frutti a maturazione
Bollettino 19 del 17 giugno 2026 di Bologna e Ferrara,1111,CILIEGIO,maturazione
Bollettino 19 del 17 giugno 2026 di Bologna e Ferrara,1154,KAKI,accrescimento frutti
Bollettino 19 del 17 giugno 2026 di Bologna e Ferrara,1164,MELO,ingrossamento frutti
Bollettino 19 del 17 giugno 2026 di Bologna e Ferrara,1260,NOCE,accrescimento frutto
Bollettino 19 del 17 giugno 2026 di Bologna e Ferrara,1304,OLIVO,allegagione
Bollettino 19 del 17 giugno 2026 di Bologna e Ferrara,1309,PERO,accrescimento frutti
Bollettino 19 del 17 giugno 2026 di Bologna e Ferrara,1472,PESCO,da ingrossamento frutti a maturazione
Bollettino 19 del 17 giugno 2026 di Bologna e Ferrara,1569,SUSINO,ingrossamento frutti - maturazione
Bollettino 19 del 17 giugno 2026 di Bologna e Ferrara,1614,VITE,chiusura grappolo
Bollettino 19 del 17 giugno 2026 di Bologna e Ferrara,1833,BARBABIETOLA,accrescimento fittone
Bollettino 19 del 17 giugno 2026 di Bologna e Ferrara,1866,ERBA_MEDICA,accrescimento-sfalcio
Bollettino 19 del 17 giugno 2026 di Bologna e Ferrara,1869,MAIS,spigatura – emissione pennacchio
Bollettino 19 del 17 giugno 2026 di Bologna e Ferrara,1875,RISO,accestimento
Bollettino 19 del 17 giugno 2026 di Bologna e Ferrara,1978,SOIA,3-5 foglie trilobate
Bollettino 19 del 17 giugno 2026 di Bologna e Ferrara,1999,AGLIO,accrescimento bulbilli - maturazione
Bollettino 19 del 17 giugno 2026 di Bologna e Ferrara,2002,ANGURIA,da sviluppo vegetativo a maturazione
Bollettino 19 del 17 giugno 2026 di Bologna e Ferrara,2045,CAROTA,ingrossamento fittone - maturazione
Bollettino 19 del 17 giugno 2026 di Bologna e Ferrara,2060,CIPOLLA,accrescimento bulbi/ raccolta
Bollettino 19 del 17 giugno 2026 di Bologna e Ferrara,2105,MELONE,da sviluppo vegetativo a maturazione
Bollettino 19 del 17 giugno 2026 di Bologna e Ferrara,2160,PATATA,ingrossamento tuberi
Bollettino 19 del 17 giugno 2026 di Bologna e Ferrara,2226,PISELLO,da sviluppo vegetativo a riempimento baccelli
Bollettino 19 del 17 giugno 2026 di Bologna e Ferrara,2249,POMODORO_INDUSTRIA,allegagione 1°- 4° palco inizio invaiatura 1° palco
Bollettino 19 del 17 giugno 2026 di Bologna e Ferrara,3128,ACTINIDIA,ingrossamento frutti
Bollettino 19 del 17 giugno 2026 di Bologna e Ferrara,3149,ALBICOCCO,da accrescimento frutti a maturazione
Bollettino 19 del 17 giugno 2026 di Bologna e Ferrara,3180,CILIEGIO,maturazione
Bollettino 19 del 17 giugno 2026 di Bologna e Ferrara,3202,KAKI,accrescimento frutti
Bollettino 19 del 17 giugno 2026 di Bologna e Ferrara,3220,MELO,ingrossamento frutti
Bollettino 19 del 17 giugno 2026 di Bologna e Ferrara,3282,NOCE,accrescimento frutto
Bollettino 19 del 17 giugno 2026 di Bologna e Ferrara,3305,OLIVO,allegagione
Bollettino 19 del 17 giugno 2026 di Bologna e Ferrara,3310,PERO,accrescimento frutti
Bollettino 19 del 17 giugno 2026 di Bologna e Ferrara,3363,PESCO,da ingrossamento frutti a maturazione
Bollettino 19 del 17 giugno 2026 di Bologna e Ferrara,3406,SUSINO,ingrossamento frutti - maturazione
Bollettino 19 del 17 giugno 2026 di Bologna e Ferrara,3440,VITE,chiusura grappolo
Bollettino 19 del 17 giugno 2026 di Bologna e Ferrara,3617,BARBABIETOLA,accrescimento fittone
Bollettino 19 del 17 giugno 2026 di Bologna e Ferrara,3625,MAIS,spigatura – emissione pennacchio
Bollettino 19 del 17 giugno 2026 di Bologna e Ferrara,3631,SOIA,3-5 foglie trilobate
Bollettino 19 del 17 giugno 2026 di Bologna e Ferrara,3668,ANGURIA,da sviluppo vegetativo a maturazione
Bollettino 19 del 17 giugno 2026 di Bologna e Ferrara,3684,CAROTA,ingrossamento fittone
Bollettino 19 del 17 giugno 2026 di Bologna e Ferrara,3700,CIPOLLA,accrescimento bulbi/ raccolta
Bollettino 19 del 17 giugno 2026 di Bologna e Ferrara,3715,MELONE,da sviluppo vegetativo a maturazione
Bollettino 19 del 17 giugno 2026 di Bologna e Ferrara,3733,PATATA,ingrossamento tuberi
Bollettino 19 del 17 giugno 2026 di Bologna e Ferrara,3762,PISELLO,da sviluppo vegetativo a riempimento baccelli
Bollettino 19 del 17 giugno 2026 di Bologna e Ferrara,3768,POMODORO_INDUSTRIA,allegagione 1°- 4° palco
"Bollettino 19 del 17 giugno 2026 di Forlì-Cesena, Ravenna, Rimini",1010,ACTINIDIA,ingrossamento frutti
"Bollettino 19 del 17 giugno 2026 di Forlì-Cesena, Ravenna, Rimini",1062,ALBICOCCO,da accrescimento frutti a maturazione
"Bollettino 19 del 17 giugno 2026 di Forlì-Cesena, Ravenna, Rimini",1118,CILIEGIO,maturazione
"Bollettino 19 del 17 giugno 2026 di Forlì-Cesena, Ravenna, Rimini",1161,KAKI,accrescimento frutti
"Bollettino 19 del 17 giugno 2026 di Forlì-Cesena, Ravenna, Rimini",1172,MELO,ingrossamento frutti
"Bollettino 19 del 17 giugno 2026 di Forlì-Cesena, Ravenna, Rimini",1280,NOCE,accrescimento frutto
"Bollettino 19 del 17 giugno 2026 di Forlì-Cesena, Ravenna, Rimini",1324,OLIVO,da allegagione ad accrescimento frutti
"Bollettino 19 del 17 giugno 2026 di Forlì-Cesena, Ravenna, Rimini",1338,PERO,accrescimento frutti
"Bollettino 19 del 17 giugno 2026 di Forlì-Cesena, Ravenna, Rimini",1454,PESCO,da ingrossamento frutti a maturazione
"Bollettino 19 del 17 giugno 2026 di Forlì-Cesena, Ravenna, Rimini",1562,SUSINO,da ingrossamento frutti a maturazione
"Bollettino 19 del 17 giugno 2026 di Forlì-Cesena, Ravenna, Rimini",1628,VITE,da pre-chiusura a chiusura grappolo
"Bollettino 19 del 17 giugno 2026 di Forlì-Cesena, Ravenna, Rimini",1870,BARBABIETOLA,accrescimento fittone
"Bollettino 19 del 17 giugno 2026 di Forlì-Cesena, Ravenna, Rimini",1901,ERBA_MEDICA,accrescimento-sfalcio
"Bollettino 19 del 17 giugno 2026 di Forlì-Cesena, Ravenna, Rimini",1915,MAIS,da spigatura ad emissione pennacchio
"Bollettino 19 del 17 giugno 2026 di Forlì-Cesena, Ravenna, Rimini",1920,SOIA,3-5 foglie trilobate
"Bollettino 19 del 17 giugno 2026 di Forlì-Cesena, Ravenna, Rimini",1952,CIPOLLA,da accrescimento bulbi a maturazione
"Bollettino 19 del 17 giugno 2026 di Forlì-Cesena, Ravenna, Rimini",1996,PATATA,ingrossamento tuberi
"Bollettino 19 del 17 giugno 2026 di Forlì-Cesena, Ravenna, Rimini",2061,PISELLO,da sviluppo vegetativo a maturazione
"Bollettino 19 del 17 giugno 2026 di Forlì-Cesena, Ravenna, Rimini",2074,POMODORO_INDUSTRIA,da allegagione 1°- 4° palco a inizio invaiatura 1° palco
"Bollettino 19 del 17 giugno 2026 di Forlì-Cesena, Ravenna, Rimini",2955,ACTINIDIA,ingrossamento frutti
"Bollettino 19 del 17 giugno 2026 di Forlì-Cesena, Ravenna, Rimini",2992,ALBICOCCO,da accrescimento frutti a maturazione
"Bollettino 19 del 17 giugno 2026 di Forlì-Cesena, Ravenna, Rimini",3038,CILIEGIO,maturazione
"Bollettino 19 del 17 giugno 2026 di Forlì-Cesena, Ravenna, Rimini",3057,KAKI,accrescimento frutti
"Bollettino 19 del 17 giugno 2026 di Forlì-Cesena, Ravenna, Rimini",3063,MELO,ingrossamento frutti
"Bollettino 19 del 17 giugno 2026 di Forlì-Cesena, Ravenna, Rimini",3151,NOCE,accrescimento frutto
"Bollettino 19 del 17 giugno 2026 di Forlì-Cesena, Ravenna, Rimini",3184,OLIVO,da allegagione ad accrescimento frutti
"Bollettino 19 del 17 giugno 2026 di Forlì-Cesena, Ravenna, Rimini",3207,PERO,accrescimento frutti
"Bollettino 19 del 17 giugno 2026 di Forlì-Cesena, Ravenna, Rimini",3284,PESCO,da ingrossamento frutti a maturazione
"Bollettino 19 del 17 giugno 2026 di Forlì-Cesena, Ravenna, Rimini",3340,SUSINO,da ingrossamento frutti a maturazione
"Bollettino 19 del 17 giugno 2026 di Forlì-Cesena, Ravenna, Rimini",3371,VITE,da pre-chiusura a chiusura grappolo
"Bollettino 19 del 17 giugno 2026 di Forlì-Cesena, Ravenna, Rimini",3540,BARBABIETOLA,accrescimento fittone
"Bollettino 19 del 17 giugno 2026 di Forlì-Cesena, Ravenna, Rimini",3547,ERBA_MEDICA,accrescimento-sfalcio
"Bollettino 19 del 17 giugno 2026 di Forlì-Cesena, Ravenna, Rimini",3561,MAIS,da spigatura ad emissione pennacchio
"Bollettino 19 del 17 giugno 2026 di Forlì-Cesena, Ravenna, Rimini",3575,SOIA,3-5 foglie trilobate
"Bollettino 19 del 17 giugno 2026 di Forlì-Cesena, Ravenna, Rimini",3603,CIPOLLA,da accrescimento bulbi a maturazione
"Bollettino 19 del 17 giugno 2026 di Forlì-Cesena, Ravenna, Rimini",3628,PATATA,ingrossamento tuberi
"Bollettino 19 del 17 giugno 2026 di Forlì-Cesena, Ravenna, Rimini",3647,PISELLO,da sviluppo vegetativo a maturazione
"Bollettino 19 del 17 giugno 2026 di Forlì-Cesena, Ravenna, Rimini",3653,POMODORO_INDUSTRIA,da allegagione 1°- 4° palco a inizio invaiatura 1° palco
Bollettino 19 del 19 giugno 2026 di Parma,1024,ALBICOCCO,da accrescimento frutti a maturazione
Bollettino 19 del 19 giugno 2026 di Parma,1046,CILIEGIO,maturazione
Bollettino 19 del 19 giugno 2026 di Parma,1083,MELO,ingrossamento frutti
Bollettino 19 del 19 giugno 2026 di Parma,1144,PERO,accrescimento frutti
Bollettino 19 del 19 giugno 2026 di Parma,1227,PESCO,da ingrossamento frutto a inizio maturazione
Bollettino 19 del 19 giugno 2026 di Parma,1283,SUSINO,ingrossamento frutti
Bollettino 19 del 19 giugno 2026 di Parma,1296,OLIVO,accrescimento drupe
Bollettino 19 del 19 giugno 2026 di Parma,1306,VITE,da pre-chiusura a chiusura grappolo
Bollettino 19 del 19 giugno 2026 di Parma,1560,BARBABIETOLA,accrescimento fittone
Bollettino 19 del 19 giugno 2026 di Parma,1593,MAIS,levata – emissione pennacchio
Bollettino 19 del 19 giugno 2026 di Parma,1600,SOIA,da 4 foglie a inizio fioritura
Bollettino 19 del 19 giugno 2026 di Parma,1620,BASILICO,sviluppo vegetativo
Bollettino 19 del 19 giugno 2026 di Parma,1664,CIPOLLA,ingrossamento bulbo - raccolta
Bollettino 19 del 19 giugno 2026 di Parma,1705,POMODORO_INDUSTRIA,da inizio allegagione 1° palco ad inizio invaiatura secondo palco
Bollettino 19 del 19 giugno 2026 di Parma,2629,ALBICOCCO,da accrescimento frutti a maturazione
Bollettino 19 del 19 giugno 2026 di Parma,2646,CILIEGIO,maturazione
Bollettino 19 del 19 giugno 2026 di Parma,2656,MELO,ingrossamento frutti
Bollettino 19 del 19 giugno 2026 di Parma,2703,PERO,accrescimento frutti
Bollettino 19 del 19 giugno 2026 di Parma,2753,PESCO,da ingrossamento frutto a indurimento nocciolo
Bollettino 19 del 19 giugno 2026 di Parma,2788,SUSINO,ingrossamento frutti
Bollettino 19 del 19 giugno 2026 di Parma,2799,OLIVO,accrescimento drupe
Bollettino 19 del 19 giugno 2026 di Parma,2821,VITE,da pre-chiusura a chiusura grappolo
Bollettino 19 del 19 giugno 2026 di Parma,3050,PATATA,ingrossamento tuberi
Bollettino 19 del 19 giugno 2026 di Parma,3060,POMODORO_INDUSTRIA,da allegagione 2° palco a invaiatura 1° palco
Bollettino 19 del 19 giugno 2026 di Piacenza,1049,ALBICOCCO,da accrescimento frutti a maturazione
Bollettino 19 del 19 giugno 2026 di Piacenza,1082,CILIEGIO,maturazione
Bollettino 19 del 19 giugno 2026 di Piacenza,1121,MELO,ingrossamento frutti
Bollettino 19 del 19 giugno 2026 di Piacenza,1184,PERO,accrescimento frutto
Bollettino 19 del 19 giugno 2026 di Piacenza,1254,PESCO,da ingrossamento frutti a inizio maturazione
Bollettino 19 del 19 giugno 2026 di Piacenza,1323,SUSINO,ingrossamento frutti
Bollettino 19 del 19 giugno 2026 di Piacenza,1336,OLIVO,accrescimento drupe
Bollettino 19 del 19 giugno 2026 di Piacenza,1346,VITE,da pre-chiusura a chiusura grappolo
Bollettino 19 del 19 giugno 2026 di Piacenza,1621,BARBABIETOLA,accrescimento fittone
Bollettino 19 del 19 giugno 2026 di Piacenza,1655,MAIS,levata – emissione pennacchio
Bollettino 19 del 19 giugno 2026 di Piacenza,1661,SOIA,da 4 foglie a inizio fioritura
Bollettino 19 del 19 giugno 2026 di Piacenza,1690,BASILICO,sviluppo vegetativo
Bollettino 19 del 19 giugno 2026 di Piacenza,1723,CIPOLLA,Primaverile: ingrossamento bulbo - raccolta
Bollettino 19 del 19 giugno 2026 di Piacenza,1765,PISELLO,da sviluppo vegetativo a riempimento baccelli
Bollettino 19 del 19 giugno 2026 di Piacenza,1789,POMODORO_INDUSTRIA,da inizio allegagione 1° palco ad inizio invaiatura 2° palco
Bollettino 19 del 19 giugno 2026 di Piacenza,2696,ALBICOCCO,da accrescimento frutti a maturazione
Bollettino 19 del 19 giugno 2026 di Piacenza,2726,CILIEGIO,maturazione
Bollettino 19 del 19 giugno 2026 di Piacenza,2737,MELO,ingrossamento frutti
Bollettino 19 del 19 giugno 2026 di Piacenza,2784,PERO,accrescimento frutto
Bollettino 19 del 19 giugno 2026 di Piacenza,2834,PESCO,da ingrossamento frutti a inizio maturazione
Bollettino 19 del 19 giugno 2026 di Piacenza,2868,SUSINO,ingrossamento frutti
Bollettino 19 del 19 giugno 2026 di Piacenza,2879,OLIVO,accrescimento drupe
Bollettino 19 del 19 giugno 2026 di Piacenza,2889,VITE,da pre-chiusura a chiusura grappolo
Bollettino 19 del 19 giugno 2026 di Piacenza,3138,PATATA,ingrossamento tuberi
Bollettino 19 del 19 giugno 2026 di Piacenza,3148,POMODORO_INDUSTRIA,da allegagione 2° palco a invaiatura 1° palco
Bollettino 2 del 17 febbraio 2026 di Modena,844,ALBICOCCO,rigonfiamento gemma- bottone rosso
Bollettino 2 del 17 febbraio 2026 di Modena,865,CILIEGIO,inizio rigonfiamento gemma
Bollettino 2 del 17 febbraio 2026 di Modena,879,MELO,gemma ferma-inizio rigonfiamento gemma
Bollettino 2 del 17 febbraio 2026 di Modena,892,PERO,gemma ferma- inizio rigonfiamento gemma
Bollettino 2 del 17 febbraio 2026 di Modena,902,PESCO,rottura gemma a legno
Bollettino 2 del 17 febbraio 2026 di Modena,931,SUSINO_CINO_GIAPPONESE,rigonfiamento gemme-bottone verde
Bollettino 2 del 17 febbraio 2026 di Modena,946,SUSINO_EUROPEO,inizio rigonfiamento gemma
Bollettino 2 del 17 febbraio 2026 di Modena,949,VITE,gemma ferma
Bollettino 2 del 17 febbraio 2026 di Modena,994,BARBABIETOLA,pre-semina
Bollettino 2 del 17 febbraio 2026 di Modena,1042,COLZA,sviluppo fogliare -rosetta
Bollettino 2 del 17 febbraio 2026 di Modena,1091,ERBA_MEDICA,impianti vecchi ripresa vegetativa-impianti nuovi pre-semina
Bollettino 2 del 17 febbraio 2026 di Modena,1141,FRUMENTO,accestimento
Bollettino 2 del 17 febbraio 2026 di Modena,1362,MAIS,pre-semina
Bollettino 2 del 17 febbraio 2026 di Modena,1935,ALBICOCCO,da gemma gonfia-bottone rosso
Bollettino 2 del 17 febbraio 2026 di Modena,1956,CILIEGIO,inizio rigonfiamento gemma
Bollettino 2 del 17 febbraio 2026 di Modena,1960,MELO,gemma ferma-inizio rigonfiamento gemma
Bollettino 2 del 17 febbraio 2026 di Modena,1984,PERO,gemma ferma- inizio rigonfiamento gemma
Bollettino 2 del 17 febbraio 2026 di Modena,1994,PESCO,rottura gemma a legno
Bollettino 2 del 17 febbraio 2026 di Modena,2009,SUSINO_EUROPEO,inizio rigonfiamento gemma
Bollettino 2 del 17 febbraio 2026 di Modena,2021,SUSINO_CINO_GIAPPONESE,rigonfiamento gemme-bottone verde
Bollettino 2 del 17 febbraio 2026 di Modena,2048,FRUMENTO,accestimento
Bollettino 2 del 17 febbraio 2026 di Modena,2068,ERBA_MEDICA,impianti vecchi ripresa vegetativa -impianti nuovi pre semina
Bollettino 2 del 18 febbraio 2026 Reggio Emilia,845,MELO,gemma ferma-inizio rigonfiamento gemma
Bollettino 2 del 18 febbraio 2026 Reggio Emilia,868,PERO,gemma ferma- inizio rigonfiamento gemma
Bollettino 2 del 18 febbraio 2026 Reggio Emilia,878,VITE,gemma ferma
Bollettino 2 del 18 febbraio 2026 Reggio Emilia,925,BARBABIETOLA,pre-semina
Bollettino 2 del 18 febbraio 2026 Reggio Emilia,973,COLZA,sviluppo fogliare -rosetta
Bollettino 2 del 18 febbraio 2026 Reggio Emilia,1022,ERBA_MEDICA,impianti vecchi ripresa vegetativa-impianti nuovi pre-semina
Bollettino 2 del 18 febbraio 2026 Reggio Emilia,1072,FRUMENTO,accestimento
Bollettino 2 del 18 febbraio 2026 Reggio Emilia,1289,MAIS,pre-semina
Bollettino 2 del 18 febbraio 2026 Reggio Emilia,1865,MELO,gemma ferma-inizio rigonfiamento gemma
Bollettino 2 del 18 febbraio 2026 Reggio Emilia,1887,PERO,gemma ferma- inizio rigonfiamento gemma
Bollettino 2 del 18 febbraio 2026 Reggio Emilia,1897,VITE,gemma ferma
Bollettino 2 del 18 febbraio 2026 Reggio Emilia,1933,FRUMENTO,accestimento
Bollettino 2 del 18 febbraio 2026 Reggio Emilia,1943,ERBA_MEDICA,impianti vecchi ripresa vegetativa -impianti nuovi pre semina
Bollettino 2 del 18 febbraio 2026 di Bologna e Ferrara,814,ACTINIDIA,gemma ferma
Bollettino 2 del 18 febbraio 2026 di Bologna e Ferrara,823,ALBICOCCO,da gemma gonfia a bottone rosso
Bollettino 2 del 18 febbraio 2026 di Bologna e Ferrara,845,MELO,da gemma ferma a inizio rigonfiamento gemme
Bollettino 2 del 18 febbraio 2026 di Bologna e Ferrara,861,PERO,da gemma ferma a inizio rigonfiamento gemme
Bollettino 2 del 18 febbraio 2026 di Bologna e Ferrara,878,PESCO,da gemma ferma a inizio rottura gemma a legno
Bollettino 2 del 18 febbraio 2026 di Bologna e Ferrara,892,SUSINO_CINO_GIAPPONESE,da gemma gonfia a bottone verde
Bollettino 2 del 18 febbraio 2026 di Bologna e Ferrara,915,VITE,gemma ferma
Bollettino 2 del 18 febbraio 2026 di Bologna e Ferrara,948,BARBABIETOLA,pre-semina
Bollettino 2 del 18 febbraio 2026 di Bologna e Ferrara,993,COLZA,sviluppo fogliare
Bollettino 2 del 18 febbraio 2026 di Bologna e Ferrara,1050,ERBA_MEDICA,Medica in produzione: ripresa vegetativa; Medica nuovo impianto: pre-semina
Bollettino 2 del 18 febbraio 2026 di Bologna e Ferrara,1104,FRUMENTO,da inizio a pieno accestimento
Bollettino 2 del 18 febbraio 2026 di Bologna e Ferrara,1324,MAIS,pre-semina
Bollettino 2 del 18 febbraio 2026 di Bologna e Ferrara,1349,ASPARAGO,Pre-ricaccio
Bollettino 2 del 18 febbraio 2026 di Bologna e Ferrara,1369,CAROTA,da pre-semina a sviluppo vegetativo
Bollettino 2 del 18 febbraio 2026 di Bologna e Ferrara,1403,CIPOLLA,Autunnale: 3-4 foglie – Primaverile: pre-semina
Bollettino 2 del 18 febbraio 2026 di Bologna e Ferrara,1465,PATATA,pre-semina
Bollettino 2 del 18 febbraio 2026 di Bologna e Ferrara,1490,PISELLO,da pre-semina a 3-5 foglie
Bollettino 2 del 18 febbraio 2026 di Bologna e Ferrara,2111,ACTINIDIA,gemma ferma
Bollettino 2 del 18 febbraio 2026 di Bologna e Ferrara,2120,ALBICOCCO,da gemma gonfia a bottone rosso
Bollettino 2 del 18 febbraio 2026 di Bologna e Ferrara,2141,MELO,da gemma ferma a inizio rigonfiamento gemme
Bollettino 2 del 18 febbraio 2026 di Bologna e Ferrara,2147,PERO,da gemma ferma a inizio rigonfiamento gemme
Bollettino 2 del 18 febbraio 2026 di Bologna e Ferrara,2175,PESCO,da gemma ferma a inizio rottura gemma a legno
Bollettino 2 del 18 febbraio 2026 di Bologna e Ferrara,2186,SUSINO_CINO_GIAPPONESE,da gemma gonfia a bottone verde
Bollettino 2 del 18 febbraio 2026 di Bologna e Ferrara,2198,VITE,gemma ferma
Bollettino 2 del 18 febbraio 2026 di Bologna e Ferrara,2232,BARBABIETOLA,pre-semina
Bollettino 2 del 18 febbraio 2026 di Bologna e Ferrara,2246,ERBA_MEDICA,Medica in produzione: riposo vegetativo; Medica nuovo impianto: pre-semina
Bollettino 2 del 18 febbraio 2026 di Bologna e Ferrara,2273,FRUMENTO,da inizio a pieno accestimento
Bollettino 2 del 18 febbraio 2026 di Bologna e Ferrara,2296,ASPARAGO,Pre-ricaccio
Bollettino 2 del 18 febbraio 2026 di Bologna e Ferrara,2299,CAROTA,da pre-semina a sviluppo vegetativo
Bollettino 2 del 18 febbraio 2026 di Bologna e Ferrara,2316,CIPOLLA,Autunnale: 3-4 foglie – Primaverile: pre-semina
Bollettino 2 del 18 febbraio 2026 di Bologna e Ferrara,2335,PATATA,pre-semina
Bollettino 2 del 18 febbraio 2026 di Bologna e Ferrara,2348,PISELLO,da pre-semina a 3-5 foglie
"Bollettino 2 del 18 febbraio 2026 di Forlì-Cesena, Ravenna, Rimini",817,ACTINIDIA,gemma ferma
"Bollettino 2 del 18 febbraio 2026 di Forlì-Cesena, Ravenna, Rimini",826,ALBICOCCO,da gemma gonfia a bottone rosso
"Bollettino 2 del 18 febbraio 2026 di Forlì-Cesena, Ravenna, Rimini",870,MELO,da gemma ferma ad inizio rigonfiamento gemme
"Bollettino 2 del 18 febbraio 2026 di Forlì-Cesena, Ravenna, Rimini",876,PERO,da gemma ferma ad inizio rigonfiamento gemme
"Bollettino 2 del 18 febbraio 2026 di Forlì-Cesena, Ravenna, Rimini",893,PESCO,da gemma gonfia a bottone rosa
"Bollettino 2 del 18 febbraio 2026 di Forlì-Cesena, Ravenna, Rimini",929,SUSINO_CINO_GIAPPONESE,bottone verde
"Bollettino 2 del 18 febbraio 2026 di Forlì-Cesena, Ravenna, Rimini",950,VITE,gemma ferma
"Bollettino 2 del 18 febbraio 2026 di Forlì-Cesena, Ravenna, Rimini",999,BARBABIETOLA,pre-semina
"Bollettino 2 del 18 febbraio 2026 di Forlì-Cesena, Ravenna, Rimini",1045,COLZA,sviluppo fogliare
"Bollettino 2 del 18 febbraio 2026 di Forlì-Cesena, Ravenna, Rimini",1097,ERBA_MEDICA,Medica in produzione: riposo vegetativo; Medica nuovo impianto: pre-semina
"Bollettino 2 del 18 febbraio 2026 di Forlì-Cesena, Ravenna, Rimini",1152,FRUMENTO,da inizio accestimento nelle semine più tardive a pieno accestimento delle semine più precoci
"Bollettino 2 del 18 febbraio 2026 di Forlì-Cesena, Ravenna, Rimini",1373,MAIS,pre-semina
"Bollettino 2 del 18 febbraio 2026 di Forlì-Cesena, Ravenna, Rimini",1399,CIPOLLA,Autunnale: prime foglie vere – Primaverile: pre-semina
"Bollettino 2 del 18 febbraio 2026 di Forlì-Cesena, Ravenna, Rimini",1462,FRAGOLA,da pulizia foglie ad accrescimento vegetativo
"Bollettino 2 del 18 febbraio 2026 di Forlì-Cesena, Ravenna, Rimini",1467,PATATA,pre-semina
"Bollettino 2 del 18 febbraio 2026 di Forlì-Cesena, Ravenna, Rimini",1502,PISELLO,semina autunnale: 3-5 foglie - semina primaverile: pre-semina
"Bollettino 2 del 18 febbraio 2026 di Forlì-Cesena, Ravenna, Rimini",2105,ACTINIDIA,gemma ferma
"Bollettino 2 del 18 febbraio 2026 di Forlì-Cesena, Ravenna, Rimini",2114,ALBICOCCO,da gemma gonfia a bottone rosso
"Bollettino 2 del 18 febbraio 2026 di Forlì-Cesena, Ravenna, Rimini",2147,MELO,da gemma ferma ad inizio rigonfiamento gemme
"Bollettino 2 del 18 febbraio 2026 di Forlì-Cesena, Ravenna, Rimini",2153,PERO,da gemma ferma ad inizio rigonfiamento gemme
"Bollettino 2 del 18 febbraio 2026 di Forlì-Cesena, Ravenna, Rimini",2166,PESCO,da gemma gonfia a bottone rosa
"Bollettino 2 del 18 febbraio 2026 di Forlì-Cesena, Ravenna, Rimini",2182,SUSINO_CINO_GIAPPONESE,bottone verde
"Bollettino 2 del 18 febbraio 2026 di Forlì-Cesena, Ravenna, Rimini",2207,VITE,gemma ferma
"Bollettino 2 del 18 febbraio 2026 di Forlì-Cesena, Ravenna, Rimini",2248,BARBABIETOLA,pre-semina
"Bollettino 2 del 18 febbraio 2026 di Forlì-Cesena, Ravenna, Rimini",2262,ERBA_MEDICA,Medica in produzione: riposo vegetativo; Medica nuovo impianto: pre-semina
"Bollettino 2 del 18 febbraio 2026 di Forlì-Cesena, Ravenna, Rimini",2289,FRUMENTO,da inizio accestimento nelle semine più tardive a pieno accestimento delle semine più precoci
"Bollettino 2 del 18 febbraio 2026 di Forlì-Cesena, Ravenna, Rimini",2324,CIPOLLA,Autunnale: prime foglie vere – Primaverile: pre-semina
"Bollettino 2 del 18 febbraio 2026 di Forlì-Cesena, Ravenna, Rimini",2342,FRAGOLA,da pulizia foglie ad accrescimento vegetativo
"Bollettino 2 del 18 febbraio 2026 di Forlì-Cesena, Ravenna, Rimini",2357,PATATA,pre-semina
"Bollettino 2 del 18 febbraio 2026 di Forlì-Cesena, Ravenna, Rimini",2370,PISELLO,da pre-semina a 3-5 foglie
Bollettino 2 del 20 febbraio 2026 di Parma,781,ALBICOCCO,da rigonfiamento gemme a inizio bottone rosso
Bollettino 2 del 20 febbraio 2026 di Parma,795,MELO,da gemma ferma ad inizio rigonfiamento gemme
Bollettino 2 del 20 febbraio 2026 di Parma,804,PERO,da gemma ferma ad inizio rigonfiamento gemme
Bollettino 2 del 20 febbraio 2026 di Parma,834,PESCO,da gemma gonfia ad inizio rottura gemme a legno
Bollettino 2 del 20 febbraio 2026 di Parma,853,SUSINO_EUROPEO,gemma ferma
Bollettino 2 del 20 febbraio 2026 di Parma,859,VITE,gemma ferma
Bollettino 2 del 20 febbraio 2026 di Parma,930,BARBABIETOLA,pre-semina - semina
Bollettino 2 del 20 febbraio 2026 di Parma,982,COLZA,sviluppo fogliare
Bollettino 2 del 20 febbraio 2026 di Parma,1013,ERBA_MEDICA,medica in produzione: riposo vegetativo; medica nuovo impianto: pre-semina
Bollettino 2 del 20 febbraio 2026 di Parma,1067,FRUMENTO,accestimento
Bollettino 2 del 20 febbraio 2026 di Parma,1295,PISELLO,4-6 foglie
Bollettino 2 del 20 febbraio 2026 di Parma,1304,CIPOLLA,pre-semina
Bollettino 2 del 20 febbraio 2026 di Parma,1875,ALBICOCCO,da rigonfiamento gemme a inizio bottone rosso
Bollettino 2 del 20 febbraio 2026 di Parma,1889,MELO,da gemma ferma ad inizio rigonfiamento gemme
Bollettino 2 del 20 febbraio 2026 di Parma,1898,PERO,da gemma ferma ad inizio rigonfiamento gemme
Bollettino 2 del 20 febbraio 2026 di Parma,1928,PESCO,da gemma gonfia ad inizio rottura gemme a legno
Bollettino 2 del 20 febbraio 2026 di Parma,1944,SUSINO_EUROPEO,gemma ferma
Bollettino 2 del 20 febbraio 2026 di Parma,1960,VITE,gemma ferma
Bollettino 2 del 20 febbraio 2026 di Parma,2010,ERBA_MEDICA,medica in produzione: riposo vegetativo; medica nuovo impianto: pre-semina
Bollettino 2 del 20 febbraio 2026 di Parma,2027,FRUMENTO,accestimento
Bollettino 2 del 20 febbraio 2026 di Parma,2051,PISELLO,4-6 foglie
Bollettino 2 del 20 febbraio 2026 di Piacenza,804,ALBICOCCO,da rigonfiamento gemme a inizio bottone rosso
Bollettino 2 del 20 febbraio 2026 di Piacenza,817,MELO,da gemma ferma a inizio rigonfiamento gemme
Bollettino 2 del 20 febbraio 2026 di Piacenza,826,PERO,da gemma ferma a inizio rigonfiamento gemme
Bollettino 2 del 20 febbraio 2026 di Piacenza,857,PESCO,da gemma gonfia a inizio rottura gemme a legno
Bollettino 2 del 20 febbraio 2026 di Piacenza,875,SUSINO_EUROPEO,gemma ferma
Bollettino 2 del 20 febbraio 2026 di Piacenza,891,VITE,gemma ferma
Bollettino 2 del 20 febbraio 2026 di Piacenza,952,BARBABIETOLA,pre-semina - semina
Bollettino 2 del 20 febbraio 2026 di Piacenza,997,COLZA,sviluppo fogliare
Bollettino 2 del 20 febbraio 2026 di Piacenza,1029,ERBA_MEDICA,Medica in produzione: riposo vegetativo; Medica nuovo impianto: pre-semina
Bollettino 2 del 20 febbraio 2026 di Piacenza,1089,FRUMENTO,accestimento
Bollettino 2 del 20 febbraio 2026 di Piacenza,1325,AGLIO,da post emergenza a 2-5 foglie
Bollettino 2 del 20 febbraio 2026 di Piacenza,1329,CIPOLLA,Autunnale: 3-4 foglie – Primaverile: pre-semina
Bollettino 2 del 20 febbraio 2026 di Piacenza,1391,PISELLO,da pre-semina a 3-5 foglie
Bollettino 2 del 20 febbraio 2026 di Piacenza,2010,ALBICOCCO,da rigonfiamento gemme a inizio bottone rosso
Bollettino 2 del 20 febbraio 2026 di Piacenza,2023,MELO,da gemma ferma a inizio rigonfiamento gemme
Bollettino 2 del 20 febbraio 2026 di Piacenza,2042,PERO,da gemma ferma a inizio rigonfiamento gemme
Bollettino 2 del 20 febbraio 2026 di Piacenza,2062,PESCO,da gemma gonfia a inizio rottura gemme a legno
Bollettino 2 del 20 febbraio 2026 di Piacenza,2089,SUSINO_EUROPEO,gemma ferma
Bollettino 2 del 20 febbraio 2026 di Piacenza,2095,VITE,gemma ferma
Bollettino 2 del 20 febbraio 2026 di Piacenza,2146,ERBA_MEDICA,medica in produzione: riposo vegetativo; medica nuovo impianto: pre-semina
Bollettino 2 del 20 febbraio 2026 di Piacenza,2163,FRUMENTO,da inizio a pieno accestimento
Bollettino 20 del 23 giugno 2026 Modena,1061,ALBICOCCO,accrescimento-maturazione
Bollettino 20 del 23 giugno 2026 Modena,1110,CILIEGIO,termine raccolta
Bollettino 20 del 23 giugno 2026 Modena,1127,KAKI,accrescimento frutti
Bollettino 20 del 23 giugno 2026 Modena,1138,MELO,accrescimento frutti
Bollettino 20 del 23 giugno 2026 Modena,1234,OLIVO,accrescimento frutti
Bollettino 20 del 23 giugno 2026 Modena,1250,PERO,ingrossamento frutti
Bollettino 20 del 23 giugno 2026 Modena,1351,PESCO,ingrossamento frutti-maturazione
Bollettino 20 del 23 giugno 2026 Modena,1441,SUSINO,ingrossamento frutti-maturazione
Bollettino 20 del 23 giugno 2026 Modena,1458,VITE,chiusura grappolo
Bollettino 20 del 23 giugno 2026 Modena,1649,BARBABIETOLA,accrescimento fittone
Bollettino 20 del 23 giugno 2026 Modena,1682,MAIS,emissione pennacchio
Bollettino 20 del 23 giugno 2026 Modena,1692,SOIA,6° foglia trilobata-chiusura interfila
Bollettino 20 del 23 giugno 2026 Modena,1724,ANGURIA,accrescimento- maturazione
Bollettino 20 del 23 giugno 2026 Modena,1768,MELONE,accrescimento-maturazione
Bollettino 20 del 23 giugno 2026 Modena,1823,POMODORO_INDUSTRIA,accrescimento- invaiatura secondo palco
Bollettino 20 del 23 giugno 2026 Modena,2716,ALBICOCCO,accrescimento-maturazione
Bollettino 20 del 23 giugno 2026 Modena,2751,CILIEGIO,termine raccolta
Bollettino 20 del 23 giugno 2026 Modena,2756,KAKI,accrescimento frutti
Bollettino 20 del 23 giugno 2026 Modena,2764,MELO,accrescimento frutti
Bollettino 20 del 23 giugno 2026 Modena,2832,OLIVO,accrescimento frutti
Bollettino 20 del 23 giugno 2026 Modena,2850,PERO,ingrossamento frutti
Bollettino 20 del 23 giugno 2026 Modena,2918,PESCO,ingrossamento frutti -maturazione
Bollettino 20 del 23 giugno 2026 Modena,2963,SUSINO,ingrossamento frutti-inizio maturazione
Bollettino 20 del 23 giugno 2026 Modena,2978,VITE,chiusura grappolo
Bollettino 20 del 23 giugno 2026 Modena,3148,BARBABIETOLA,accrescimento fittone
Bollettino 20 del 23 giugno 2026 Modena,3156,MAIS,emissione pennacchio
Bollettino 20 del 23 giugno 2026 Modena,3188,ANGURIA,accrescimento- maturazione
Bollettino 20 del 23 giugno 2026 Modena,3205,MELONE,accrescimento-inizio maturazione
Bollettino 20 del 23 giugno 2026 Modena,3232,POMODORO_INDUSTRIA,t accrescimento invaiatura secondo palco
Bollettino 20 del 24 giugno 2026 di Bologna e Ferrara,1042,ACTINIDIA,ingrossamento frutti
Bollettino 20 del 24 giugno 2026 di Bologna e Ferrara,1067,ALBICOCCO,da accrescimento frutti a maturazione
Bollettino 20 del 24 giugno 2026 di Bologna e Ferrara,1114,CILIEGIO,post-raccolta
Bollettino 20 del 24 giugno 2026 di Bologna e Ferrara,1118,KAKI,accrescimento frutti
Bollettino 20 del 24 giugno 2026 di Bologna e Ferrara,1138,MELO,ingrossamento frutti
Bollettino 20 del 24 giugno 2026 di Bologna e Ferrara,1228,NOCE,accrescimento frutto
Bollettino 20 del 24 giugno 2026 di Bologna e Ferrara,1278,OLIVO,accrescimento frutti
Bollettino 20 del 24 giugno 2026 di Bologna e Ferrara,1283,PERO,accrescimento frutti
Bollettino 20 del 24 giugno 2026 di Bologna e Ferrara,1457,PESCO,da ingrossamento frutti a maturazione
Bollettino 20 del 24 giugno 2026 di Bologna e Ferrara,1550,SUSINO,ingrossamento frutti - maturazione
Bollettino 20 del 24 giugno 2026 di Bologna e Ferrara,1595,VITE,chiusura grappolo
Bollettino 20 del 24 giugno 2026 di Bologna e Ferrara,1799,BARBABIETOLA,accrescimento fittone
Bollettino 20 del 24 giugno 2026 di Bologna e Ferrara,1830,MAIS,emissione pennacchio
Bollettino 20 del 24 giugno 2026 di Bologna e Ferrara,1837,RISO,accestimento – inizio levata
Bollettino 20 del 24 giugno 2026 di Bologna e Ferrara,1912,SOIA,sviluppo vegetativo-inizio fioritura
Bollettino 20 del 24 giugno 2026 di Bologna e Ferrara,1924,ANGURIA,da sviluppo vegetativo a maturazione
Bollettino 20 del 24 giugno 2026 di Bologna e Ferrara,1967,CAROTA,ingrossamento fittone – maturazione – pre-semina e semina cv ciclo tardivo
Bollettino 20 del 24 giugno 2026 di Bologna e Ferrara,1996,CIPOLLA,accrescimento bulbi/ raccolta
Bollettino 20 del 24 giugno 2026 di Bologna e Ferrara,2030,MELONE,da sviluppo vegetativo a maturazione
Bollettino 20 del 24 giugno 2026 di Bologna e Ferrara,2084,PATATA,ingrossamento tuberi
Bollettino 20 del 24 giugno 2026 di Bologna e Ferrara,2165,POMODORO_INDUSTRIA,accrescimento - invaiatura 2° palco
Bollettino 20 del 24 giugno 2026 di Bologna e Ferrara,3058,ACTINIDIA,ingrossamento frutti
Bollettino 20 del 24 giugno 2026 di Bologna e Ferrara,3070,ALBICOCCO,da accrescimento frutti a maturazione
Bollettino 20 del 24 giugno 2026 di Bologna e Ferrara,3106,CILIEGIO,maturazione
Bollettino 20 del 24 giugno 2026 di Bologna e Ferrara,3110,KAKI,accrescimento frutti
Bollettino 20 del 24 giugno 2026 di Bologna e Ferrara,3117,MELO,ingrossamento frutti
Bollettino 20 del 24 giugno 2026 di Bologna e Ferrara,3202,NOCE,accrescimento frutto
Bollettino 20 del 24 giugno 2026 di Bologna e Ferrara,3226,OLIVO,accrescimento frutti
Bollettino 20 del 24 giugno 2026 di Bologna e Ferrara,3242,PERO,accrescimento frutti
Bollettino 20 del 24 giugno 2026 di Bologna e Ferrara,3304,PESCO,da ingrossamento frutti a maturazione
Bollettino 20 del 24 giugno 2026 di Bologna e Ferrara,3349,SUSINO,ingrossamento frutti - maturazione
Bollettino 20 del 24 giugno 2026 di Bologna e Ferrara,3374,VITE,chiusura grappolo
Bollettino 20 del 24 giugno 2026 di Bologna e Ferrara,3551,BARBABIETOLA,accrescimento fittone
Bollettino 20 del 24 giugno 2026 di Bologna e Ferrara,3570,MAIS,emissione pennacchio
Bollettino 20 del 24 giugno 2026 di Bologna e Ferrara,3601,ANGURIA,da sviluppo vegetativo a maturazione
Bollettino 20 del 24 giugno 2026 di Bologna e Ferrara,3628,CAROTA,ingrossamento fittone ingrossamento fittone – maturazione – pre-semina e semina cv ciclo tardivo
Bollettino 20 del 24 giugno 2026 di Bologna e Ferrara,3635,CIPOLLA,accrescimento bulbi/ raccolta
Bollettino 20 del 24 giugno 2026 di Bologna e Ferrara,3650,MELONE,da sviluppo vegetativo a maturazione
Bollettino 20 del 24 giugno 2026 di Bologna e Ferrara,3677,PATATA,ingrossamento tuberi
Bollettino 20 del 24 giugno 2026 di Bologna e Ferrara,3700,POMODORO_INDUSTRIA,accrescimento - invaiatura 2° palco
"Bollettino 20 del 24 giugno 2026 di Forlì-Cesena, Ravenna, Rimini",1041,ACTINIDIA,ingrossamento frutti
"Bollettino 20 del 24 giugno 2026 di Forlì-Cesena, Ravenna, Rimini",1078,ALBICOCCO,da accrescimento frutti a maturazione
"Bollettino 20 del 24 giugno 2026 di Forlì-Cesena, Ravenna, Rimini",1136,CILIEGIO,post-raccolta
"Bollettino 20 del 24 giugno 2026 di Forlì-Cesena, Ravenna, Rimini",1151,KAKI,accrescimento frutti
"Bollettino 20 del 24 giugno 2026 di Forlì-Cesena, Ravenna, Rimini",1162,MELO,ingrossamento frutti
"Bollettino 20 del 24 giugno 2026 di Forlì-Cesena, Ravenna, Rimini",1272,NOCE,accrescimento frutto
"Bollettino 20 del 24 giugno 2026 di Forlì-Cesena, Ravenna, Rimini",1309,OLIVO,accrescimento frutti
"Bollettino 20 del 24 giugno 2026 di Forlì-Cesena, Ravenna, Rimini",1345,PERO,accrescimento frutti
"Bollettino 20 del 24 giugno 2026 di Forlì-Cesena, Ravenna, Rimini",1466,PESCO,da ingrossamento frutti a maturazione
"Bollettino 20 del 24 giugno 2026 di Forlì-Cesena, Ravenna, Rimini",1575,SUSINO,da ingrossamento frutti a maturazione
"Bollettino 20 del 24 giugno 2026 di Forlì-Cesena, Ravenna, Rimini",1644,VITE,chiusura grappolo
"Bollettino 20 del 24 giugno 2026 di Forlì-Cesena, Ravenna, Rimini",1876,BARBABIETOLA,accrescimento fittone
"Bollettino 20 del 24 giugno 2026 di Forlì-Cesena, Ravenna, Rimini",1908,ERBA_MEDICA,accrescimento-sfalcio
"Bollettino 20 del 24 giugno 2026 di Forlì-Cesena, Ravenna, Rimini",1922,MAIS,emissione pennacchio
"Bollettino 20 del 24 giugno 2026 di Forlì-Cesena, Ravenna, Rimini",1928,SOIA,sviluppo vegetativo-inizio fioritura
"Bollettino 20 del 24 giugno 2026 di Forlì-Cesena, Ravenna, Rimini",1951,CIPOLLA,da accrescimento bulbi a maturazione
"Bollettino 20 del 24 giugno 2026 di Forlì-Cesena, Ravenna, Rimini",1995,PATATA,ingrossamento tuberi
"Bollettino 20 del 24 giugno 2026 di Forlì-Cesena, Ravenna, Rimini",2063,POMODORO_INDUSTRIA,accrescimento - invaiatura 2° palco
"Bollettino 20 del 24 giugno 2026 di Forlì-Cesena, Ravenna, Rimini",2962,ACTINIDIA,ingrossamento frutti
"Bollettino 20 del 24 giugno 2026 di Forlì-Cesena, Ravenna, Rimini",2998,ALBICOCCO,da accrescimento frutti a maturazione
"Bollettino 20 del 24 giugno 2026 di Forlì-Cesena, Ravenna, Rimini",3043,CILIEGIO,post-raccolta
"Bollettino 20 del 24 giugno 2026 di Forlì-Cesena, Ravenna, Rimini",3048,KAKI,accrescimento frutti
"Bollettino 20 del 24 giugno 2026 di Forlì-Cesena, Ravenna, Rimini",3053,MELO,ingrossamento frutti
"Bollettino 20 del 24 giugno 2026 di Forlì-Cesena, Ravenna, Rimini",3133,NOCE,accrescimento frutto
"Bollettino 20 del 24 giugno 2026 di Forlì-Cesena, Ravenna, Rimini",3178,OLIVO,accrescimento frutti
"Bollettino 20 del 24 giugno 2026 di Forlì-Cesena, Ravenna, Rimini",3213,PERO,accrescimento frutti
"Bollettino 20 del 24 giugno 2026 di Forlì-Cesena, Ravenna, Rimini",3295,PESCO,da ingrossamento frutti a maturazione
"Bollettino 20 del 24 giugno 2026 di Forlì-Cesena, Ravenna, Rimini",3356,SUSINO,da ingrossamento frutti a maturazione
"Bollettino 20 del 24 giugno 2026 di Forlì-Cesena, Ravenna, Rimini",3393,VITE,chiusura grappolo
"Bollettino 20 del 24 giugno 2026 di Forlì-Cesena, Ravenna, Rimini",3567,BARBABIETOLA,accrescimento fittone
"Bollettino 20 del 24 giugno 2026 di Forlì-Cesena, Ravenna, Rimini",3576,ERBA_MEDICA,accrescimento-sfalcio
"Bollettino 20 del 24 giugno 2026 di Forlì-Cesena, Ravenna, Rimini",3601,MAIS,emissione pennacchio
"Bollettino 20 del 24 giugno 2026 di Forlì-Cesena, Ravenna, Rimini",3621,CIPOLLA,da accrescimento bulbi a maturazione
"Bollettino 20 del 24 giugno 2026 di Forlì-Cesena, Ravenna, Rimini",3645,PATATA,ingrossamento tuberi
"Bollettino 20 del 24 giugno 2026 di Forlì-Cesena, Ravenna, Rimini",3668,POMODORO_INDUSTRIA,accrescimento - invaiatura 2° palco
Bollettino 20 del 25 giugno 2026 Reggio Emilia,1045,MELO,accrescimento frutti
Bollettino 20 del 25 giugno 2026 Reggio Emilia,1138,OLIVO,accrescimento frutti
Bollettino 20 del 25 giugno 2026 Reggio Emilia,1154,PERO,ingrossamento frutti
Bollettino 20 del 25 giugno 2026 Reggio Emilia,1258,VITE,chiusura grappolo
Bollettino 20 del 25 giugno 2026 Reggio Emilia,1453,BARBABIETOLA,accrescimento fittone
Bollettino 20 del 25 giugno 2026 Reggio Emilia,1476,MAIS,emissione pennacchio
Bollettino 20 del 25 giugno 2026 Reggio Emilia,1496,SOIA,6° foglia trilobata-chiusura interfila
Bollettino 20 del 25 giugno 2026 Reggio Emilia,1518,ANGURIA,accrescimento- maturazione
Bollettino 20 del 25 giugno 2026 Reggio Emilia,1544,MELONE,accrescimento-inizio maturazione
Bollettino 20 del 25 giugno 2026 Reggio Emilia,1553,ANGURIA,accrescimento- maturazione
Bollettino 20 del 25 giugno 2026 Reggio Emilia,1598,MELONE,accrescimento-maturazione
Bollettino 20 del 25 giugno 2026 Reggio Emilia,1653,POMODORO_INDUSTRIA,accrescimento- invaiatura secondo palco
Bollettino 20 del 25 giugno 2026 Reggio Emilia,2519,MELO,accrescimento frutti
Bollettino 20 del 25 giugno 2026 Reggio Emilia,2589,OLIVO,accrescimento frutti
Bollettino 20 del 25 giugno 2026 Reggio Emilia,2597,PERO,ingrossamento frutti
Bollettino 20 del 25 giugno 2026 Reggio Emilia,2675,VITE,chiusura grappolo
Bollettino 20 del 25 giugno 2026 Reggio Emilia,2840,BARBABIETOLA,accrescimento fittone
Bollettino 20 del 25 giugno 2026 Reggio Emilia,2848,MAIS,emissione pennacchio
Bollettino 20 del 25 giugno 2026 Reggio Emilia,2880,ANGURIA,termine trapianti – allegagione 4° palco
Bollettino 20 del 25 giugno 2026 Reggio Emilia,2893,MELONE,accrescimento-inizio maturazione
Bollettino 20 del 25 giugno 2026 Reggio Emilia,2912,ANGURIA,accrescimento- maturazione
Bollettino 20 del 25 giugno 2026 Reggio Emilia,2929,MELONE,accrescimento-inizio maturazione
Bollettino 20 del 25 giugno 2026 Reggio Emilia,2957,POMODORO_INDUSTRIA,t accrescimento invaiatura secondo palco
Bollettino 20 del 26 giugno 2026 di Parma,1038,ALBICOCCO,da accrescimento frutti a maturazione
Bollettino 20 del 26 giugno 2026 di Parma,1072,CILIEGIO,post-raccolta
Bollettino 20 del 26 giugno 2026 di Parma,1079,MELO,ingrossamento frutti
Bollettino 20 del 26 giugno 2026 di Parma,1143,PERO,accrescimento frutti
Bollettino 20 del 26 giugno 2026 di Parma,1228,PESCO,da ingrossamento frutto a inizio maturazione
Bollettino 20 del 26 giugno 2026 di Parma,1288,SUSINO,ingrossamento frutti
Bollettino 20 del 26 giugno 2026 di Parma,1301,OLIVO,accrescimento drupe
Bollettino 20 del 26 giugno 2026 di Parma,1326,VITE,chiusura grappolo
Bollettino 20 del 26 giugno 2026 di Parma,1564,BARBABIETOLA,accrescimento fittone
Bollettino 20 del 26 giugno 2026 di Parma,1598,MAIS,emissione pennacchio – comparsa sete
Bollettino 20 del 26 giugno 2026 di Parma,1605,SOIA,da sviluppo vegetativo a fioritura
Bollettino 20 del 26 giugno 2026 di Parma,1618,BASILICO,sviluppo vegetativo
Bollettino 20 del 26 giugno 2026 di Parma,1662,CIPOLLA,ingrossamento bulbo - raccolta
Bollettino 20 del 26 giugno 2026 di Parma,1706,POMODORO_INDUSTRIA,da allegagione 2° palco a invaiatura secondo palco
Bollettino 20 del 26 giugno 2026 di Parma,1906,ZUCCA,da formazione catena ad allegagione frutti
Bollettino 20 del 26 giugno 2026 di Parma,2693,ALBICOCCO,da accrescimento frutti a maturazione
Bollettino 20 del 26 giugno 2026 di Parma,2720,CILIEGIO,post-raccolta
Bollettino 20 del 26 giugno 2026 di Parma,2726,MELO,ingrossamento frutti
Bollettino 20 del 26 giugno 2026 di Parma,2778,PERO,accrescimento frutti
Bollettino 20 del 26 giugno 2026 di Parma,2836,PESCO,da ingrossamento frutto a inizio maturazione
Bollettino 20 del 26 giugno 2026 di Parma,2874,SUSINO,ingrossamento frutti
Bollettino 20 del 26 giugno 2026 di Parma,2884,OLIVO,accrescimento drupe
Bollettino 20 del 26 giugno 2026 di Parma,2909,VITE,chiusura grappolo
Bollettino 20 del 26 giugno 2026 di Parma,3136,PATATA,ingrossamento tuberi
Bollettino 20 del 26 giugno 2026 di Parma,3149,POMODORO_INDUSTRIA,da allegagione 2° palco a inizio invaiatura 2° palco
Bollettino 20 del 26 giugno 2026 di Piacenza,1071,ALBICOCCO,da accrescimento frutti a maturazione
Bollettino 20 del 26 giugno 2026 di Piacenza,1092,CILIEGIO,post-raccolta
Bollettino 20 del 26 giugno 2026 di Piacenza,1109,MELO,ingrossamento frutti
Bollettino 20 del 26 giugno 2026 di Piacenza,1171,PERO,accrescimento frutto
Bollettino 20 del 26 giugno 2026 di Piacenza,1243,PESCO,da ingrossamento frutti a maturazione
Bollettino 20 del 26 giugno 2026 di Piacenza,1316,SUSINO,ingrossamento frutti
Bollettino 20 del 26 giugno 2026 di Piacenza,1329,OLIVO,accrescimento drupe
Bollettino 20 del 26 giugno 2026 di Piacenza,1343,VITE,chiusura grappolo
Bollettino 20 del 26 giugno 2026 di Piacenza,1618,BARBABIETOLA,accrescimento fittone
Bollettino 20 del 26 giugno 2026 di Piacenza,1653,MAIS,emissione pennacchio – comparsa sete
Bollettino 20 del 26 giugno 2026 di Piacenza,1659,SOIA,da sviluppo vegetativo a fioritura
Bollettino 20 del 26 giugno 2026 di Piacenza,1682,BASILICO,sviluppo vegetativo
Bollettino 20 del 26 giugno 2026 di Piacenza,1715,CIPOLLA,Primaverile: ingrossamento bulbo - raccolta
Bollettino 20 del 26 giugno 2026 di Piacenza,1760,POMODORO_INDUSTRIA,da allegagione 2° palco ad invaiatura 2° palco
Bollettino 20 del 26 giugno 2026 di Piacenza,2716,ALBICOCCO,da accrescimento frutti a maturazione
Bollettino 20 del 26 giugno 2026 di Piacenza,2733,CILIEGIO,post-raccolta
Bollettino 20 del 26 giugno 2026 di Piacenza,2750,MELO,ingrossamento frutti
Bollettino 20 del 26 giugno 2026 di Piacenza,2801,PERO,accrescimento frutto
Bollettino 20 del 26 giugno 2026 di Piacenza,2856,PESCO,da ingrossamento frutti a maturazione
Bollettino 20 del 26 giugno 2026 di Piacenza,2883,SUSINO,ingrossamento frutti
Bollettino 20 del 26 giugno 2026 di Piacenza,2904,OLIVO,accrescimento drupe
Bollettino 20 del 26 giugno 2026 di Piacenza,2918,VITE,chiusura grappolo
Bollettino 20 del 26 giugno 2026 di Piacenza,3179,PATATA,ingrossamento tuberi
Bollettino 20 del 26 giugno 2026 di Piacenza,3192,POMODORO_INDUSTRIA,da allegagione 2° palco a inizio invaiatura 2° palco
Bollettino 21 del 1 luglio 2026 di Bologna e Ferrara,1023,ACTINIDIA,ingrossamento frutti
Bollettino 21 del 1 luglio 2026 di Bologna e Ferrara,1062,ALBICOCCO,da accrescimento frutti a maturazione
Bollettino 21 del 1 luglio 2026 di Bologna e Ferrara,1110,CILIEGIO,post-raccolta
Bollettino 21 del 1 luglio 2026 di Bologna e Ferrara,1114,KAKI,accrescimento frutti
Bollettino 21 del 1 luglio 2026 di Bologna e Ferrara,1124,MELO,ingrossamento frutti
Bollettino 21 del 1 luglio 2026 di Bologna e Ferrara,1229,NOCE,accrescimento frutto
Bollettino 21 del 1 luglio 2026 di Bologna e Ferrara,1282,OLIVO,accrescimento frutti
Bollettino 21 del 1 luglio 2026 di Bologna e Ferrara,1318,PERO,accrescimento frutti
Bollettino 21 del 1 luglio 2026 di Bologna e Ferrara,1485,PESCO,da ingrossamento frutti a maturazione
Bollettino 21 del 1 luglio 2026 di Bologna e Ferrara,1585,SUSINO,ingrossamento frutti - maturazione
Bollettino 21 del 1 luglio 2026 di Bologna e Ferrara,1641,VITE,chiusura grappolo
Bollettino 21 del 1 luglio 2026 di Bologna e Ferrara,1851,BARBABIETOLA,accrescimento fittone
Bollettino 21 del 1 luglio 2026 di Bologna e Ferrara,1885,MAIS,emissione pennacchio
Bollettino 21 del 1 luglio 2026 di Bologna e Ferrara,1893,RISO,5-7 foglie
Bollettino 21 del 1 luglio 2026 di Bologna e Ferrara,1968,SOIA,sviluppo vegetativo-inizio fioritura
Bollettino 21 del 1 luglio 2026 di Bologna e Ferrara,1993,ANGURIA,da sviluppo vegetativo a maturazione
Bollettino 21 del 1 luglio 2026 di Bologna e Ferrara,2026,CAROTA,ingrossamento fittone – maturazione – pre-semina e semina cv ciclo tardivo
Bollettino 21 del 1 luglio 2026 di Bologna e Ferrara,2055,CIPOLLA,accrescimento bulbi/ raccolta
Bollettino 21 del 1 luglio 2026 di Bologna e Ferrara,2089,MELONE,da sviluppo vegetativo a maturazione
Bollettino 21 del 1 luglio 2026 di Bologna e Ferrara,2143,PATATA,da ingrossamento tuberi a maturazione
Bollettino 21 del 1 luglio 2026 di Bologna e Ferrara,2211,POMODORO_INDUSTRIA,accrescimento - invaiatura ultimo palco delle cv precocissime
Bollettino 21 del 1 luglio 2026 di Bologna e Ferrara,3140,ACTINIDIA,ingrossamento frutti
Bollettino 21 del 1 luglio 2026 di Bologna e Ferrara,3162,ALBICOCCO,da accrescimento frutti a maturazione
Bollettino 21 del 1 luglio 2026 di Bologna e Ferrara,3204,CILIEGIO,maturazione
Bollettino 21 del 1 luglio 2026 di Bologna e Ferrara,3208,KAKI,accrescimento frutti
Bollettino 21 del 1 luglio 2026 di Bologna e Ferrara,3218,MELO,ingrossamento frutti
Bollettino 21 del 1 luglio 2026 di Bologna e Ferrara,3312,NOCE,accrescimento frutto
Bollettino 21 del 1 luglio 2026 di Bologna e Ferrara,3345,OLIVO,accrescimento frutti
Bollettino 21 del 1 luglio 2026 di Bologna e Ferrara,3372,PERO,accrescimento frutti
Bollettino 21 del 1 luglio 2026 di Bologna e Ferrara,3451,PESCO,da ingrossamento frutti a maturazione
Bollettino 21 del 1 luglio 2026 di Bologna e Ferrara,3487,SUSINO,ingrossamento frutti - maturazione
Bollettino 21 del 1 luglio 2026 di Bologna e Ferrara,3524,VITE,chiusura grappolo
Bollettino 21 del 1 luglio 2026 di Bologna e Ferrara,3683,BARBABIETOLA,accrescimento fittone
Bollettino 21 del 1 luglio 2026 di Bologna e Ferrara,3692,MAIS,emissione pennacchio
Bollettino 21 del 1 luglio 2026 di Bologna e Ferrara,3723,ANGURIA,da sviluppo vegetativo a maturazione
Bollettino 21 del 1 luglio 2026 di Bologna e Ferrara,3739,CAROTA,ingrossamento fittone ingrossamento fittone – maturazione – pre-semina e semina cv ciclo tardivo
Bollettino 21 del 1 luglio 2026 di Bologna e Ferrara,3745,CIPOLLA,accrescimento bulbi/ raccolta
Bollettino 21 del 1 luglio 2026 di Bologna e Ferrara,3760,MELONE,da sviluppo vegetativo a maturazione
Bollettino 21 del 1 luglio 2026 di Bologna e Ferrara,3776,PATATA,ingrossamento tuberi a maturazione
Bollettino 21 del 1 luglio 2026 di Bologna e Ferrara,3797,POMODORO_INDUSTRIA,accrescimento - invaiatura ultimo palco delle cv precocissime
"Bollettino 21 del 1° luglio 2026 di Forlì-Cesena, Ravenna, Rimini",1028,ACTINIDIA,ingrossamento frutti
"Bollettino 21 del 1° luglio 2026 di Forlì-Cesena, Ravenna, Rimini",1063,ALBICOCCO,da accrescimento frutti a maturazione
"Bollettino 21 del 1° luglio 2026 di Forlì-Cesena, Ravenna, Rimini",1118,CILIEGIO,post-raccolta
"Bollettino 21 del 1° luglio 2026 di Forlì-Cesena, Ravenna, Rimini",1123,KAKI,accrescimento frutti
"Bollettino 21 del 1° luglio 2026 di Forlì-Cesena, Ravenna, Rimini",1145,MELO,ingrossamento frutti
"Bollettino 21 del 1° luglio 2026 di Forlì-Cesena, Ravenna, Rimini",1255,NOCE,accrescimento frutto
"Bollettino 21 del 1° luglio 2026 di Forlì-Cesena, Ravenna, Rimini",1296,OLIVO,accrescimento frutti
"Bollettino 21 del 1° luglio 2026 di Forlì-Cesena, Ravenna, Rimini",1334,PERO,accrescimento frutti
"Bollettino 21 del 1° luglio 2026 di Forlì-Cesena, Ravenna, Rimini",1453,PESCO,da ingrossamento frutti a maturazione
"Bollettino 21 del 1° luglio 2026 di Forlì-Cesena, Ravenna, Rimini",1562,SUSINO,da ingrossamento frutti a maturazione
"Bollettino 21 del 1° luglio 2026 di Forlì-Cesena, Ravenna, Rimini",1625,VITE,chiusura grappolo
"Bollettino 21 del 1° luglio 2026 di Forlì-Cesena, Ravenna, Rimini",1840,BARBABIETOLA,accrescimento fittone
"Bollettino 21 del 1° luglio 2026 di Forlì-Cesena, Ravenna, Rimini",1873,ERBA_MEDICA,accrescimento-sfalcio
"Bollettino 21 del 1° luglio 2026 di Forlì-Cesena, Ravenna, Rimini",1896,MAIS,emissione pennacchio
"Bollettino 21 del 1° luglio 2026 di Forlì-Cesena, Ravenna, Rimini",1903,SOIA,da sviluppo vegetativo-inizio fioritura
"Bollettino 21 del 1° luglio 2026 di Forlì-Cesena, Ravenna, Rimini",1929,CIPOLLA,da accrescimento bulbi a maturazione
"Bollettino 21 del 1° luglio 2026 di Forlì-Cesena, Ravenna, Rimini",1973,PATATA,da ingrossamento tuberi a maturazione
"Bollettino 21 del 1° luglio 2026 di Forlì-Cesena, Ravenna, Rimini",2038,POMODORO_INDUSTRIA,accrescimento - invaiatura ultimo palco delle cv precocissime
"Bollettino 21 del 1° luglio 2026 di Forlì-Cesena, Ravenna, Rimini",2934,ACTINIDIA,ingrossamento frutti
"Bollettino 21 del 1° luglio 2026 di Forlì-Cesena, Ravenna, Rimini",2968,ALBICOCCO,da accrescimento frutti a maturazione
"Bollettino 21 del 1° luglio 2026 di Forlì-Cesena, Ravenna, Rimini",3017,CILIEGIO,post-raccolta
"Bollettino 21 del 1° luglio 2026 di Forlì-Cesena, Ravenna, Rimini",3022,KAKI,accrescimento frutti
"Bollettino 21 del 1° luglio 2026 di Forlì-Cesena, Ravenna, Rimini",3029,MELO,ingrossamento frutti
"Bollettino 21 del 1° luglio 2026 di Forlì-Cesena, Ravenna, Rimini",3116,NOCE,accrescimento frutto
"Bollettino 21 del 1° luglio 2026 di Forlì-Cesena, Ravenna, Rimini",3150,OLIVO,accrescimento frutti
"Bollettino 21 del 1° luglio 2026 di Forlì-Cesena, Ravenna, Rimini",3186,PERO,accrescimento frutti
"Bollettino 21 del 1° luglio 2026 di Forlì-Cesena, Ravenna, Rimini",3263,PESCO,da ingrossamento frutti a maturazione
"Bollettino 21 del 1° luglio 2026 di Forlì-Cesena, Ravenna, Rimini",3336,SUSINO,da ingrossamento frutti a maturazione
"Bollettino 21 del 1° luglio 2026 di Forlì-Cesena, Ravenna, Rimini",3362,VITE,chiusura grappolo
"Bollettino 21 del 1° luglio 2026 di Forlì-Cesena, Ravenna, Rimini",3538,BARBABIETOLA,accrescimento fittone
"Bollettino 21 del 1° luglio 2026 di Forlì-Cesena, Ravenna, Rimini",3558,ERBA_MEDICA,accrescimento-sfalcio
"Bollettino 21 del 1° luglio 2026 di Forlì-Cesena, Ravenna, Rimini",3581,MAIS,emissione pennacchio
"Bollettino 21 del 1° luglio 2026 di Forlì-Cesena, Ravenna, Rimini",3612,CIPOLLA,da accrescimento bulbi a maturazione
"Bollettino 21 del 1° luglio 2026 di Forlì-Cesena, Ravenna, Rimini",3626,PATATA,ingrossamento tuberi a maturazione
"Bollettino 21 del 1° luglio 2026 di Forlì-Cesena, Ravenna, Rimini",3659,POMODORO_INDUSTRIA,accrescimento - invaiatura ultimo palco delle cv precocissime
Bollettino 21 del 2 Luglio  2026  Reggio Emilia,1060,MELO,accrescimento frutti
Bollettino 21 del 2 Luglio  2026  Reggio Emilia,1162,OLIVO,allegagione
Bollettino 21 del 2 Luglio  2026  Reggio Emilia,1201,PERO,ingrossamento frutti
Bollettino 21 del 2 Luglio  2026  Reggio Emilia,1297,VITE,chiusura grappolo
Bollettino 21 del 2 Luglio  2026  Reggio Emilia,1492,BARBABIETOLA,accrescimento fittone
Bollettino 21 del 2 Luglio  2026  Reggio Emilia,1513,MAIS,emissione pennacchio
Bollettino 21 del 2 Luglio  2026  Reggio Emilia,1533,SOIA,inizio fioritura
Bollettino 21 del 2 Luglio  2026  Reggio Emilia,1556,ANGURIA,accrescimento- maturazione
Bollettino 21 del 2 Luglio  2026  Reggio Emilia,1581,MELONE,accrescimento- maturazione
Bollettino 21 del 2 Luglio  2026  Reggio Emilia,1590,ANGURIA,accrescimento- maturazione
Bollettino 21 del 2 Luglio  2026  Reggio Emilia,1634,MELONE,accrescimento-maturazione
Bollettino 21 del 2 Luglio  2026  Reggio Emilia,1689,POMODORO_INDUSTRIA,accrescimento- invaiatura ultimo palco
Bollettino 21 del 2 Luglio  2026  Reggio Emilia,2567,MELO,accrescimento frutti
Bollettino 21 del 2 Luglio  2026  Reggio Emilia,2641,OLIVO,accrescimento frutti
Bollettino 21 del 2 Luglio  2026  Reggio Emilia,2677,PERO,ingrossamento frutti
Bollettino 21 del 2 Luglio  2026  Reggio Emilia,2746,VITE,chiusura grappolo
Bollettino 21 del 2 Luglio  2026  Reggio Emilia,2918,BARBABIETOLA,accrescimento fittone
Bollettino 21 del 2 Luglio  2026  Reggio Emilia,2926,MAIS,emissione pennacchio
Bollettino 21 del 2 Luglio  2026  Reggio Emilia,2957,ANGURIA,accrescimento – maturazione
Bollettino 21 del 2 Luglio  2026  Reggio Emilia,2970,MELONE,accrescimento-inizio maturazione
Bollettino 21 del 2 Luglio  2026  Reggio Emilia,2980,ANGURIA,accrescimento-inizio maturazione
Bollettino 21 del 2 Luglio  2026  Reggio Emilia,3008,MELONE,accrescimento-inizio maturazione
Bollettino 21 del 2 Luglio  2026  Reggio Emilia,3025,POMODORO_INDUSTRIA,accrescimento- invaiatura ultimo palco
Bollettino 21 del 3 luglio 2026 di Parma,1037,ALBICOCCO,da accrescimento frutti a maturazione
Bollettino 21 del 3 luglio 2026 di Parma,1071,CILIEGIO,post-raccolta
Bollettino 21 del 3 luglio 2026 di Parma,1078,MELO,ingrossamento frutti
Bollettino 21 del 3 luglio 2026 di Parma,1142,PERO,accrescimento frutti
Bollettino 21 del 3 luglio 2026 di Parma,1212,PESCO,da ingrossamento frutto a maturazione
Bollettino 21 del 3 luglio 2026 di Parma,1282,SUSINO,da ingrossamento frutti a inizio maturazione
Bollettino 21 del 3 luglio 2026 di Parma,1310,OLIVO,accrescimento drupe
Bollettino 21 del 3 luglio 2026 di Parma,1344,VITE,chiusura grappolo
Bollettino 21 del 3 luglio 2026 di Parma,1607,BARBABIETOLA,accrescimento fittone
Bollettino 21 del 3 luglio 2026 di Parma,1642,MAIS,emissione pennacchio – senescenza sete
Bollettino 21 del 3 luglio 2026 di Parma,1649,SOIA,da sviluppo vegetativo a fioritura
Bollettino 21 del 3 luglio 2026 di Parma,1665,BASILICO,sviluppo vegetativo
Bollettino 21 del 3 luglio 2026 di Parma,1705,CIPOLLA,ingrossamento bulbo - raccolta
Bollettino 21 del 3 luglio 2026 di Parma,1719,POMODORO_INDUSTRIA,da allegagione 1° palco a invaiatura 3° palco
Bollettino 21 del 3 luglio 2026 di Parma,1880,ZUCCA,da formazione catena ad allegagione frutti
Bollettino 21 del 3 luglio 2026 di Parma,2689,ALBICOCCO,da accrescimento frutti a maturazione
Bollettino 21 del 3 luglio 2026 di Parma,2716,CILIEGIO,post-raccolta
Bollettino 21 del 3 luglio 2026 di Parma,2723,MELO,ingrossamento frutti
Bollettino 21 del 3 luglio 2026 di Parma,2779,PERO,accrescimento frutti
Bollettino 21 del 3 luglio 2026 di Parma,2839,PESCO,da ingrossamento frutto a maturazione
Bollettino 21 del 3 luglio 2026 di Parma,2875,SUSINO,da ingrossamento frutti a inizio maturazione
Bollettino 21 del 3 luglio 2026 di Parma,2892,OLIVO,accrescimento drupe
Bollettino 21 del 3 luglio 2026 di Parma,2926,VITE,chiusura grappolo
Bollettino 21 del 3 luglio 2026 di Parma,3163,PATATA,da ingrossamento tuberi a maturazione
Bollettino 21 del 3 luglio 2026 di Parma,3183,POMODORO_INDUSTRIA,da allegagione 2° palco a inizio invaiatura 3° palco
Bollettino 21 del 3 luglio 2026 di Piacenza,1001,ALBICOCCO,da accrescimento frutti a maturazione
Bollettino 21 del 3 luglio 2026 di Piacenza,1033,CILIEGIO,post-raccolta
Bollettino 21 del 3 luglio 2026 di Piacenza,1040,MELO,ingrossamento frutti
Bollettino 21 del 3 luglio 2026 di Piacenza,1103,PERO,accrescimento frutto
Bollettino 21 del 3 luglio 2026 di Piacenza,1183,PESCO,da ingrossamento frutti a maturazione
Bollettino 21 del 3 luglio 2026 di Piacenza,1243,SUSINO,ingrossamento frutti – inizio maturazione
Bollettino 21 del 3 luglio 2026 di Piacenza,1272,OLIVO,accrescimento drupe
Bollettino 21 del 3 luglio 2026 di Piacenza,1304,VITE,chiusura grappolo
Bollettino 21 del 3 luglio 2026 di Piacenza,1598,BARBABIETOLA,accrescimento fittone
Bollettino 21 del 3 luglio 2026 di Piacenza,1634,MAIS,emissione pennacchio – senescenza sete
Bollettino 21 del 3 luglio 2026 di Piacenza,1641,SOIA,da sviluppo vegetativo a fioritura
Bollettino 21 del 3 luglio 2026 di Piacenza,1667,BASILICO,sviluppo vegetativo
Bollettino 21 del 3 luglio 2026 di Piacenza,1697,CIPOLLA,Primaverile: ingrossamento bulbo - raccolta
Bollettino 21 del 3 luglio 2026 di Piacenza,1721,POMODORO_INDUSTRIA,da sviluppo vegetativo ad invaiatura 3° palco
Bollettino 21 del 3 luglio 2026 di Piacenza,2609,ALBICOCCO,da accrescimento frutti a maturazione
Bollettino 21 del 3 luglio 2026 di Piacenza,2626,CILIEGIO,post-raccolta
Bollettino 21 del 3 luglio 2026 di Piacenza,2633,MELO,ingrossamento frutti
Bollettino 21 del 3 luglio 2026 di Piacenza,2687,PERO,accrescimento frutto
Bollettino 21 del 3 luglio 2026 di Piacenza,2754,PESCO,da ingrossamento frutti a maturazione
Bollettino 21 del 3 luglio 2026 di Piacenza,2780,SUSINO,ingrossamento frutti – inizio maturazione
Bollettino 21 del 3 luglio 2026 di Piacenza,2808,OLIVO,accrescimento drupe
Bollettino 21 del 3 luglio 2026 di Piacenza,2831,VITE,chiusura grappolo
Bollettino 21 del 3 luglio 2026 di Piacenza,3095,PATATA,ingrossamento tuberi a inizio maturazione
Bollettino 21 del 3 luglio 2026 di Piacenza,3104,POMODORO_INDUSTRIA,da sviluppo vegetativo ad invaiatura 2° palco
Bollettino 21 del 30 giugno 2026  Modena,1057,ALBICOCCO,accrescimento-maturazione
Bollettino 21 del 30 giugno 2026  Modena,1120,CILIEGIO,termine raccolta
Bollettino 21 del 30 giugno 2026  Modena,1126,KAKI,accrescimento frutti
Bollettino 21 del 30 giugno 2026  Modena,1139,MELO,accrescimento frutti
Bollettino 21 del 30 giugno 2026  Modena,1240,OLIVO,allegagione
Bollettino 21 del 30 giugno 2026  Modena,1277,PERO,ingrossamento frutti
Bollettino 21 del 30 giugno 2026  Modena,1375,PESCO,ingrossamento frutti-maturazione
Bollettino 21 del 30 giugno 2026  Modena,1481,SUSINO,ingrossamento frutti-maturazione
Bollettino 21 del 30 giugno 2026  Modena,1520,VITE,chiusura grappolo
Bollettino 21 del 30 giugno 2026  Modena,1718,BARBABIETOLA,accrescimento fittone
Bollettino 21 del 30 giugno 2026  Modena,1739,MAIS,emissione pennacchio
Bollettino 21 del 30 giugno 2026  Modena,1749,SOIA,inizio fioritura
Bollettino 21 del 30 giugno 2026  Modena,1781,ANGURIA,accrescimento- maturazione
Bollettino 21 del 30 giugno 2026  Modena,1825,MELONE,accrescimento-maturazione
Bollettino 21 del 30 giugno 2026  Modena,1880,POMODORO_INDUSTRIA,accrescimento- invaiatura ultimo palco
Bollettino 21 del 30 giugno 2026  Modena,2750,ALBICOCCO,accrescimento-maturazione
Bollettino 21 del 30 giugno 2026  Modena,2785,CILIEGIO,post raccolta
Bollettino 21 del 30 giugno 2026  Modena,2790,KAKI,accrescimento frutti
Bollettino 21 del 30 giugno 2026  Modena,2800,MELO,accrescimento frutti
Bollettino 21 del 30 giugno 2026  Modena,2874,OLIVO,accrescimento frutti
Bollettino 21 del 30 giugno 2026  Modena,2911,PERO,ingrossamento frutti
Bollettino 21 del 30 giugno 2026  Modena,2991,PESCO,ingrossamento frutti -maturazione
Bollettino 21 del 30 giugno 2026  Modena,3025,SUSINO,ingrossamento frutti-maturazione
Bollettino 21 del 30 giugno 2026  Modena,3051,VITE,chiusura grappolo
Bollettino 21 del 30 giugno 2026  Modena,3211,BARBABIETOLA,accrescimento fittone
Bollettino 21 del 30 giugno 2026  Modena,3219,MAIS,emissione pennacchio
Bollettino 21 del 30 giugno 2026  Modena,3252,ANGURIA,accrescimento-inizio maturazione
Bollettino 21 del 30 giugno 2026  Modena,3279,MELONE,accrescimento-inizio maturazione
Bollettino 21 del 30 giugno 2026  Modena,3296,POMODORO_INDUSTRIA,accrescimento- invaiatura ultimo palco
Bollettino 22 del 07 luglio 2026 Modena,1014,ALBICOCCO,accrescimento-maturazione
Bollettino 22 del 07 luglio 2026 Modena,1066,CILIEGIO,termine raccolta
Bollettino 22 del 07 luglio 2026 Modena,1072,KAKI,accrescimento frutti
Bollettino 22 del 07 luglio 2026 Modena,1095,MELO,accrescimento frutti
Bollettino 22 del 07 luglio 2026 Modena,1197,OLIVO,allegagione
Bollettino 22 del 07 luglio 2026 Modena,1226,PERO,ingrossamento frutti
Bollettino 22 del 07 luglio 2026 Modena,1326,PESCO,ingrossamento frutti-maturazione
Bollettino 22 del 07 luglio 2026 Modena,1442,SUSINO,ingrossamento frutti-maturazione
Bollettino 22 del 07 luglio 2026 Modena,1473,VITE,chiusura grappolo-inizio invaiatura
Bollettino 22 del 07 luglio 2026 Modena,1675,BARBABIETOLA,accrescimento fittone
Bollettino 22 del 07 luglio 2026 Modena,1702,FRUMENTO,post-raccolta
Bollettino 22 del 07 luglio 2026 Modena,1714,MAIS,maturazione cerosa
Bollettino 22 del 07 luglio 2026 Modena,1734,SOIA,fioritura-formazione baccelli
Bollettino 22 del 07 luglio 2026 Modena,1747,ANGURIA,accrescimento- maturazione
Bollettino 22 del 07 luglio 2026 Modena,1791,MELONE,accrescimento-maturazione
Bollettino 22 del 07 luglio 2026 Modena,1846,POMODORO_INDUSTRIA,accrescimento- invaiatura ultimo palco
Bollettino 22 del 07 luglio 2026 Modena,2671,ALBICOCCO,accrescimento-maturazione
Bollettino 22 del 07 luglio 2026 Modena,2707,CILIEGIO,post raccolta
Bollettino 22 del 07 luglio 2026 Modena,2712,KAKI,accrescimento frutti
Bollettino 22 del 07 luglio 2026 Modena,2732,MELO,accrescimento frutti
Bollettino 22 del 07 luglio 2026 Modena,2802,OLIVO,accrescimento frutti
Bollettino 22 del 07 luglio 2026 Modena,2843,PERO,ingrossamento frutti
Bollettino 22 del 07 luglio 2026 Modena,2919,PESCO,ingrossamento frutti -maturazione
Bollettino 22 del 07 luglio 2026 Modena,2962,SUSINO,ingrossamento frutti-maturazione
Bollettino 22 del 07 luglio 2026 Modena,2991,VITE,chiusura grappolo
Bollettino 22 del 07 luglio 2026 Modena,3153,BARBABIETOLA,accrescimento fittone
Bollettino 22 del 07 luglio 2026 Modena,3159,MAIS,emissione pennacchio
Bollettino 22 del 07 luglio 2026 Modena,3168,SOIA,fioritura-formazione baccelli
Bollettino 22 del 07 luglio 2026 Modena,3201,ANGURIA,accrescimento-inizio maturazione
Bollettino 22 del 07 luglio 2026 Modena,3228,MELONE,accrescimento-inizio maturazione
Bollettino 22 del 07 luglio 2026 Modena,3245,POMODORO_INDUSTRIA,accrescimento- invaiatura ultimo palco
Bollettino 22 del 09 luglio 2026 Reggio Emilia,1013,MELO,accrescimento frutti
Bollettino 22 del 09 luglio 2026 Reggio Emilia,1119,OLIVO,allegagione
Bollettino 22 del 09 luglio 2026 Reggio Emilia,1158,PERO,ingrossamento frutti
Bollettino 22 del 09 luglio 2026 Reggio Emilia,1252,VITE,chiusura grappolo-inizio invaiatura
Bollettino 22 del 09 luglio 2026 Reggio Emilia,1442,BARBABIETOLA,accrescimento fittone
Bollettino 22 del 09 luglio 2026 Reggio Emilia,1469,FRUMENTO,post-raccolta
Bollettino 22 del 09 luglio 2026 Reggio Emilia,1485,MAIS,maturazione lattea
Bollettino 22 del 09 luglio 2026 Reggio Emilia,1511,SOIA,fioritura-formazione baccelli
Bollettino 22 del 09 luglio 2026 Reggio Emilia,1525,ANGURIA,maturazione
Bollettino 22 del 09 luglio 2026 Reggio Emilia,1529,MELONE,accrescimento- maturazione
Bollettino 22 del 09 luglio 2026 Reggio Emilia,1547,ANGURIA,accrescimento- maturazione
Bollettino 22 del 09 luglio 2026 Reggio Emilia,1581,MELONE,accrescimento-maturazione
Bollettino 22 del 09 luglio 2026 Reggio Emilia,1646,POMODORO_INDUSTRIA,accrescimento- invaiatura ultimo palco cv.precocissime
Bollettino 22 del 09 luglio 2026 Reggio Emilia,2464,MELO,accrescimento frutti
Bollettino 22 del 09 luglio 2026 Reggio Emilia,2547,OLIVO,accrescimento frutti
Bollettino 22 del 09 luglio 2026 Reggio Emilia,2587,PERO,ingrossamento frutti
Bollettino 22 del 09 luglio 2026 Reggio Emilia,2659,VITE,chiusura grappolo-inizio invaiatura
Bollettino 22 del 09 luglio 2026 Reggio Emilia,2835,BARBABIETOLA,accrescimento fittone
Bollettino 22 del 09 luglio 2026 Reggio Emilia,2841,MAIS,maturazione lattea
Bollettino 22 del 09 luglio 2026 Reggio Emilia,2863,ANGURIA,maturazione
Bollettino 22 del 09 luglio 2026 Reggio Emilia,2877,MELONE,accrescimento-inizio maturazione
Bollettino 22 del 09 luglio 2026 Reggio Emilia,2887,ANGURIA,accrescimento-inizio maturazione
Bollettino 22 del 09 luglio 2026 Reggio Emilia,2904,MELONE,accrescimento-inizio maturazione
Bollettino 22 del 09 luglio 2026 Reggio Emilia,2931,POMODORO_INDUSTRIA,accrescimento- invaiatura ultimo palco
Bollettino 22 del 10 luglio 2026 di Parma,995,ALBICOCCO,da accrescimento frutti a maturazione
Bollettino 22 del 10 luglio 2026 di Parma,1027,CILIEGIO,post-raccolta
Bollettino 22 del 10 luglio 2026 di Parma,1034,MELO,ingrossamento frutti
Bollettino 22 del 10 luglio 2026 di Parma,1119,PERO,accrescimento frutti
Bollettino 22 del 10 luglio 2026 di Parma,1198,PESCO,da ingrossamento frutto a maturazione
Bollettino 22 del 10 luglio 2026 di Parma,1264,SUSINO,da ingrossamento frutti a maturazione
Bollettino 22 del 10 luglio 2026 di Parma,1299,OLIVO,accrescimento drupe
Bollettino 22 del 10 luglio 2026 di Parma,1333,VITE,chiusura grappolo – inizio invaiatura varietà precoci
Bollettino 22 del 10 luglio 2026 di Parma,1591,BARBABIETOLA,accrescimento fittone
Bollettino 22 del 10 luglio 2026 di Parma,1626,FRUMENTO,post-raccolta
Bollettino 22 del 10 luglio 2026 di Parma,1641,MAIS,da senescenza sete a maturazione lattea
Bollettino 22 del 10 luglio 2026 di Parma,1649,SOIA,da fioritura a formazione baccelli
Bollettino 22 del 10 luglio 2026 di Parma,1674,BASILICO,sviluppo vegetativo
Bollettino 22 del 10 luglio 2026 di Parma,1695,CIPOLLA,ingrossamento bulbo - raccolta
Bollettino 22 del 10 luglio 2026 di Parma,1706,POMODORO_INDUSTRIA,da sviluppo vegetativo a invaiatura ultimo palco/maturazione
Bollettino 22 del 10 luglio 2026 di Parma,1865,ZUCCA,da formazione catena ad allegagione frutti
Bollettino 22 del 10 luglio 2026 di Parma,2630,ALBICOCCO,da accrescimento frutti a maturazione
Bollettino 22 del 10 luglio 2026 di Parma,2644,CILIEGIO,post-raccolta
Bollettino 22 del 10 luglio 2026 di Parma,2651,MELO,ingrossamento frutti
Bollettino 22 del 10 luglio 2026 di Parma,2708,PERO,accrescimento frutti
Bollettino 22 del 10 luglio 2026 di Parma,2774,PESCO,da ingrossamento frutto a maturazione
Bollettino 22 del 10 luglio 2026 di Parma,2796,SUSINO,da ingrossamento frutti a maturazione
Bollettino 22 del 10 luglio 2026 di Parma,2825,OLIVO,accrescimento drupe
Bollettino 22 del 10 luglio 2026 di Parma,2849,VITE,chiusura grappolo - inizio invaiatura varietà precoci
Bollettino 22 del 10 luglio 2026 di Parma,3096,POMODORO_INDUSTRIA,da sviluppo vegetativo a inizio invaiatura ultimo palco/maturazione
Bollettino 22 del 10 luglio 2026 di Piacenza,984,ALBICOCCO,da accrescimento frutti a maturazione
Bollettino 22 del 10 luglio 2026 di Piacenza,1012,CILIEGIO,post-raccolta
Bollettino 22 del 10 luglio 2026 di Piacenza,1019,MELO,ingrossamento frutti
Bollettino 22 del 10 luglio 2026 di Piacenza,1094,PERO,accrescimento frutto
Bollettino 22 del 10 luglio 2026 di Piacenza,1186,PESCO,da ingrossamento frutti a maturazione
Bollettino 22 del 10 luglio 2026 di Piacenza,1242,SUSINO,ingrossamento frutti – maturazione
Bollettino 22 del 10 luglio 2026 di Piacenza,1289,OLIVO,accrescimento drupe
Bollettino 22 del 10 luglio 2026 di Piacenza,1320,VITE,chiusura grappolo – inizio invaiatura varietà precoci
Bollettino 22 del 10 luglio 2026 di Piacenza,1603,BARBABIETOLA,accrescimento fittone
Bollettino 22 del 10 luglio 2026 di Piacenza,1628,FRUMENTO,post-raccolta
Bollettino 22 del 10 luglio 2026 di Piacenza,1651,MAIS,da senescenza sete a maturazione lattea
Bollettino 22 del 10 luglio 2026 di Piacenza,1658,SOIA,da fioritura a formazione baccelli
Bollettino 22 del 10 luglio 2026 di Piacenza,1674,BASILICO,sviluppo vegetativo
Bollettino 22 del 10 luglio 2026 di Piacenza,1704,CIPOLLA,ingrossamento bulbo - raccolta
Bollettino 22 del 10 luglio 2026 di Piacenza,1715,POMODORO_INDUSTRIA,da sviluppo vegetativo ad invaiatura ultimo palco/maturazione
Bollettino 22 del 10 luglio 2026 di Piacenza,2587,ALBICOCCO,da accrescimento frutti a maturazione
Bollettino 22 del 10 luglio 2026 di Piacenza,2612,CILIEGIO,post-raccolta
Bollettino 22 del 10 luglio 2026 di Piacenza,2619,MELO,ingrossamento frutti
Bollettino 22 del 10 luglio 2026 di Piacenza,2676,PERO,accrescimento frutto
Bollettino 22 del 10 luglio 2026 di Piacenza,2730,PESCO,da ingrossamento frutti a maturazione
Bollettino 22 del 10 luglio 2026 di Piacenza,2762,SUSINO,ingrossamento frutti – maturazione
Bollettino 22 del 10 luglio 2026 di Piacenza,2780,OLIVO,accrescimento drupe
Bollettino 22 del 10 luglio 2026 di Piacenza,2814,VITE,chiusura grappolo – inizio invaiatura varietà precoci
Bollettino 22 del 10 luglio 2026 di Piacenza,3056,POMODORO_INDUSTRIA,da sviluppo vegetativo ad invaiatura ultimo palco/maturazione
Bollettino 22 dell' 8 luglio 2026 di Bologna e Ferrara,1003,ACTINIDIA,ingrossamento frutti
Bollettino 22 dell' 8 luglio 2026 di Bologna e Ferrara,1042,ALBICOCCO,da accrescimento frutti a maturazione
Bollettino 22 dell' 8 luglio 2026 di Bologna e Ferrara,1085,CILIEGIO,post-raccolta
Bollettino 22 dell' 8 luglio 2026 di Bologna e Ferrara,1089,KAKI,accrescimento frutti
Bollettino 22 dell' 8 luglio 2026 di Bologna e Ferrara,1100,MELO,ingrossamento frutti
Bollettino 22 dell' 8 luglio 2026 di Bologna e Ferrara,1209,NOCE,accrescimento frutto
Bollettino 22 dell' 8 luglio 2026 di Bologna e Ferrara,1246,OLIVO,accrescimento frutti
Bollettino 22 dell' 8 luglio 2026 di Bologna e Ferrara,1273,PERO,accrescimento frutti – maturazione cv precoci
Bollettino 22 dell' 8 luglio 2026 di Bologna e Ferrara,1438,PESCO,da ingrossamento frutti a maturazione
Bollettino 22 dell' 8 luglio 2026 di Bologna e Ferrara,1525,SUSINO,ingrossamento frutti - maturazione
Bollettino 22 dell' 8 luglio 2026 di Bologna e Ferrara,1581,VITE,chiusura grappolo – inizio invaiatura varietà precoci
Bollettino 22 dell' 8 luglio 2026 di Bologna e Ferrara,1785,BARBABIETOLA,accrescimento fittone
Bollettino 22 dell' 8 luglio 2026 di Bologna e Ferrara,1813,FRUMENTO,post-raccolta
Bollettino 22 dell' 8 luglio 2026 di Bologna e Ferrara,1828,MAIS,maturazione lattea
Bollettino 22 dell' 8 luglio 2026 di Bologna e Ferrara,1842,RISO,levata-botticella
Bollettino 22 dell' 8 luglio 2026 di Bologna e Ferrara,1860,SOIA,da fioritura a formazione baccelli
Bollettino 22 dell' 8 luglio 2026 di Bologna e Ferrara,1873,ANGURIA,da sviluppo vegetativo a maturazione
Bollettino 22 dell' 8 luglio 2026 di Bologna e Ferrara,1917,ASPARAGO,sviluppo vegetazione estiva
Bollettino 22 dell' 8 luglio 2026 di Bologna e Ferrara,1931,CAROTA,ingrossamento fittone – maturazione – pre-semina e semina cv ciclo tardivo
Bollettino 22 dell' 8 luglio 2026 di Bologna e Ferrara,1960,CIPOLLA,accrescimento bulbi/ raccolta
Bollettino 22 dell' 8 luglio 2026 di Bologna e Ferrara,1981,MELONE,da sviluppo vegetativo a maturazione
Bollettino 22 dell' 8 luglio 2026 di Bologna e Ferrara,2036,PATATA,da ingrossamento tuberi a maturazione
Bollettino 22 dell' 8 luglio 2026 di Bologna e Ferrara,2082,POMODORO_INDUSTRIA,accrescimento - invaiatura ultimo palco delle cv precocissime
Bollettino 22 dell' 8 luglio 2026 di Bologna e Ferrara,2939,ACTINIDIA,ingrossamento frutti
Bollettino 22 dell' 8 luglio 2026 di Bologna e Ferrara,2960,ALBICOCCO,da accrescimento frutti a maturazione
Bollettino 22 dell' 8 luglio 2026 di Bologna e Ferrara,2998,CILIEGIO,post-raccolta
Bollettino 22 dell' 8 luglio 2026 di Bologna e Ferrara,3003,KAKI,accrescimento frutti
Bollettino 22 dell' 8 luglio 2026 di Bologna e Ferrara,3013,MELO,ingrossamento frutti
Bollettino 22 dell' 8 luglio 2026 di Bologna e Ferrara,3107,NOCE,accrescimento frutto
Bollettino 22 dell' 8 luglio 2026 di Bologna e Ferrara,3132,OLIVO,accrescimento frutti
Bollettino 22 dell' 8 luglio 2026 di Bologna e Ferrara,3160,PERO,accrescimento frutti – maturazione cv precoci
Bollettino 22 dell' 8 luglio 2026 di Bologna e Ferrara,3235,PESCO,da ingrossamento frutti a maturazione
Bollettino 22 dell' 8 luglio 2026 di Bologna e Ferrara,3270,SUSINO,ingrossamento frutti - maturazione
Bollettino 22 dell' 8 luglio 2026 di Bologna e Ferrara,3305,VITE,chiusura grappolo – inizio invaiatura le varietà precoci
Bollettino 22 dell' 8 luglio 2026 di Bologna e Ferrara,3467,BARBABIETOLA,accrescimento fittone
Bollettino 22 dell' 8 luglio 2026 di Bologna e Ferrara,3474,MAIS,maturazione lattea
Bollettino 22 dell' 8 luglio 2026 di Bologna e Ferrara,3483,RISO,levata-botticella
Bollettino 22 dell' 8 luglio 2026 di Bologna e Ferrara,3501,SOIA,da fioritura a formazione baccelli
Bollettino 22 dell' 8 luglio 2026 di Bologna e Ferrara,3522,ANGURIA,da sviluppo vegetativo a maturazione
Bollettino 22 dell' 8 luglio 2026 di Bologna e Ferrara,3549,CAROTA,ingrossamento fittone ingrossamento fittone – maturazione – pre-semina e semina cv ciclo tardivo
Bollettino 22 dell' 8 luglio 2026 di Bologna e Ferrara,3555,CIPOLLA,accrescimento bulbi/ raccolta
Bollettino 22 dell' 8 luglio 2026 di Bologna e Ferrara,3560,MELONE,da sviluppo vegetativo a maturazione
Bollettino 22 dell' 8 luglio 2026 di Bologna e Ferrara,3576,PATATA,ingrossamento tuberi a maturazione
Bollettino 22 dell' 8 luglio 2026 di Bologna e Ferrara,3601,POMODORO_INDUSTRIA,accrescimento - invaiatura ultimo palco delle cv precocissime
"Bollettino 22 dell' 8 luglio 2026 di Forlì-Cesena, Ravenna, Rimini",987,ACTINIDIA,ingrossamento frutti
"Bollettino 22 dell' 8 luglio 2026 di Forlì-Cesena, Ravenna, Rimini",1029,ALBICOCCO,da accrescimento frutti a maturazione
"Bollettino 22 dell' 8 luglio 2026 di Forlì-Cesena, Ravenna, Rimini",1083,CILIEGIO,post-raccolta
"Bollettino 22 dell' 8 luglio 2026 di Forlì-Cesena, Ravenna, Rimini",1088,KAKI,accrescimento frutti
"Bollettino 22 dell' 8 luglio 2026 di Forlì-Cesena, Ravenna, Rimini",1100,MELO,ingrossamento frutti
"Bollettino 22 dell' 8 luglio 2026 di Forlì-Cesena, Ravenna, Rimini",1213,NOCE,accrescimento frutto
"Bollettino 22 dell' 8 luglio 2026 di Forlì-Cesena, Ravenna, Rimini",1246,OLIVO,accrescimento frutti
"Bollettino 22 dell' 8 luglio 2026 di Forlì-Cesena, Ravenna, Rimini",1273,PERO,da accrescimento frutti a maturazione
"Bollettino 22 dell' 8 luglio 2026 di Forlì-Cesena, Ravenna, Rimini",1378,PESCO,da ingrossamento frutti a maturazione
"Bollettino 22 dell' 8 luglio 2026 di Forlì-Cesena, Ravenna, Rimini",1480,SUSINO,da ingrossamento frutti a maturazione
"Bollettino 22 dell' 8 luglio 2026 di Forlì-Cesena, Ravenna, Rimini",1537,VITE,da chiusura grappolo ad inizio invaiatura
"Bollettino 22 dell' 8 luglio 2026 di Forlì-Cesena, Ravenna, Rimini",1735,BARBABIETOLA,accrescimento fittone
"Bollettino 22 dell' 8 luglio 2026 di Forlì-Cesena, Ravenna, Rimini",1764,FRUMENTO,post-raccolta
"Bollettino 22 dell' 8 luglio 2026 di Forlì-Cesena, Ravenna, Rimini",1777,ERBA_MEDICA,accrescimento-sfalcio
"Bollettino 22 dell' 8 luglio 2026 di Forlì-Cesena, Ravenna, Rimini",1810,MAIS,maturazione lattea-cerosa
"Bollettino 22 dell' 8 luglio 2026 di Forlì-Cesena, Ravenna, Rimini",1819,SOIA,da fioritura a formazione baccelli
"Bollettino 22 dell' 8 luglio 2026 di Forlì-Cesena, Ravenna, Rimini",1832,CIPOLLA,da accrescimento bulbi a maturazione
"Bollettino 22 dell' 8 luglio 2026 di Forlì-Cesena, Ravenna, Rimini",1863,PATATA,da ingrossamento tuberi a maturazione
"Bollettino 22 dell' 8 luglio 2026 di Forlì-Cesena, Ravenna, Rimini",1885,POMODORO_INDUSTRIA,accrescimento - invaiatura ultimo palco delle cv precocissime
"Bollettino 22 dell' 8 luglio 2026 di Forlì-Cesena, Ravenna, Rimini",2690,ACTINIDIA,ingrossamento frutti
"Bollettino 22 dell' 8 luglio 2026 di Forlì-Cesena, Ravenna, Rimini",2721,ALBICOCCO,da accrescimento frutti a maturazione
"Bollettino 22 dell' 8 luglio 2026 di Forlì-Cesena, Ravenna, Rimini",2757,CILIEGIO,post-raccolta
"Bollettino 22 dell' 8 luglio 2026 di Forlì-Cesena, Ravenna, Rimini",2772,KAKI,accrescimento frutti
"Bollettino 22 dell' 8 luglio 2026 di Forlì-Cesena, Ravenna, Rimini",2780,MELO,ingrossamento frutti
"Bollettino 22 dell' 8 luglio 2026 di Forlì-Cesena, Ravenna, Rimini",2859,NOCE,accrescimento frutto
"Bollettino 22 dell' 8 luglio 2026 di Forlì-Cesena, Ravenna, Rimini",2889,OLIVO,accrescimento frutti
"Bollettino 22 dell' 8 luglio 2026 di Forlì-Cesena, Ravenna, Rimini",2914,PERO,da accrescimento frutti a maturazione
"Bollettino 22 dell' 8 luglio 2026 di Forlì-Cesena, Ravenna, Rimini",2999,PESCO,da ingrossamento frutti a maturazione
"Bollettino 22 dell' 8 luglio 2026 di Forlì-Cesena, Ravenna, Rimini",3055,SUSINO,da ingrossamento frutti a maturazione
"Bollettino 22 dell' 8 luglio 2026 di Forlì-Cesena, Ravenna, Rimini",3078,VITE,da chiusura grappolo ad inizio invaiatura
"Bollettino 22 dell' 8 luglio 2026 di Forlì-Cesena, Ravenna, Rimini",3244,BARBABIETOLA,accrescimento fittone
"Bollettino 22 dell' 8 luglio 2026 di Forlì-Cesena, Ravenna, Rimini",3250,ERBA_MEDICA,accrescimento-sfalcio
"Bollettino 22 dell' 8 luglio 2026 di Forlì-Cesena, Ravenna, Rimini",3283,MAIS,maturazione lattea
"Bollettino 22 dell' 8 luglio 2026 di Forlì-Cesena, Ravenna, Rimini",3315,CIPOLLA,da accrescimento bulbi a maturazione
"Bollettino 22 dell' 8 luglio 2026 di Forlì-Cesena, Ravenna, Rimini",3326,PATATA,ingrossamento tuberi a maturazione
"Bollettino 22 dell' 8 luglio 2026 di Forlì-Cesena, Ravenna, Rimini",3341,POMODORO_INDUSTRIA,accrescimento - invaiatura ultimo palco delle cv precocissime
Bollettino 23 BIS del 14 luglio 2026 Modena – Aggiornamento irrigazione,1029,ALBICOCCO,maturazione
Bollettino 23 BIS del 14 luglio 2026 Modena – Aggiornamento irrigazione,1085,CILIEGIO,post raccolta
Bollettino 23 BIS del 14 luglio 2026 Modena – Aggiornamento irrigazione,1102,KAKI,accrescimento frutti
Bollettino 23 BIS del 14 luglio 2026 Modena – Aggiornamento irrigazione,1111,MELO,accrescimento frutti
Bollettino 23 BIS del 14 luglio 2026 Modena – Aggiornamento irrigazione,1216,OLIVO,accrescimento frutto
Bollettino 23 BIS del 14 luglio 2026 Modena – Aggiornamento irrigazione,1255,PERO,ingrossamento frutti-maturazione
Bollettino 23 BIS del 14 luglio 2026 Modena – Aggiornamento irrigazione,1361,PESCO,ingrossamento frutti-maturazione
Bollettino 23 BIS del 14 luglio 2026 Modena – Aggiornamento irrigazione,1469,SUSINO,ingrossamento frutti-maturazione
Bollettino 23 BIS del 14 luglio 2026 Modena – Aggiornamento irrigazione,1514,VITE,chiusura grappolo-inizio invaiatura
Bollettino 23 BIS del 14 luglio 2026 Modena – Aggiornamento irrigazione,1707,BARBABIETOLA,accrescimento fittone
Bollettino 23 BIS del 14 luglio 2026 Modena – Aggiornamento irrigazione,1724,FRUMENTO,post-raccolta
Bollettino 23 BIS del 14 luglio 2026 Modena – Aggiornamento irrigazione,1736,MAIS,maturazione cerosa
Bollettino 23 BIS del 14 luglio 2026 Modena – Aggiornamento irrigazione,1758,SOIA,formazione baccelli
Bollettino 23 BIS del 14 luglio 2026 Modena – Aggiornamento irrigazione,1773,POMODORO_INDUSTRIA,accrescimento- maturazione
Bollettino 23 BIS del 14 luglio 2026 Modena – Aggiornamento irrigazione,2610,ALBICOCCO,maturazione
Bollettino 23 BIS del 14 luglio 2026 Modena – Aggiornamento irrigazione,2650,CILIEGIO,post raccolta
Bollettino 23 BIS del 14 luglio 2026 Modena – Aggiornamento irrigazione,2656,KAKI,accrescimento frutti
Bollettino 23 BIS del 14 luglio 2026 Modena – Aggiornamento irrigazione,2663,MELO,accrescimento frutti
Bollettino 23 BIS del 14 luglio 2026 Modena – Aggiornamento irrigazione,2739,OLIVO,accrescimento frutto
Bollettino 23 BIS del 14 luglio 2026 Modena – Aggiornamento irrigazione,2781,PERO,ingrossamento frutti
Bollettino 23 BIS del 14 luglio 2026 Modena – Aggiornamento irrigazione,2868,PESCO,ingrossamento frutti -maturazione
Bollettino 23 BIS del 14 luglio 2026 Modena – Aggiornamento irrigazione,2913,SUSINO,ingrossamento frutti-maturazione
Bollettino 23 BIS del 14 luglio 2026 Modena – Aggiornamento irrigazione,2933,VITE,chiusura grappolo-inizio invaiatura
Bollettino 23 BIS del 14 luglio 2026 Modena – Aggiornamento irrigazione,3095,BARBABIETOLA,maturazione
Bollettino 23 BIS del 14 luglio 2026 Modena – Aggiornamento irrigazione,3098,MAIS,maturazione cerosa
Bollettino 23 BIS del 14 luglio 2026 Modena – Aggiornamento irrigazione,3116,SOIA,formazione baccelli
Bollettino 23 BIS del 14 luglio 2026 Modena – Aggiornamento irrigazione,3138,POMODORO_INDUSTRIA,accrescimento- maturazione
Bollettino 23 BIS del 15 luglio 2026 di Bologna e Ferrara - Aggiornamento irrigazione,1016,ACTINIDIA,ingrossamento frutti
Bollettino 23 BIS del 15 luglio 2026 di Bologna e Ferrara - Aggiornamento irrigazione,1055,ALBICOCCO,da maturazione a post-raccolta
Bollettino 23 BIS del 15 luglio 2026 di Bologna e Ferrara - Aggiornamento irrigazione,1106,CILIEGIO,post-raccolta
Bollettino 23 BIS del 15 luglio 2026 di Bologna e Ferrara - Aggiornamento irrigazione,1110,KAKI,accrescimento frutti
Bollettino 23 BIS del 15 luglio 2026 di Bologna e Ferrara - Aggiornamento irrigazione,1118,MELO,ingrossamento frutti
Bollettino 23 BIS del 15 luglio 2026 di Bologna e Ferrara - Aggiornamento irrigazione,1237,NOCE,accrescimento frutto
Bollettino 23 BIS del 15 luglio 2026 di Bologna e Ferrara - Aggiornamento irrigazione,1272,OLIVO,accrescimento frutti
Bollettino 23 BIS del 15 luglio 2026 di Bologna e Ferrara - Aggiornamento irrigazione,1309,PERO,accrescimento frutti – maturazione cv precoci
Bollettino 23 BIS del 15 luglio 2026 di Bologna e Ferrara - Aggiornamento irrigazione,1463,PESCO,da ingrossamento frutti a maturazione
Bollettino 23 BIS del 15 luglio 2026 di Bologna e Ferrara - Aggiornamento irrigazione,1568,SUSINO,ingrossamento frutti - maturazione
Bollettino 23 BIS del 15 luglio 2026 di Bologna e Ferrara - Aggiornamento irrigazione,1630,VITE,chiusura grappolo – inizio invaiatura
Bollettino 23 BIS del 15 luglio 2026 di Bologna e Ferrara - Aggiornamento irrigazione,1835,BARBABIETOLA,accrescimento fittone
Bollettino 23 BIS del 15 luglio 2026 di Bologna e Ferrara - Aggiornamento irrigazione,1851,FRUMENTO,post-raccolta
Bollettino 23 BIS del 15 luglio 2026 di Bologna e Ferrara - Aggiornamento irrigazione,1866,MAIS,maturazione lattea - cerosa
Bollettino 23 BIS del 15 luglio 2026 di Bologna e Ferrara - Aggiornamento irrigazione,1889,RISO,levata-botticella
Bollettino 23 BIS del 15 luglio 2026 di Bologna e Ferrara - Aggiornamento irrigazione,1906,SOIA,formazione baccelli
Bollettino 23 BIS del 15 luglio 2026 di Bologna e Ferrara - Aggiornamento irrigazione,1919,ANGURIA,da sviluppo vegetativo a maturazione
Bollettino 23 BIS del 15 luglio 2026 di Bologna e Ferrara - Aggiornamento irrigazione,1945,ASPARAGO,sviluppo vegetazione estiva
Bollettino 23 BIS del 15 luglio 2026 di Bologna e Ferrara - Aggiornamento irrigazione,1959,CAROTA,ingrossamento fittone – maturazione – pre-semina e semina cv ciclo tardivo
Bollettino 23 BIS del 15 luglio 2026 di Bologna e Ferrara - Aggiornamento irrigazione,1988,CIPOLLA,accrescimento bulbi/ raccolta
Bollettino 23 BIS del 15 luglio 2026 di Bologna e Ferrara - Aggiornamento irrigazione,1994,MELONE,da sviluppo vegetativo a maturazione
Bollettino 23 BIS del 15 luglio 2026 di Bologna e Ferrara - Aggiornamento irrigazione,2012,PATATA,da ingrossamento tuberi a maturazione
Bollettino 23 BIS del 15 luglio 2026 di Bologna e Ferrara - Aggiornamento irrigazione,2056,POMODORO_INDUSTRIA,invaiatura – maturazione cv precocissime
Bollettino 23 BIS del 15 luglio 2026 di Bologna e Ferrara - Aggiornamento irrigazione,2900,ACTINIDIA,ingrossamento frutti
Bollettino 23 BIS del 15 luglio 2026 di Bologna e Ferrara - Aggiornamento irrigazione,2924,ALBICOCCO,da maturazione a post-raccolta
Bollettino 23 BIS del 15 luglio 2026 di Bologna e Ferrara - Aggiornamento irrigazione,2967,CILIEGIO,post-raccolta
Bollettino 23 BIS del 15 luglio 2026 di Bologna e Ferrara - Aggiornamento irrigazione,2972,KAKI,accrescimento frutti
Bollettino 23 BIS del 15 luglio 2026 di Bologna e Ferrara - Aggiornamento irrigazione,2990,MELO,ingrossamento frutti
Bollettino 23 BIS del 15 luglio 2026 di Bologna e Ferrara - Aggiornamento irrigazione,3083,NOCE,accrescimento frutto
Bollettino 23 BIS del 15 luglio 2026 di Bologna e Ferrara - Aggiornamento irrigazione,3110,OLIVO,accrescimento frutti
Bollettino 23 BIS del 15 luglio 2026 di Bologna e Ferrara - Aggiornamento irrigazione,3148,PERO,accrescimento frutti – maturazione cv precoci
Bollettino 23 BIS del 15 luglio 2026 di Bologna e Ferrara - Aggiornamento irrigazione,3220,PESCO,da ingrossamento frutti a maturazione
Bollettino 23 BIS del 15 luglio 2026 di Bologna e Ferrara - Aggiornamento irrigazione,3270,SUSINO,ingrossamento frutti - maturazione
Bollettino 23 BIS del 15 luglio 2026 di Bologna e Ferrara - Aggiornamento irrigazione,3310,VITE,chiusura grappolo – inizio invaiatura
Bollettino 23 BIS del 15 luglio 2026 di Bologna e Ferrara - Aggiornamento irrigazione,3473,MAIS,maturazione lattea - cerosa
Bollettino 23 BIS del 15 luglio 2026 di Bologna e Ferrara - Aggiornamento irrigazione,3480,RISO,levata-botticella
Bollettino 23 BIS del 15 luglio 2026 di Bologna e Ferrara - Aggiornamento irrigazione,3497,SOIA,formazione baccelli
Bollettino 23 BIS del 15 luglio 2026 di Bologna e Ferrara - Aggiornamento irrigazione,3529,ANGURIA,da sviluppo vegetativo a maturazione
Bollettino 23 BIS del 15 luglio 2026 di Bologna e Ferrara - Aggiornamento irrigazione,3538,CAROTA,ingrossamento fittone ingrossamento fittone – maturazione – pre-semina e semina cv ciclo tardivo
Bollettino 23 BIS del 15 luglio 2026 di Bologna e Ferrara - Aggiornamento irrigazione,3544,CIPOLLA,accrescimento bulbi/ raccolta
Bollettino 23 BIS del 15 luglio 2026 di Bologna e Ferrara - Aggiornamento irrigazione,3549,MELONE,da sviluppo vegetativo a maturazione
Bollettino 23 BIS del 15 luglio 2026 di Bologna e Ferrara - Aggiornamento irrigazione,3557,PATATA,ingrossamento tuberi a maturazione
Bollettino 23 BIS del 15 luglio 2026 di Bologna e Ferrara - Aggiornamento irrigazione,3578,POMODORO_INDUSTRIA,invaiatura – maturazione cv precocissime
"Bollettino 23 BIS del 15 luglio 2026 di Forlì-Cesena, Ravenna, Rimini - Aggiornamento irrigazione",1013,ACTINIDIA,ingrossamento frutti
"Bollettino 23 BIS del 15 luglio 2026 di Forlì-Cesena, Ravenna, Rimini - Aggiornamento irrigazione",1060,ALBICOCCO,da maturazione a post-raccolta
"Bollettino 23 BIS del 15 luglio 2026 di Forlì-Cesena, Ravenna, Rimini - Aggiornamento irrigazione",1117,CILIEGIO,post-raccolta
"Bollettino 23 BIS del 15 luglio 2026 di Forlì-Cesena, Ravenna, Rimini - Aggiornamento irrigazione",1122,KAKI,accrescimento frutti
"Bollettino 23 BIS del 15 luglio 2026 di Forlì-Cesena, Ravenna, Rimini - Aggiornamento irrigazione",1131,MELO,ingrossamento frutti
"Bollettino 23 BIS del 15 luglio 2026 di Forlì-Cesena, Ravenna, Rimini - Aggiornamento irrigazione",1264,NOCE,accrescimento frutto
"Bollettino 23 BIS del 15 luglio 2026 di Forlì-Cesena, Ravenna, Rimini - Aggiornamento irrigazione",1285,OLIVO,accrescimento frutti
"Bollettino 23 BIS del 15 luglio 2026 di Forlì-Cesena, Ravenna, Rimini - Aggiornamento irrigazione",1323,PERO,da accrescimento frutti a maturazione
"Bollettino 23 BIS del 15 luglio 2026 di Forlì-Cesena, Ravenna, Rimini - Aggiornamento irrigazione",1435,PESCO,da ingrossamento frutti a maturazione
"Bollettino 23 BIS del 15 luglio 2026 di Forlì-Cesena, Ravenna, Rimini - Aggiornamento irrigazione",1529,SUSINO,da ingrossamento frutti a maturazione
"Bollettino 23 BIS del 15 luglio 2026 di Forlì-Cesena, Ravenna, Rimini - Aggiornamento irrigazione",1593,VITE,da chiusura grappolo ad invaiatura
"Bollettino 23 BIS del 15 luglio 2026 di Forlì-Cesena, Ravenna, Rimini - Aggiornamento irrigazione",1799,BARBABIETOLA,accrescimento fittone
"Bollettino 23 BIS del 15 luglio 2026 di Forlì-Cesena, Ravenna, Rimini - Aggiornamento irrigazione",1827,FRUMENTO,post-raccolta
"Bollettino 23 BIS del 15 luglio 2026 di Forlì-Cesena, Ravenna, Rimini - Aggiornamento irrigazione",1837,ERBA_MEDICA,accrescimento-sfalcio
"Bollettino 23 BIS del 15 luglio 2026 di Forlì-Cesena, Ravenna, Rimini - Aggiornamento irrigazione",1848,MAIS,maturazione lattea-cerosa
"Bollettino 23 BIS del 15 luglio 2026 di Forlì-Cesena, Ravenna, Rimini - Aggiornamento irrigazione",1859,SOIA,formazione baccelli
"Bollettino 23 BIS del 15 luglio 2026 di Forlì-Cesena, Ravenna, Rimini - Aggiornamento irrigazione",1884,CIPOLLA,da accrescimento bulbi a maturazione
"Bollettino 23 BIS del 15 luglio 2026 di Forlì-Cesena, Ravenna, Rimini - Aggiornamento irrigazione",1889,PATATA,da ingrossamento tuberi a maturazione
"Bollettino 23 BIS del 15 luglio 2026 di Forlì-Cesena, Ravenna, Rimini - Aggiornamento irrigazione",1938,POMODORO_INDUSTRIA,invaiatura – maturazione cv precocissime
"Bollettino 23 BIS del 15 luglio 2026 di Forlì-Cesena, Ravenna, Rimini - Aggiornamento irrigazione",2762,ACTINIDIA,ingrossamento frutti
"Bollettino 23 BIS del 15 luglio 2026 di Forlì-Cesena, Ravenna, Rimini - Aggiornamento irrigazione",2802,ALBICOCCO,da maturazione a post-raccolta
"Bollettino 23 BIS del 15 luglio 2026 di Forlì-Cesena, Ravenna, Rimini - Aggiornamento irrigazione",2853,CILIEGIO,post-raccolta
"Bollettino 23 BIS del 15 luglio 2026 di Forlì-Cesena, Ravenna, Rimini - Aggiornamento irrigazione",2858,KAKI,accrescimento frutti
"Bollettino 23 BIS del 15 luglio 2026 di Forlì-Cesena, Ravenna, Rimini - Aggiornamento irrigazione",2868,MELO,ingrossamento frutti
"Bollettino 23 BIS del 15 luglio 2026 di Forlì-Cesena, Ravenna, Rimini - Aggiornamento irrigazione",2968,NOCE,accrescimento frutto
"Bollettino 23 BIS del 15 luglio 2026 di Forlì-Cesena, Ravenna, Rimini - Aggiornamento irrigazione",2987,OLIVO,accrescimento frutti
"Bollettino 23 BIS del 15 luglio 2026 di Forlì-Cesena, Ravenna, Rimini - Aggiornamento irrigazione",3023,PERO,da accrescimento frutti a maturazione
"Bollettino 23 BIS del 15 luglio 2026 di Forlì-Cesena, Ravenna, Rimini - Aggiornamento irrigazione",3106,PESCO,da ingrossamento frutti a maturazione
"Bollettino 23 BIS del 15 luglio 2026 di Forlì-Cesena, Ravenna, Rimini - Aggiornamento irrigazione",3165,SUSINO,da ingrossamento frutti a maturazione
"Bollettino 23 BIS del 15 luglio 2026 di Forlì-Cesena, Ravenna, Rimini - Aggiornamento irrigazione",3200,VITE,da chiusura grappolo ad inizio invaiatura
"Bollettino 23 BIS del 15 luglio 2026 di Forlì-Cesena, Ravenna, Rimini - Aggiornamento irrigazione",3362,ERBA_MEDICA,accrescimento-sfalcio
"Bollettino 23 BIS del 15 luglio 2026 di Forlì-Cesena, Ravenna, Rimini - Aggiornamento irrigazione",3373,MAIS,maturazione lattea-cerosa
"Bollettino 23 BIS del 15 luglio 2026 di Forlì-Cesena, Ravenna, Rimini - Aggiornamento irrigazione",3404,CIPOLLA,da accrescimento bulbi a maturazione
"Bollettino 23 BIS del 15 luglio 2026 di Forlì-Cesena, Ravenna, Rimini - Aggiornamento irrigazione",3410,PATATA,ingrossamento tuberi a maturazione
"Bollettino 23 BIS del 15 luglio 2026 di Forlì-Cesena, Ravenna, Rimini - Aggiornamento irrigazione",3419,POMODORO_INDUSTRIA,invaiatura – maturazione cv precocissime
Bollettino 23 del 14 luglio 2026 Modena,1029,ALBICOCCO,maturazione
Bollettino 23 del 14 luglio 2026 Modena,1085,CILIEGIO,post raccolta
Bollettino 23 del 14 luglio 2026 Modena,1102,KAKI,accrescimento frutti
Bollettino 23 del 14 luglio 2026 Modena,1111,MELO,accrescimento frutti
Bollettino 23 del 14 luglio 2026 Modena,1216,OLIVO,accrescimento frutto
Bollettino 23 del 14 luglio 2026 Modena,1255,PERO,ingrossamento frutti-maturazione
Bollettino 23 del 14 luglio 2026 Modena,1360,PESCO,ingrossamento frutti-maturazione
Bollettino 23 del 14 luglio 2026 Modena,1467,SUSINO,ingrossamento frutti-maturazione
Bollettino 23 del 14 luglio 2026 Modena,1512,VITE,chiusura grappolo-inizio invaiatura
Bollettino 23 del 14 luglio 2026 Modena,1705,BARBABIETOLA,accrescimento fittone
Bollettino 23 del 14 luglio 2026 Modena,1722,FRUMENTO,post-raccolta
Bollettino 23 del 14 luglio 2026 Modena,1734,MAIS,maturazione cerosa
Bollettino 23 del 14 luglio 2026 Modena,1757,SOIA,formazione baccelli
Bollettino 23 del 14 luglio 2026 Modena,1772,POMODORO_INDUSTRIA,accrescimento- maturazione
Bollettino 23 del 14 luglio 2026 Modena,2606,ALBICOCCO,maturazione
Bollettino 23 del 14 luglio 2026 Modena,2636,CILIEGIO,post raccolta
Bollettino 23 del 14 luglio 2026 Modena,2652,KAKI,accrescimento frutti
Bollettino 23 del 14 luglio 2026 Modena,2659,MELO,accrescimento frutti
Bollettino 23 del 14 luglio 2026 Modena,2735,OLIVO,accrescimento frutto
Bollettino 23 del 14 luglio 2026 Modena,2777,PERO,ingrossamento frutti
Bollettino 23 del 14 luglio 2026 Modena,2863,PESCO,ingrossamento frutti -maturazione
Bollettino 23 del 14 luglio 2026 Modena,2907,SUSINO,ingrossamento frutti-maturazione
Bollettino 23 del 14 luglio 2026 Modena,2927,VITE,chiusura grappolo-inizio invaiatura
Bollettino 23 del 14 luglio 2026 Modena,3088,BARBABIETOLA,maturazione
Bollettino 23 del 14 luglio 2026 Modena,3091,MAIS,maturazione cerosa
Bollettino 23 del 14 luglio 2026 Modena,3099,SOIA,formazione baccelli
Bollettino 23 del 14 luglio 2026 Modena,3132,POMODORO_INDUSTRIA,accrescimento- maturazione
Bollettino 23 del 15 luglio 2026 di Bologna e Ferrara,1016,ACTINIDIA,ingrossamento frutti
Bollettino 23 del 15 luglio 2026 di Bologna e Ferrara,1055,ALBICOCCO,da maturazione a post-raccolta
Bollettino 23 del 15 luglio 2026 di Bologna e Ferrara,1106,CILIEGIO,post-raccolta
Bollettino 23 del 15 luglio 2026 di Bologna e Ferrara,1110,KAKI,accrescimento frutti
Bollettino 23 del 15 luglio 2026 di Bologna e Ferrara,1118,MELO,ingrossamento frutti
Bollettino 23 del 15 luglio 2026 di Bologna e Ferrara,1237,NOCE,accrescimento frutto
Bollettino 23 del 15 luglio 2026 di Bologna e Ferrara,1272,OLIVO,accrescimento frutti
Bollettino 23 del 15 luglio 2026 di Bologna e Ferrara,1309,PERO,accrescimento frutti – maturazione cv precoci
Bollettino 23 del 15 luglio 2026 di Bologna e Ferrara,1463,PESCO,da ingrossamento frutti a maturazione
Bollettino 23 del 15 luglio 2026 di Bologna e Ferrara,1568,SUSINO,ingrossamento frutti - maturazione
Bollettino 23 del 15 luglio 2026 di Bologna e Ferrara,1630,VITE,chiusura grappolo – inizio invaiatura
Bollettino 23 del 15 luglio 2026 di Bologna e Ferrara,1835,BARBABIETOLA,accrescimento fittone
Bollettino 23 del 15 luglio 2026 di Bologna e Ferrara,1851,FRUMENTO,post-raccolta
Bollettino 23 del 15 luglio 2026 di Bologna e Ferrara,1866,MAIS,maturazione lattea - cerosa
Bollettino 23 del 15 luglio 2026 di Bologna e Ferrara,1889,RISO,levata-botticella
Bollettino 23 del 15 luglio 2026 di Bologna e Ferrara,1906,SOIA,formazione baccelli
Bollettino 23 del 15 luglio 2026 di Bologna e Ferrara,1919,ANGURIA,da sviluppo vegetativo a maturazione
Bollettino 23 del 15 luglio 2026 di Bologna e Ferrara,1945,ASPARAGO,sviluppo vegetazione estiva
Bollettino 23 del 15 luglio 2026 di Bologna e Ferrara,1959,CAROTA,ingrossamento fittone – maturazione – pre-semina e semina cv ciclo tardivo
Bollettino 23 del 15 luglio 2026 di Bologna e Ferrara,1988,CIPOLLA,accrescimento bulbi/ raccolta
Bollettino 23 del 15 luglio 2026 di Bologna e Ferrara,1994,MELONE,da sviluppo vegetativo a maturazione
Bollettino 23 del 15 luglio 2026 di Bologna e Ferrara,2012,PATATA,da ingrossamento tuberi a maturazione
Bollettino 23 del 15 luglio 2026 di Bologna e Ferrara,2056,POMODORO_INDUSTRIA,invaiatura – maturazione cv precocissime
Bollettino 23 del 15 luglio 2026 di Bologna e Ferrara,2900,ACTINIDIA,ingrossamento frutti
Bollettino 23 del 15 luglio 2026 di Bologna e Ferrara,2924,ALBICOCCO,da maturazione a post-raccolta
Bollettino 23 del 15 luglio 2026 di Bologna e Ferrara,2967,CILIEGIO,post-raccolta
Bollettino 23 del 15 luglio 2026 di Bologna e Ferrara,2972,KAKI,accrescimento frutti
Bollettino 23 del 15 luglio 2026 di Bologna e Ferrara,2990,MELO,ingrossamento frutti
Bollettino 23 del 15 luglio 2026 di Bologna e Ferrara,3083,NOCE,accrescimento frutto
Bollettino 23 del 15 luglio 2026 di Bologna e Ferrara,3110,OLIVO,accrescimento frutti
Bollettino 23 del 15 luglio 2026 di Bologna e Ferrara,3148,PERO,accrescimento frutti – maturazione cv precoci
Bollettino 23 del 15 luglio 2026 di Bologna e Ferrara,3220,PESCO,da ingrossamento frutti a maturazione
Bollettino 23 del 15 luglio 2026 di Bologna e Ferrara,3270,SUSINO,ingrossamento frutti - maturazione
Bollettino 23 del 15 luglio 2026 di Bologna e Ferrara,3310,VITE,chiusura grappolo – inizio invaiatura
Bollettino 23 del 15 luglio 2026 di Bologna e Ferrara,3473,MAIS,maturazione lattea - cerosa
Bollettino 23 del 15 luglio 2026 di Bologna e Ferrara,3480,RISO,levata-botticella
Bollettino 23 del 15 luglio 2026 di Bologna e Ferrara,3497,SOIA,formazione baccelli
Bollettino 23 del 15 luglio 2026 di Bologna e Ferrara,3529,ANGURIA,da sviluppo vegetativo a maturazione
Bollettino 23 del 15 luglio 2026 di Bologna e Ferrara,3538,CAROTA,ingrossamento fittone ingrossamento fittone – maturazione – pre-semina e semina cv ciclo tardivo
Bollettino 23 del 15 luglio 2026 di Bologna e Ferrara,3544,CIPOLLA,accrescimento bulbi/ raccolta
Bollettino 23 del 15 luglio 2026 di Bologna e Ferrara,3549,MELONE,da sviluppo vegetativo a maturazione
Bollettino 23 del 15 luglio 2026 di Bologna e Ferrara,3557,PATATA,ingrossamento tuberi a maturazione
Bollettino 23 del 15 luglio 2026 di Bologna e Ferrara,3578,POMODORO_INDUSTRIA,invaiatura – maturazione cv precocissime
"Bollettino 23 del 15 luglio 2026 di Forlì-Cesena, Ravenna, Rimini",1013,ACTINIDIA,ingrossamento frutti
"Bollettino 23 del 15 luglio 2026 di Forlì-Cesena, Ravenna, Rimini",1060,ALBICOCCO,da maturazione a post-raccolta
"Bollettino 23 del 15 luglio 2026 di Forlì-Cesena, Ravenna, Rimini",1117,CILIEGIO,post-raccolta
"Bollettino 23 del 15 luglio 2026 di Forlì-Cesena, Ravenna, Rimini",1122,KAKI,accrescimento frutti
"Bollettino 23 del 15 luglio 2026 di Forlì-Cesena, Ravenna, Rimini",1131,MELO,ingrossamento frutti
"Bollettino 23 del 15 luglio 2026 di Forlì-Cesena, Ravenna, Rimini",1264,NOCE,accrescimento frutto
"Bollettino 23 del 15 luglio 2026 di Forlì-Cesena, Ravenna, Rimini",1285,OLIVO,accrescimento frutti
"Bollettino 23 del 15 luglio 2026 di Forlì-Cesena, Ravenna, Rimini",1323,PERO,da accrescimento frutti a maturazione
"Bollettino 23 del 15 luglio 2026 di Forlì-Cesena, Ravenna, Rimini",1435,PESCO,da ingrossamento frutti a maturazione
"Bollettino 23 del 15 luglio 2026 di Forlì-Cesena, Ravenna, Rimini",1529,SUSINO,da ingrossamento frutti a maturazione
"Bollettino 23 del 15 luglio 2026 di Forlì-Cesena, Ravenna, Rimini",1593,VITE,da chiusura grappolo ad invaiatura
"Bollettino 23 del 15 luglio 2026 di Forlì-Cesena, Ravenna, Rimini",1799,BARBABIETOLA,accrescimento fittone
"Bollettino 23 del 15 luglio 2026 di Forlì-Cesena, Ravenna, Rimini",1827,FRUMENTO,post-raccolta
"Bollettino 23 del 15 luglio 2026 di Forlì-Cesena, Ravenna, Rimini",1837,ERBA_MEDICA,accrescimento-sfalcio
"Bollettino 23 del 15 luglio 2026 di Forlì-Cesena, Ravenna, Rimini",1848,MAIS,maturazione lattea-cerosa
"Bollettino 23 del 15 luglio 2026 di Forlì-Cesena, Ravenna, Rimini",1859,SOIA,formazione baccelli
"Bollettino 23 del 15 luglio 2026 di Forlì-Cesena, Ravenna, Rimini",1884,CIPOLLA,da accrescimento bulbi a maturazione
"Bollettino 23 del 15 luglio 2026 di Forlì-Cesena, Ravenna, Rimini",1889,PATATA,da ingrossamento tuberi a maturazione
"Bollettino 23 del 15 luglio 2026 di Forlì-Cesena, Ravenna, Rimini",1938,POMODORO_INDUSTRIA,invaiatura – maturazione cv precocissime
"Bollettino 23 del 15 luglio 2026 di Forlì-Cesena, Ravenna, Rimini",2699,ACTINIDIA,ingrossamento frutti
"Bollettino 23 del 15 luglio 2026 di Forlì-Cesena, Ravenna, Rimini",2740,ALBICOCCO,da maturazione a post-raccolta
"Bollettino 23 del 15 luglio 2026 di Forlì-Cesena, Ravenna, Rimini",2791,CILIEGIO,post-raccolta
"Bollettino 23 del 15 luglio 2026 di Forlì-Cesena, Ravenna, Rimini",2796,KAKI,accrescimento frutti
"Bollettino 23 del 15 luglio 2026 di Forlì-Cesena, Ravenna, Rimini",2806,MELO,ingrossamento frutti
"Bollettino 23 del 15 luglio 2026 di Forlì-Cesena, Ravenna, Rimini",2906,NOCE,accrescimento frutto
"Bollettino 23 del 15 luglio 2026 di Forlì-Cesena, Ravenna, Rimini",2925,OLIVO,accrescimento frutti
"Bollettino 23 del 15 luglio 2026 di Forlì-Cesena, Ravenna, Rimini",2961,PERO,da accrescimento frutti a maturazione
"Bollettino 23 del 15 luglio 2026 di Forlì-Cesena, Ravenna, Rimini",3044,PESCO,da ingrossamento frutti a maturazione
"Bollettino 23 del 15 luglio 2026 di Forlì-Cesena, Ravenna, Rimini",3103,SUSINO,da ingrossamento frutti a maturazione
"Bollettino 23 del 15 luglio 2026 di Forlì-Cesena, Ravenna, Rimini",3138,VITE,da chiusura grappolo ad inizio invaiatura
"Bollettino 23 del 15 luglio 2026 di Forlì-Cesena, Ravenna, Rimini",3300,ERBA_MEDICA,accrescimento-sfalcio
"Bollettino 23 del 15 luglio 2026 di Forlì-Cesena, Ravenna, Rimini",3311,MAIS,maturazione lattea-cerosa
"Bollettino 23 del 15 luglio 2026 di Forlì-Cesena, Ravenna, Rimini",3342,CIPOLLA,da accrescimento bulbi a maturazione
"Bollettino 23 del 15 luglio 2026 di Forlì-Cesena, Ravenna, Rimini",3348,PATATA,ingrossamento tuberi a maturazione
"Bollettino 23 del 15 luglio 2026 di Forlì-Cesena, Ravenna, Rimini",3357,POMODORO_INDUSTRIA,invaiatura – maturazione cv precocissime
Bollettino 23 del 16 Luglio 2026 Reggio Emilia,1024,MELO,accrescimento frutti
Bollettino 23 del 16 Luglio 2026 Reggio Emilia,1132,OLIVO,accrescimento frutto
Bollettino 23 del 16 Luglio 2026 Reggio Emilia,1168,PERO,ingrossamento frutti-maturazione
Bollettino 23 del 16 Luglio 2026 Reggio Emilia,1273,VITE,chiusura grappolo-inizio invaiatura
Bollettino 23 del 16 Luglio 2026 Reggio Emilia,1473,BARBABIETOLA,accrescimento fittone
Bollettino 23 del 16 Luglio 2026 Reggio Emilia,1490,FRUMENTO,post-raccolta
Bollettino 23 del 16 Luglio 2026 Reggio Emilia,1512,MAIS,maturazione cerosa
Bollettino 23 del 16 Luglio 2026 Reggio Emilia,1524,SOIA,formazione baccelli
Bollettino 23 del 16 Luglio 2026 Reggio Emilia,1538,ANGURIA,accrescimento- maturazione
Bollettino 23 del 16 Luglio 2026 Reggio Emilia,1583,MELONE,accrescimento-maturazione
Bollettino 23 del 16 Luglio 2026 Reggio Emilia,1638,POMODORO_INDUSTRIA,accrescimento- maturazione
Bollettino 23 del 16 Luglio 2026 Reggio Emilia,2479,MELO,accrescimento frutti
Bollettino 23 del 16 Luglio 2026 Reggio Emilia,2568,OLIVO,accrescimento frutto
Bollettino 23 del 16 Luglio 2026 Reggio Emilia,2594,PERO,ingrossamento frutti
Bollettino 23 del 16 Luglio 2026 Reggio Emilia,2682,VITE,chiusura grappolo-inizio invaiatura
Bollettino 23 del 16 Luglio 2026 Reggio Emilia,2844,BARBABIETOLA,maturazione
Bollettino 23 del 16 Luglio 2026 Reggio Emilia,2847,MAIS,maturazione cerosa
Bollettino 23 del 16 Luglio 2026 Reggio Emilia,2855,SOIA,formazione baccelli
Bollettino 23 del 16 Luglio 2026 Reggio Emilia,2887,ANGURIA,maturazione
Bollettino 23 del 16 Luglio 2026 Reggio Emilia,2891,MELONE,accrescimento-inizio maturazione
Bollettino 23 del 16 Luglio 2026 Reggio Emilia,2901,ANGURIA,accrescimento-inizio maturazione
Bollettino 23 del 16 Luglio 2026 Reggio Emilia,2929,MELONE,accrescimento-inizio maturazione
Bollettino 23 del 16 Luglio 2026 Reggio Emilia,2946,POMODORO_INDUSTRIA,accrescimento- maturazione
Bollettino 23 del 17 luglio 2026 di Parma,997,ALBICOCCO,da maturazione a post-raccolta
Bollettino 23 del 17 luglio 2026 di Parma,1029,CILIEGIO,post-raccolta
Bollettino 23 del 17 luglio 2026 di Parma,1036,MELO,ingrossamento frutti
Bollettino 23 del 17 luglio 2026 di Parma,1123,PERO,accrescimento frutti
Bollettino 23 del 17 luglio 2026 di Parma,1216,PESCO,da ingrossamento frutto a maturazione
Bollettino 23 del 17 luglio 2026 di Parma,1280,SUSINO,da ingrossamento frutti a maturazione
Bollettino 23 del 17 luglio 2026 di Parma,1326,OLIVO,da accrescimento drupe a inizio indurimento nocciolo
Bollettino 23 del 17 luglio 2026 di Parma,1346,VITE,chiusura grappolo – inizio invaiatura
Bollettino 23 del 17 luglio 2026 di Parma,1608,BARBABIETOLA,accrescimento fittone
Bollettino 23 del 17 luglio 2026 di Parma,1641,FRUMENTO,post-raccolta
Bollettino 23 del 17 luglio 2026 di Parma,1656,MAIS,da maturazione lattea a cerosa
Bollettino 23 del 17 luglio 2026 di Parma,1663,SOIA,formazione baccelli
Bollettino 23 del 17 luglio 2026 di Parma,1685,BASILICO,sviluppo vegetativo
Bollettino 23 del 17 luglio 2026 di Parma,1706,CIPOLLA,ingrossamento bulbo - raccolta
Bollettino 23 del 17 luglio 2026 di Parma,1717,POMODORO_INDUSTRIA,da sviluppo vegetativo a maturazione
Bollettino 23 del 17 luglio 2026 di Parma,1881,ZUCCA,da fioritura a ingrossamento frutti
Bollettino 23 del 17 luglio 2026 di Parma,2651,ALBICOCCO,da maturazione a post-raccolta
Bollettino 23 del 17 luglio 2026 di Parma,2665,CILIEGIO,post-raccolta
Bollettino 23 del 17 luglio 2026 di Parma,2672,MELO,ingrossamento frutti
Bollettino 23 del 17 luglio 2026 di Parma,2742,PERO,accrescimento frutti
Bollettino 23 del 17 luglio 2026 di Parma,2801,PESCO,da ingrossamento frutto a maturazione
Bollettino 23 del 17 luglio 2026 di Parma,2823,SUSINO,da ingrossamento frutti a maturazione
Bollettino 23 del 17 luglio 2026 di Parma,2851,OLIVO,da accrescimento drupe a inizio indurimento nocciolo
Bollettino 23 del 17 luglio 2026 di Parma,2872,VITE,chiusura grappolo - inizio invaiatura
Bollettino 23 del 17 luglio 2026 di Parma,3123,POMODORO_INDUSTRIA,da sviluppo vegetativo a maturazione
Bollettino 23 del 17 luglio 2026 di Piacenza,993,ALBICOCCO,da maturazione a post-raccolta
Bollettino 23 del 17 luglio 2026 di Piacenza,1022,CILIEGIO,post-raccolta
Bollettino 23 del 17 luglio 2026 di Piacenza,1029,MELO,ingrossamento frutti
Bollettino 23 del 17 luglio 2026 di Piacenza,1104,PERO,accrescimento frutto
Bollettino 23 del 17 luglio 2026 di Piacenza,1196,PESCO,da ingrossamento frutti a maturazione
Bollettino 23 del 17 luglio 2026 di Piacenza,1256,SUSINO,ingrossamento frutti – maturazione
Bollettino 23 del 17 luglio 2026 di Piacenza,1303,OLIVO,da accrescimento drupe a inizio indurimento nocciolo
Bollettino 23 del 17 luglio 2026 di Piacenza,1334,VITE,chiusura grappolo – inizio invaiatura
Bollettino 23 del 17 luglio 2026 di Piacenza,1623,BARBABIETOLA,accrescimento fittone
Bollettino 23 del 17 luglio 2026 di Piacenza,1648,FRUMENTO,post-raccolta
Bollettino 23 del 17 luglio 2026 di Piacenza,1673,MAIS,maturazione lattea - cerosa
Bollettino 23 del 17 luglio 2026 di Piacenza,1680,SOIA,formazione baccelli
Bollettino 23 del 17 luglio 2026 di Piacenza,1693,BASILICO,sviluppo vegetativo
Bollettino 23 del 17 luglio 2026 di Piacenza,1725,CIPOLLA,ingrossamento bulbo - raccolta
Bollettino 23 del 17 luglio 2026 di Piacenza,1736,POMODORO_INDUSTRIA,da sviluppo vegetativo a maturazione
Bollettino 23 del 17 luglio 2026 di Piacenza,2618,ALBICOCCO,da maturazione a post-raccolta
Bollettino 23 del 17 luglio 2026 di Piacenza,2642,CILIEGIO,post-raccolta
Bollettino 23 del 17 luglio 2026 di Piacenza,2649,MELO,ingrossamento frutti
Bollettino 23 del 17 luglio 2026 di Piacenza,2708,PERO,accrescimento frutto
Bollettino 23 del 17 luglio 2026 di Piacenza,2765,PESCO,da ingrossamento frutti a maturazione
Bollettino 23 del 17 luglio 2026 di Piacenza,2798,SUSINO,ingrossamento frutti – maturazione
Bollettino 23 del 17 luglio 2026 di Piacenza,2816,OLIVO,da accrescimento drupe a inizio indurimento nocciolo
Bollettino 23 del 17 luglio 2026 di Piacenza,2846,VITE,chiusura grappolo – inizio invaiatura
Bollettino 23 del 17 luglio 2026 di Piacenza,3091,POMODORO_INDUSTRIA,da sviluppo vegetativo a maturazione
Bollettino 24 del 21 Luglio 2026 Modena,1022,ALBICOCCO,maturazione
Bollettino 24 del 21 Luglio 2026 Modena,1049,CILIEGIO,post raccolta
Bollettino 24 del 21 Luglio 2026 Modena,1065,KAKI,accrescimento frutti
Bollettino 24 del 21 Luglio 2026 Modena,1076,MELO,accrescimento frutti
Bollettino 24 del 21 Luglio 2026 Modena,1171,OLIVO,accrescimento frutto
Bollettino 24 del 21 Luglio 2026 Modena,1210,PERO,ingrossamento frutti-maturazione
Bollettino 24 del 21 Luglio 2026 Modena,1295,PESCO,ingrossamento frutti-maturazione
Bollettino 24 del 21 Luglio 2026 Modena,1385,SUSINO,ingrossamento frutti-maturazione
Bollettino 24 del 21 Luglio 2026 Modena,1430,VITE,invaiatura
Bollettino 24 del 21 Luglio 2026 Modena,1637,BARBABIETOLA,accrescimento fittone-maturazione
Bollettino 24 del 21 Luglio 2026 Modena,1654,FRUMENTO,post-raccolta
Bollettino 24 del 21 Luglio 2026 Modena,1676,MAIS,maturazione cerosa
Bollettino 24 del 21 Luglio 2026 Modena,1685,SOIA,formazione baccelli-riempimento semi
Bollettino 24 del 21 Luglio 2026 Modena,1712,POMODORO_INDUSTRIA,accrescimento- maturazione
Bollettino 24 del 21 Luglio 2026 Modena,2543,ALBICOCCO,maturazione
Bollettino 24 del 21 Luglio 2026 Modena,2562,CILIEGIO,post raccolta
Bollettino 24 del 21 Luglio 2026 Modena,2578,KAKI,accrescimento frutti
Bollettino 24 del 21 Luglio 2026 Modena,2586,MELO,accrescimento frutti
Bollettino 24 del 21 Luglio 2026 Modena,2658,OLIVO,accrescimento frutto
Bollettino 24 del 21 Luglio 2026 Modena,2698,PERO,ingrossamento frutti
Bollettino 24 del 21 Luglio 2026 Modena,2766,PESCO,ingrossamento frutti -maturazione
Bollettino 24 del 21 Luglio 2026 Modena,2803,SUSINO,ingrossamento frutti-maturazione
Bollettino 24 del 21 Luglio 2026 Modena,2835,VITE,invaiatura
Bollettino 24 del 21 Luglio 2026 Modena,3007,BARBABIETOLA,maturazione
Bollettino 24 del 21 Luglio 2026 Modena,3010,MAIS,maturazione cerosa
Bollettino 24 del 21 Luglio 2026 Modena,3018,SOIA,formazione baccelli
Bollettino 24 del 21 Luglio 2026 Modena,3049,POMODORO_INDUSTRIA,accrescimento- maturazione
Bollettino 24 del 22 luglio 2026 Bologna e Ferrara,1012,ACTINIDIA,ingrossamento frutti
Bollettino 24 del 22 luglio 2026 Bologna e Ferrara,1052,ALBICOCCO,da maturazione a post-raccolta
Bollettino 24 del 22 luglio 2026 Bologna e Ferrara,1102,CILIEGIO,post-raccolta
Bollettino 24 del 22 luglio 2026 Bologna e Ferrara,1106,KAKI,accrescimento frutti
Bollettino 24 del 22 luglio 2026 Bologna e Ferrara,1114,MELO,da ingrossamento frutti a maturazione
Bollettino 24 del 22 luglio 2026 Bologna e Ferrara,1231,NOCE,indurimento guscio
Bollettino 24 del 22 luglio 2026 Bologna e Ferrara,1265,OLIVO,accrescimento frutti
Bollettino 24 del 22 luglio 2026 Bologna e Ferrara,1293,PERO,accrescimento frutti – maturazione cv precoci
Bollettino 24 del 22 luglio 2026 Bologna e Ferrara,1457,PESCO,da ingrossamento frutti a maturazione
Bollettino 24 del 22 luglio 2026 Bologna e Ferrara,1549,SUSINO,ingrossamento frutti - maturazione
Bollettino 24 del 22 luglio 2026 Bologna e Ferrara,1622,VITE,invaiatura
Bollettino 24 del 22 luglio 2026 Bologna e Ferrara,1843,BARBABIETOLA,accrescimento fittone
Bollettino 24 del 22 luglio 2026 Bologna e Ferrara,1858,FRUMENTO,post-raccolta
Bollettino 24 del 22 luglio 2026 Bologna e Ferrara,1883,MAIS,maturazione lattea - cerosa
Bollettino 24 del 22 luglio 2026 Bologna e Ferrara,1894,RISO,levata-botticella
Bollettino 24 del 22 luglio 2026 Bologna e Ferrara,1912,SOIA,formazione baccelli
Bollettino 24 del 22 luglio 2026 Bologna e Ferrara,1939,ASPARAGO,sviluppo vegetazione estiva
Bollettino 24 del 22 luglio 2026 Bologna e Ferrara,1953,CAROTA,maturazione – pre-semina e semina cv ciclo tardivo
Bollettino 24 del 22 luglio 2026 Bologna e Ferrara,1960,PATATA,da ingrossamento tuberi a maturazione
Bollettino 24 del 22 luglio 2026 Bologna e Ferrara,1997,POMODORO_INDUSTRIA,invaiatura – maturazione cv precoci
Bollettino 24 del 22 luglio 2026 Bologna e Ferrara,2820,ACTINIDIA,ingrossamento frutti
Bollettino 24 del 22 luglio 2026 Bologna e Ferrara,2844,ALBICOCCO,da maturazione a post-raccolta
Bollettino 24 del 22 luglio 2026 Bologna e Ferrara,2882,CILIEGIO,post-raccolta
Bollettino 24 del 22 luglio 2026 Bologna e Ferrara,2886,KAKI,accrescimento frutti
Bollettino 24 del 22 luglio 2026 Bologna e Ferrara,2894,MELO,ingrossamento frutti a maturazione
Bollettino 24 del 22 luglio 2026 Bologna e Ferrara,2993,NOCE,indurimento guscio
Bollettino 24 del 22 luglio 2026 Bologna e Ferrara,3022,OLIVO,accrescimento frutti
Bollettino 24 del 22 luglio 2026 Bologna e Ferrara,3050,PERO,accrescimento frutti – maturazione cv precoci
Bollettino 24 del 22 luglio 2026 Bologna e Ferrara,3131,PESCO,da ingrossamento frutti a maturazione
Bollettino 24 del 22 luglio 2026 Bologna e Ferrara,3181,SUSINO,ingrossamento frutti - maturazione
Bollettino 24 del 22 luglio 2026 Bologna e Ferrara,3210,VITE,invaiatura
Bollettino 24 del 22 luglio 2026 Bologna e Ferrara,3392,MAIS,maturazione lattea - cerosa
Bollettino 24 del 22 luglio 2026 Bologna e Ferrara,3399,SOIA,formazione baccelli
Bollettino 24 del 22 luglio 2026 Bologna e Ferrara,3420,PATATA,ingrossamento tuberi a maturazione
Bollettino 24 del 22 luglio 2026 Bologna e Ferrara,3439,POMODORO_INDUSTRIA,invaiatura – maturazione cv precoci
Bollettino 24 del 23 Luglio 2026 Reggio Emilia,1030,MELO,accrescimento frutti
Bollettino 24 del 23 Luglio 2026 Reggio Emilia,1122,OLIVO,accrescimento frutto
Bollettino 24 del 23 Luglio 2026 Reggio Emilia,1151,PERO,ingrossamento frutti-maturazione
Bollettino 24 del 23 Luglio 2026 Reggio Emilia,1245,VITE,chiusura grappolo-invaiatura
Bollettino 24 del 23 Luglio 2026 Reggio Emilia,1457,BARBABIETOLA,accrescimento fittone-maturazione
Bollettino 24 del 23 Luglio 2026 Reggio Emilia,1484,FRUMENTO,post-raccolta
Bollettino 24 del 23 Luglio 2026 Reggio Emilia,1496,MAIS,maturazione cerosa
Bollettino 24 del 23 Luglio 2026 Reggio Emilia,1505,SOIA,formazione baccelli-riempimento semi
Bollettino 24 del 23 Luglio 2026 Reggio Emilia,1532,ANGURIA,accrescimento- maturazione
Bollettino 24 del 23 Luglio 2026 Reggio Emilia,1576,MELONE,accrescimento-maturazione
Bollettino 24 del 23 Luglio 2026 Reggio Emilia,1631,POMODORO_INDUSTRIA,accrescimento- maturazione(cv.precoci)
Bollettino 24 del 23 Luglio 2026 Reggio Emilia,2455,MELO,accrescimento frutti
Bollettino 24 del 23 Luglio 2026 Reggio Emilia,2532,OLIVO,accrescimento frutto
Bollettino 24 del 23 Luglio 2026 Reggio Emilia,2561,PERO,ingrossamento frutti
Bollettino 24 del 23 Luglio 2026 Reggio Emilia,2636,VITE,chiusura grappolo-invaiatura
Bollettino 24 del 23 Luglio 2026 Reggio Emilia,2811,BARBABIETOLA,maturazione
Bollettino 24 del 23 Luglio 2026 Reggio Emilia,2814,MAIS,maturazione cerosa
Bollettino 24 del 23 Luglio 2026 Reggio Emilia,2822,SOIA,formazione baccelli
Bollettino 24 del 23 Luglio 2026 Reggio Emilia,2855,ANGURIA,accrescimento- maturazione
Bollettino 24 del 23 Luglio 2026 Reggio Emilia,2872,MELONE,accrescimento- maturazione
Bollettino 24 del 23 Luglio 2026 Reggio Emilia,2899,POMODORO_INDUSTRIA,accrescimento- maturazione
Bollettino 24 del 24 luglio 2026 di Parma,1008,ALBICOCCO,da maturazione a post-raccolta
Bollettino 24 del 24 luglio 2026 di Parma,1034,CILIEGIO,post-raccolta
Bollettino 24 del 24 luglio 2026 di Parma,1040,MELO,ingrossamento frutti
Bollettino 24 del 24 luglio 2026 di Parma,1136,PERO,da accrescimento frutti a inizio maturazione
Bollettino 24 del 24 luglio 2026 di Parma,1235,PESCO,da ingrossamento frutto a maturazione
Bollettino 24 del 24 luglio 2026 di Parma,1302,SUSINO,da ingrossamento frutti a maturazione
Bollettino 24 del 24 luglio 2026 di Parma,1351,OLIVO,da accrescimento drupe a inizio indurimento nocciolo
Bollettino 24 del 24 luglio 2026 di Parma,1383,VITE,da chiusura grappolo a invaiatura
Bollettino 24 del 24 luglio 2026 di Parma,1640,BARBABIETOLA,accrescimento fittone
Bollettino 24 del 24 luglio 2026 di Parma,1662,FRUMENTO,post-raccolta
Bollettino 24 del 24 luglio 2026 di Parma,1687,MAIS,da maturazione lattea a cerosa
Bollettino 24 del 24 luglio 2026 di Parma,1693,SOIA,formazione baccelli
Bollettino 24 del 24 luglio 2026 di Parma,1709,BASILICO,sviluppo vegetativo
Bollettino 24 del 24 luglio 2026 di Parma,1740,POMODORO_INDUSTRIA,da sviluppo vegetativo a maturazione
Bollettino 24 del 24 luglio 2026 di Parma,1903,ZUCCA,ingrossamento frutti
Bollettino 24 del 24 luglio 2026 di Parma,2660,ALBICOCCO,da maturazione a post-raccolta
Bollettino 24 del 24 luglio 2026 di Parma,2675,CILIEGIO,post-raccolta
Bollettino 24 del 24 luglio 2026 di Parma,2681,MELO,ingrossamento frutti
Bollettino 24 del 24 luglio 2026 di Parma,2755,PERO,da accrescimento frutti a inizio maturazione
Bollettino 24 del 24 luglio 2026 di Parma,2814,PESCO,da ingrossamento frutto a maturazione
Bollettino 24 del 24 luglio 2026 di Parma,2849,SUSINO,da ingrossamento frutti a maturazione
Bollettino 24 del 24 luglio 2026 di Parma,2868,OLIVO,da accrescimento drupe a inizio indurimento nocciolo
Bollettino 24 del 24 luglio 2026 di Parma,2899,VITE,da chiusura grappolo a invaiatura
Bollettino 24 del 24 luglio 2026 di Parma,3134,POMODORO_INDUSTRIA,da sviluppo vegetativo a maturazione
Bollettino 24 del 24 luglio 2026 di Piacenza,987,ALBICOCCO,da maturazione a post-raccolta
Bollettino 24 del 24 luglio 2026 di Piacenza,1021,CILIEGIO,post-raccolta
Bollettino 24 del 24 luglio 2026 di Piacenza,1027,MELO,ingrossamento frutti
Bollettino 24 del 24 luglio 2026 di Piacenza,1123,PERO,accrescimento frutti – inizio maturazione
Bollettino 24 del 24 luglio 2026 di Piacenza,1208,PESCO,da ingrossamento frutti a maturazione
Bollettino 24 del 24 luglio 2026 di Piacenza,1281,SUSINO,ingrossamento frutti – maturazione
Bollettino 24 del 24 luglio 2026 di Piacenza,1329,OLIVO,da accrescimento drupe a inizio indurimento nocciolo
Bollettino 24 del 24 luglio 2026 di Piacenza,1352,VITE,da chiusura grappolo a invaiatura
Bollettino 24 del 24 luglio 2026 di Piacenza,1634,BARBABIETOLA,accrescimento fittone
Bollettino 24 del 24 luglio 2026 di Piacenza,1668,FRUMENTO,post-raccolta
Bollettino 24 del 24 luglio 2026 di Piacenza,1683,MAIS,maturazione lattea - cerosa
Bollettino 24 del 24 luglio 2026 di Piacenza,1689,SOIA,formazione baccelli
Bollettino 24 del 24 luglio 2026 di Piacenza,1715,BASILICO,sviluppo vegetativo
Bollettino 24 del 24 luglio 2026 di Piacenza,1736,POMODORO_INDUSTRIA,da sviluppo vegetativo a maturazione
Bollettino 24 del 24 luglio 2026 di Piacenza,2608,ALBICOCCO,da maturazione a post-raccolta
Bollettino 24 del 24 luglio 2026 di Piacenza,2634,CILIEGIO,post-raccolta
Bollettino 24 del 24 luglio 2026 di Piacenza,2640,MELO,ingrossamento frutti
Bollettino 24 del 24 luglio 2026 di Piacenza,2704,PERO,accrescimento frutti – inizio maturazione
Bollettino 24 del 24 luglio 2026 di Piacenza,2773,PESCO,da ingrossamento frutti a maturazione
Bollettino 24 del 24 luglio 2026 di Piacenza,2798,SUSINO,ingrossamento frutti – maturazione
Bollettino 24 del 24 luglio 2026 di Piacenza,2828,OLIVO,da accrescimento drupe a inizio indurimento nocciolo
Bollettino 24 del 24 luglio 2026 di Piacenza,2849,VITE,da chiusura grappolo a invaiatura
Bollettino 24 del 24 luglio 2026 di Piacenza,3103,POMODORO_INDUSTRIA,da sviluppo vegetativo a maturazione
Bollettino 25 del 28 luglio 2026 di Modena,1012,CILIEGIO,post raccolta
Bollettino 25 del 28 luglio 2026 di Modena,1026,KAKI,accrescimento frutti
Bollettino 25 del 28 luglio 2026 di Modena,1037,MELO,accrescimento frutti-maturazione
Bollettino 25 del 28 luglio 2026 di Modena,1132,OLIVO,accrescimento frutto
Bollettino 25 del 28 luglio 2026 di Modena,1181,PERO,ingrossamento frutti-maturazione
Bollettino 25 del 28 luglio 2026 di Modena,1274,PESCO,ingrossamento frutti-maturazione
Bollettino 25 del 28 luglio 2026 di Modena,1354,SUSINO,ingrossamento frutti-maturazione
Bollettino 25 del 28 luglio 2026 di Modena,1396,VITE,invaiatura
Bollettino 25 del 28 luglio 2026 di Modena,1597,BARBABIETOLA,accrescimento fittone-maturazione
Bollettino 25 del 28 luglio 2026 di Modena,1625,FRUMENTO,post-raccolta
Bollettino 25 del 28 luglio 2026 di Modena,1637,MAIS,maturazione cerosa
Bollettino 25 del 28 luglio 2026 di Modena,1641,SOIA,formazione baccelli-riempimento semi
Bollettino 25 del 28 luglio 2026 di Modena,1670,POMODORO_INDUSTRIA,accrescimento- maturazione
Bollettino 25 del 28 luglio 2026 di Modena,2518,CILIEGIO,post raccolta
Bollettino 25 del 28 luglio 2026 di Modena,2523,KAKI,accrescimento frutti
Bollettino 25 del 28 luglio 2026 di Modena,2531,MELO,accrescimento frutti-maturazione
Bollettino 25 del 28 luglio 2026 di Modena,2616,OLIVO,accrescimento frutto
Bollettino 25 del 28 luglio 2026 di Modena,2641,PERO,ingrossamento frutti
Bollettino 25 del 28 luglio 2026 di Modena,2724,PESCO,ingrossamento frutti -maturazione
Bollettino 25 del 28 luglio 2026 di Modena,2764,SUSINO,ingrossamento frutti-maturazione
Bollettino 25 del 28 luglio 2026 di Modena,2783,VITE,invaiatura
Bollettino 25 del 28 luglio 2026 di Modena,2954,MAIS,maturazione cerosa
Bollettino 25 del 28 luglio 2026 di Modena,2967,SOIA,formazione baccelli
Bollettino 25 del 28 luglio 2026 di Modena,2988,POMODORO_INDUSTRIA,accrescimento- maturazione
Bollettino 25 del 29 luglio 2026 di Bologna e Ferrara,964,ACTINIDIA,ingrossamento frutti
Bollettino 25 del 29 luglio 2026 di Bologna e Ferrara,986,KAKI,accrescimento frutti
Bollettino 25 del 29 luglio 2026 di Bologna e Ferrara,993,MELO,da ingrossamento frutti a maturazione
Bollettino 25 del 29 luglio 2026 di Bologna e Ferrara,1100,NOCE,indurimento guscio
Bollettino 25 del 29 luglio 2026 di Bologna e Ferrara,1134,OLIVO,accrescimento frutti
Bollettino 25 del 29 luglio 2026 di Bologna e Ferrara,1172,PERO,accrescimento frutti – maturazione
Bollettino 25 del 29 luglio 2026 di Bologna e Ferrara,1240,PESCO,da ingrossamento frutti a maturazione
Bollettino 25 del 29 luglio 2026 di Bologna e Ferrara,1331,SUSINO,ingrossamento frutti - maturazione
Bollettino 25 del 29 luglio 2026 di Bologna e Ferrara,1385,VITE,invaiatura
Bollettino 25 del 29 luglio 2026 di Bologna e Ferrara,1599,BARBABIETOLA,accrescimento fittone
Bollettino 25 del 29 luglio 2026 di Bologna e Ferrara,1626,FRUMENTO,post-raccolta
Bollettino 25 del 29 luglio 2026 di Bologna e Ferrara,1641,RISO,levata-botticella
Bollettino 25 del 29 luglio 2026 di Bologna e Ferrara,1669,SOIA,da formazione baccelli a ingrossamento semi
Bollettino 25 del 29 luglio 2026 di Bologna e Ferrara,1685,ASPARAGO,sviluppo vegetazione estiva
Bollettino 25 del 29 luglio 2026 di Bologna e Ferrara,1709,CAROTA,maturazione – pre-semina e semina cv ciclo tardivo
Bollettino 25 del 29 luglio 2026 di Bologna e Ferrara,1724,PATATA,da ingrossamento tuberi a maturazione
Bollettino 25 del 29 luglio 2026 di Bologna e Ferrara,1762,POMODORO_INDUSTRIA,invaiatura – maturazione cv precoci
Bollettino 25 del 29 luglio 2026 di Bologna e Ferrara,2605,ACTINIDIA,ingrossamento frutti
Bollettino 25 del 29 luglio 2026 di Bologna e Ferrara,2623,KAKI,accrescimento frutti
Bollettino 25 del 29 luglio 2026 di Bologna e Ferrara,2629,MELO,ingrossamento frutti a maturazione
Bollettino 25 del 29 luglio 2026 di Bologna e Ferrara,2719,NOCE,indurimento guscio
Bollettino 25 del 29 luglio 2026 di Bologna e Ferrara,2738,OLIVO,accrescimento frutti
Bollettino 25 del 29 luglio 2026 di Bologna e Ferrara,2776,PERO,accrescimento frutti – maturazione cv precoci
Bollettino 25 del 29 luglio 2026 di Bologna e Ferrara,2838,PESCO,da ingrossamento frutti a maturazione
Bollettino 25 del 29 luglio 2026 di Bologna e Ferrara,2878,SUSINO,ingrossamento frutti - maturazione
Bollettino 25 del 29 luglio 2026 di Bologna e Ferrara,2910,VITE,invaiatura
Bollettino 25 del 29 luglio 2026 di Bologna e Ferrara,3083,SOIA,da formazione baccelli a ingrossamento semi
Bollettino 25 del 29 luglio 2026 di Bologna e Ferrara,3104,PATATA,ingrossamento tuberi a maturazione
Bollettino 25 del 29 luglio 2026 di Bologna e Ferrara,3123,POMODORO_INDUSTRIA,invaiatura – maturazione cv precoci
"Bollettino 25 del 29 luglio 2026 di Forlì-Cesena, Ravenna e Rimini",933,ACTINIDIA,ingrossamento frutti
"Bollettino 25 del 29 luglio 2026 di Forlì-Cesena, Ravenna e Rimini",981,KAKI,accrescimento frutti
"Bollettino 25 del 29 luglio 2026 di Forlì-Cesena, Ravenna e Rimini",992,MELO,da ingrossamento frutti a maturazione
"Bollettino 25 del 29 luglio 2026 di Forlì-Cesena, Ravenna e Rimini",1104,NOCE,indurimento guscio
"Bollettino 25 del 29 luglio 2026 di Forlì-Cesena, Ravenna e Rimini",1139,OLIVO,accrescimento frutti
"Bollettino 25 del 29 luglio 2026 di Forlì-Cesena, Ravenna e Rimini",1167,PERO,da accrescimento frutti a maturazione
"Bollettino 25 del 29 luglio 2026 di Forlì-Cesena, Ravenna e Rimini",1271,PESCO,da ingrossamento frutti a maturazione
"Bollettino 25 del 29 luglio 2026 di Forlì-Cesena, Ravenna e Rimini",1376,SUSINO,da ingrossamento frutti a maturazione
"Bollettino 25 del 29 luglio 2026 di Forlì-Cesena, Ravenna e Rimini",1437,VITE,invaiatura
"Bollettino 25 del 29 luglio 2026 di Forlì-Cesena, Ravenna e Rimini",1649,BARBABIETOLA,accrescimento fittone
"Bollettino 25 del 29 luglio 2026 di Forlì-Cesena, Ravenna e Rimini",1678,FRUMENTO,post-raccolta
"Bollettino 25 del 29 luglio 2026 di Forlì-Cesena, Ravenna e Rimini",1688,SOIA,da formazione baccelli a ingrossamento semi
"Bollettino 25 del 29 luglio 2026 di Forlì-Cesena, Ravenna e Rimini",1715,PATATA,da ingrossamento tuberi a maturazione
"Bollettino 25 del 29 luglio 2026 di Forlì-Cesena, Ravenna e Rimini",1743,POMODORO_INDUSTRIA,invaiatura – maturazione cv precoci
"Bollettino 25 del 29 luglio 2026 di Forlì-Cesena, Ravenna e Rimini",2555,ACTINIDIA,ingrossamento frutti
"Bollettino 25 del 29 luglio 2026 di Forlì-Cesena, Ravenna e Rimini",2595,KAKI,accrescimento frutti
"Bollettino 25 del 29 luglio 2026 di Forlì-Cesena, Ravenna e Rimini",2603,MELO,da ingrossamento frutti a maturazione
"Bollettino 25 del 29 luglio 2026 di Forlì-Cesena, Ravenna e Rimini",2687,NOCE,indurimento guscio
"Bollettino 25 del 29 luglio 2026 di Forlì-Cesena, Ravenna e Rimini",2705,OLIVO,accrescimento frutti
"Bollettino 25 del 29 luglio 2026 di Forlì-Cesena, Ravenna e Rimini",2741,PERO,da accrescimento frutti a maturazione
"Bollettino 25 del 29 luglio 2026 di Forlì-Cesena, Ravenna e Rimini",2815,PESCO,da ingrossamento frutti a maturazione
"Bollettino 25 del 29 luglio 2026 di Forlì-Cesena, Ravenna e Rimini",2876,SUSINO,da ingrossamento frutti a maturazione
"Bollettino 25 del 29 luglio 2026 di Forlì-Cesena, Ravenna e Rimini",2920,VITE,invaiatura
"Bollettino 25 del 29 luglio 2026 di Forlì-Cesena, Ravenna e Rimini",3087,SOIA,da formazione baccelli a ingrossamento semi
"Bollettino 25 del 29 luglio 2026 di Forlì-Cesena, Ravenna e Rimini",3109,PATATA,ingrossamento tuberi a maturazione
"Bollettino 25 del 29 luglio 2026 di Forlì-Cesena, Ravenna e Rimini",3129,POMODORO_INDUSTRIA,invaiatura – maturazione cv precoci
Bollettino 25 del 30 luglio 2026 di Reggio Emilia,1004,MELO,accrescimento frutti-maturazione
Bollettino 25 del 30 luglio 2026 di Reggio Emilia,1098,OLIVO,accrescimento frutto
Bollettino 25 del 30 luglio 2026 di Reggio Emilia,1122,PERO,ingrossamento frutti-maturazione
Bollettino 25 del 30 luglio 2026 di Reggio Emilia,1215,VITE,invaiatura
Bollettino 25 del 30 luglio 2026 di Reggio Emilia,1418,BARBABIETOLA,accrescimento fittone-maturazione
Bollettino 25 del 30 luglio 2026 di Reggio Emilia,1445,FRUMENTO,post-raccolta
Bollettino 25 del 30 luglio 2026 di Reggio Emilia,1457,MAIS,maturazione cerosa
Bollettino 25 del 30 luglio 2026 di Reggio Emilia,1461,SOIA,formazione baccelli-riempimento semi
Bollettino 25 del 30 luglio 2026 di Reggio Emilia,1490,MELONE,maturazione
Bollettino 25 del 30 luglio 2026 di Reggio Emilia,1494,POMODORO_INDUSTRIA,accrescimento- maturazione
Bollettino 25 del 30 luglio 2026 di Reggio Emilia,2325,MELO,accrescimento frutti-maturazione
Bollettino 25 del 30 luglio 2026 di Reggio Emilia,2399,OLIVO,accrescimento frutto
Bollettino 25 del 30 luglio 2026 di Reggio Emilia,2430,PERO,ingrossamento frutti
Bollettino 25 del 30 luglio 2026 di Reggio Emilia,2503,VITE,invaiatura
Bollettino 25 del 30 luglio 2026 di Reggio Emilia,2680,MAIS,maturazione cerosa
Bollettino 25 del 30 luglio 2026 di Reggio Emilia,2693,SOIA,formazione baccelli
Bollettino 25 del 30 luglio 2026 di Reggio Emilia,2715,ANGURIA,maturazione
Bollettino 25 del 30 luglio 2026 di Reggio Emilia,2719,MELONE,maturazione
Bollettino 25 del 30 luglio 2026 di Reggio Emilia,2732,POMODORO_INDUSTRIA,accrescimento- maturazione
Bollettino 25 del 31 luglio 2026 di Parma,961,ALBICOCCO,da maturazione a post-raccolta
Bollettino 25 del 31 luglio 2026 di Parma,970,MELO,da ingrossamento frutti a inizio maturazione
Bollettino 25 del 31 luglio 2026 di Parma,1063,PERO,da accrescimento frutti a maturazione
Bollettino 25 del 31 luglio 2026 di Parma,1132,PESCO,da ingrossamento frutto a maturazione
Bollettino 25 del 31 luglio 2026 di Parma,1192,SUSINO,da ingrossamento frutti a maturazione
Bollettino 25 del 31 luglio 2026 di Parma,1237,OLIVO,indurimento nocciolo
Bollettino 25 del 31 luglio 2026 di Parma,1262,VITE,da invaiatura a inizio maturazione
Bollettino 25 del 31 luglio 2026 di Parma,1498,BARBABIETOLA,da accrescimento fittone a maturazione
Bollettino 25 del 31 luglio 2026 di Parma,1518,FRUMENTO,post-raccolta
Bollettino 25 del 31 luglio 2026 di Parma,1544,SOIA,da formazione baccelli a ingrossamento semi
Bollettino 25 del 31 luglio 2026 di Parma,1561,BASILICO,sviluppo vegetativo
Bollettino 25 del 31 luglio 2026 di Parma,1599,POMODORO_INDUSTRIA,da allegagione a maturazione
Bollettino 25 del 31 luglio 2026 di Parma,1774,ZUCCA,ingrossamento frutti
Bollettino 25 del 31 luglio 2026 di Parma,2546,MELO,da ingrossamento frutti a inizio maturazione
Bollettino 25 del 31 luglio 2026 di Parma,2606,PERO,da accrescimento frutti a maturazione
Bollettino 25 del 31 luglio 2026 di Parma,2657,PESCO,da ingrossamento frutto a maturazione
Bollettino 25 del 31 luglio 2026 di Parma,2692,SUSINO,da ingrossamento frutti a maturazione
Bollettino 25 del 31 luglio 2026 di Parma,2707,OLIVO,indurimento nocciolo
Bollettino 25 del 31 luglio 2026 di Parma,2732,VITE,da invaiatura a inizio maturazione
Bollettino 25 del 31 luglio 2026 di Parma,2967,POMODORO_INDUSTRIA,da allegagione a maturazione
Bollettino 25 del 31 luglio 2026 di Piacenza,937,ALBICOCCO,da maturazione a post-raccolta
Bollettino 25 del 31 luglio 2026 di Piacenza,946,MELO,ingrossamento frutti ad inizio maturazione
Bollettino 25 del 31 luglio 2026 di Piacenza,1038,PERO,accrescimento frutti – maturazione
Bollettino 25 del 31 luglio 2026 di Piacenza,1105,PESCO,da ingrossamento frutti a maturazione
Bollettino 25 del 31 luglio 2026 di Piacenza,1165,SUSINO,ingrossamento frutti – maturazione
Bollettino 25 del 31 luglio 2026 di Piacenza,1211,OLIVO,indurimento nocciolo
Bollettino 25 del 31 luglio 2026 di Piacenza,1238,VITE,da invaiatura a inizio maturazione
Bollettino 25 del 31 luglio 2026 di Piacenza,1511,BARBABIETOLA,accrescimento fittone - maturazione
Bollettino 25 del 31 luglio 2026 di Piacenza,1533,FRUMENTO,post-raccolta
Bollettino 25 del 31 luglio 2026 di Piacenza,1548,SOIA,da formazione baccelli a ingrossamento semi
Bollettino 25 del 31 luglio 2026 di Piacenza,1575,BASILICO,sviluppo vegetativo
Bollettino 25 del 31 luglio 2026 di Piacenza,1611,POMODORO_INDUSTRIA,da allegagione a maturazione
Bollettino 25 del 31 luglio 2026 di Piacenza,2493,MELO,ingrossamento frutti ad inizio maturazione
Bollettino 25 del 31 luglio 2026 di Piacenza,2552,PERO,accrescimento frutti – maturazione
Bollettino 25 del 31 luglio 2026 di Piacenza,2601,PESCO,da ingrossamento frutti a maturazione
Bollettino 25 del 31 luglio 2026 di Piacenza,2636,SUSINO,ingrossamento frutti – maturazione
Bollettino 25 del 31 luglio 2026 di Piacenza,2651,OLIVO,indurimento nocciolo
Bollettino 25 del 31 luglio 2026 di Piacenza,2675,VITE,da invaiatura a inizio maturazione
Bollettino 25 del 31 luglio 2026 di Piacenza,2912,POMODORO_INDUSTRIA,da allegagione a maturazione
Bollettino 26 del 4 Agosto 2026 Modena,947,KAKI,accrescimento frutti
Bollettino 26 del 4 Agosto 2026 Modena,954,MELO,accrescimento frutti-maturazione
Bollettino 26 del 4 Agosto 2026 Modena,1057,OLIVO,accrescimento frutto
Bollettino 26 del 4 Agosto 2026 Modena,1107,PERO,ingrossamento frutti-maturazione
Bollettino 26 del 4 Agosto 2026 Modena,1199,PESCO,ingrossamento frutti-maturazione
Bollettino 26 del 4 Agosto 2026 Modena,1289,SUSINO,ingrossamento frutti-maturazione
Bollettino 26 del 4 Agosto 2026 Modena,1317,VITE,invaiatura
Bollettino 26 del 4 Agosto 2026 Modena,1409,BARBABIETOLA,accrescimento fittone-maturazione
Bollettino 26 del 4 Agosto 2026 Modena,1415,FRUMENTO,post-raccolta
Bollettino 26 del 4 Agosto 2026 Modena,1438,MAIS,maturazione cerosa
Bollettino 26 del 4 Agosto 2026 Modena,1442,SOIA,formazione baccelli-riempimento semi
Bollettino 26 del 4 Agosto 2026 Modena,1469,POMODORO_INDUSTRIA,accrescimento- maturazione
Bollettino 26 del 4 Agosto 2026 Modena,2284,KAKI,accrescimento frutti
Bollettino 26 del 4 Agosto 2026 Modena,2291,MELO,accrescimento frutti-maturazione
Bollettino 26 del 4 Agosto 2026 Modena,2372,OLIVO,accrescimento frutto
Bollettino 26 del 4 Agosto 2026 Modena,2397,PERO,ingrossamento frutti
Bollettino 26 del 4 Agosto 2026 Modena,2479,PESCO,ingrossamento frutti -maturazione
Bollettino 26 del 4 Agosto 2026 Modena,2506,SUSINO,ingrossamento frutti-maturazione
Bollettino 26 del 4 Agosto 2026 Modena,2533,VITE,invaiatura
Bollettino 26 del 4 Agosto 2026 Modena,2594,MAIS,maturazione cerosa
Bollettino 26 del 4 Agosto 2026 Modena,2598,SOIA,formazione baccelli
Bollettino 26 del 4 Agosto 2026 Modena,2629,POMODORO_INDUSTRIA,accrescimento- maturazione
Bollettino 26 del 5 agosto 2026 di Bologna e Ferrara,937,ACTINIDIA,ingrossamento frutti
Bollettino 26 del 5 agosto 2026 di Bologna e Ferrara,970,KAKI,accrescimento frutti
Bollettino 26 del 5 agosto 2026 di Bologna e Ferrara,976,MELO,da ingrossamento frutti a maturazione
Bollettino 26 del 5 agosto 2026 di Bologna e Ferrara,1084,NOCE,indurimento guscio
Bollettino 26 del 5 agosto 2026 di Bologna e Ferrara,1100,OLIVO,accrescimento frutti
Bollettino 26 del 5 agosto 2026 di Bologna e Ferrara,1139,PERO,accrescimento frutti – maturazione
Bollettino 26 del 5 agosto 2026 di Bologna e Ferrara,1206,PESCO,da ingrossamento frutti a maturazione
Bollettino 26 del 5 agosto 2026 di Bologna e Ferrara,1302,SUSINO,ingrossamento frutti - maturazione
Bollettino 26 del 5 agosto 2026 di Bologna e Ferrara,1355,VITE,invaiatura
Bollettino 26 del 5 agosto 2026 di Bologna e Ferrara,1563,BARBABIETOLA,accrescimento fittone
Bollettino 26 del 5 agosto 2026 di Bologna e Ferrara,1569,FRUMENTO,post-raccolta
Bollettino 26 del 5 agosto 2026 di Bologna e Ferrara,1584,RISO,botticella-spigatura
Bollettino 26 del 5 agosto 2026 di Bologna e Ferrara,1602,SOIA,da formazione baccelli a ingrossamento semi
Bollettino 26 del 5 agosto 2026 di Bologna e Ferrara,1628,ASPARAGO,sviluppo vegetazione estiva
Bollettino 26 del 5 agosto 2026 di Bologna e Ferrara,1642,CAROTA,maturazione – pre-semina e semina cv ciclo tardivo
Bollettino 26 del 5 agosto 2026 di Bologna e Ferrara,1657,POMODORO_INDUSTRIA,invaiatura – maturazione cv precoci
Bollettino 26 del 5 agosto 2026 di Bologna e Ferrara,2472,ACTINIDIA,ingrossamento frutti
Bollettino 26 del 5 agosto 2026 di Bologna e Ferrara,2501,KAKI,accrescimento frutti
Bollettino 26 del 5 agosto 2026 di Bologna e Ferrara,2507,MELO,ingrossamento frutti a maturazione
Bollettino 26 del 5 agosto 2026 di Bologna e Ferrara,2584,NOCE,indurimento guscio
Bollettino 26 del 5 agosto 2026 di Bologna e Ferrara,2605,OLIVO,accrescimento frutti
Bollettino 26 del 5 agosto 2026 di Bologna e Ferrara,2633,PERO,accrescimento frutti – maturazione cv precoci
Bollettino 26 del 5 agosto 2026 di Bologna e Ferrara,2693,PESCO,da ingrossamento frutti a maturazione
Bollettino 26 del 5 agosto 2026 di Bologna e Ferrara,2734,SUSINO,ingrossamento frutti - maturazione
Bollettino 26 del 5 agosto 2026 di Bologna e Ferrara,2766,VITE,invaiatura
Bollettino 26 del 5 agosto 2026 di Bologna e Ferrara,2934,SOIA,da formazione baccelli a ingrossamento semi
Bollettino 26 del 5 agosto 2026 di Bologna e Ferrara,2955,POMODORO_INDUSTRIA,invaiatura – maturazione cv precoci
"Bollettino 26 del 5 agosto 2026 di Forlì-Cesena, Ravenna, Rimini",937,ACTINIDIA,ingrossamento frutti
"Bollettino 26 del 5 agosto 2026 di Forlì-Cesena, Ravenna, Rimini",970,KAKI,accrescimento frutti
"Bollettino 26 del 5 agosto 2026 di Forlì-Cesena, Ravenna, Rimini",988,MELO,da ingrossamento frutti a maturazione
"Bollettino 26 del 5 agosto 2026 di Forlì-Cesena, Ravenna, Rimini",1092,NOCE,indurimento guscio
"Bollettino 26 del 5 agosto 2026 di Forlì-Cesena, Ravenna, Rimini",1119,OLIVO,accrescimento frutti
"Bollettino 26 del 5 agosto 2026 di Forlì-Cesena, Ravenna, Rimini",1160,PERO,da accrescimento frutti a maturazione
"Bollettino 26 del 5 agosto 2026 di Forlì-Cesena, Ravenna, Rimini",1244,PESCO,da ingrossamento frutti a maturazione
"Bollettino 26 del 5 agosto 2026 di Forlì-Cesena, Ravenna, Rimini",1347,SUSINO,da ingrossamento frutti a maturazione
"Bollettino 26 del 5 agosto 2026 di Forlì-Cesena, Ravenna, Rimini",1403,VITE,da invaiatura a maturazione
"Bollettino 26 del 5 agosto 2026 di Forlì-Cesena, Ravenna, Rimini",1614,BARBABIETOLA,accrescimento fittone
"Bollettino 26 del 5 agosto 2026 di Forlì-Cesena, Ravenna, Rimini",1620,FRUMENTO,post-raccolta
"Bollettino 26 del 5 agosto 2026 di Forlì-Cesena, Ravenna, Rimini",1640,SOIA,da formazione baccelli a ingrossamento semi
"Bollettino 26 del 5 agosto 2026 di Forlì-Cesena, Ravenna, Rimini",1667,POMODORO_INDUSTRIA,da allegagione a maturazione
"Bollettino 26 del 5 agosto 2026 di Forlì-Cesena, Ravenna, Rimini",2472,ACTINIDIA,ingrossamento frutti
"Bollettino 26 del 5 agosto 2026 di Forlì-Cesena, Ravenna, Rimini",2497,KAKI,accrescimento frutti
"Bollettino 26 del 5 agosto 2026 di Forlì-Cesena, Ravenna, Rimini",2514,MELO,da ingrossamento frutti a maturazione
"Bollettino 26 del 5 agosto 2026 di Forlì-Cesena, Ravenna, Rimini",2588,NOCE,indurimento guscio
"Bollettino 26 del 5 agosto 2026 di Forlì-Cesena, Ravenna, Rimini",2597,OLIVO,accrescimento frutti
"Bollettino 26 del 5 agosto 2026 di Forlì-Cesena, Ravenna, Rimini",2638,PERO,da accrescimento frutti a maturazione
"Bollettino 26 del 5 agosto 2026 di Forlì-Cesena, Ravenna, Rimini",2707,PESCO,da ingrossamento frutti a maturazione
"Bollettino 26 del 5 agosto 2026 di Forlì-Cesena, Ravenna, Rimini",2759,SUSINO,da ingrossamento frutti a maturazione
"Bollettino 26 del 5 agosto 2026 di Forlì-Cesena, Ravenna, Rimini",2801,VITE,da invaiatura a maturazione
"Bollettino 26 del 5 agosto 2026 di Forlì-Cesena, Ravenna, Rimini",2956,SOIA,da formazione baccelli a ingrossamento semi
"Bollettino 26 del 5 agosto 2026 di Forlì-Cesena, Ravenna, Rimini",2988,POMODORO_INDUSTRIA,da allegagione a maturazione
Bollettino 26 del 6 Agosto 2026  Reggio Emilia,937,MELO,accrescimento frutti-maturazione
Bollettino 26 del 6 Agosto 2026  Reggio Emilia,1039,OLIVO,accrescimento frutto
Bollettino 26 del 6 Agosto 2026  Reggio Emilia,1086,PERO,ingrossamento frutti-maturazione
Bollettino 26 del 6 Agosto 2026  Reggio Emilia,1173,VITE,invaiatura-inizio maturazione
Bollettino 26 del 6 Agosto 2026  Reggio Emilia,1255,BARBABIETOLA,accrescimento fittone-maturazione
Bollettino 26 del 6 Agosto 2026  Reggio Emilia,1270,FRUMENTO,post-raccolta
Bollettino 26 del 6 Agosto 2026  Reggio Emilia,1282,MAIS,maturazione cerosa
Bollettino 26 del 6 Agosto 2026  Reggio Emilia,1286,SOIA,formazione baccelli-riempimento semi
Bollettino 26 del 6 Agosto 2026  Reggio Emilia,1315,POMODORO_INDUSTRIA,accrescimento- maturazione
Bollettino 26 del 6 Agosto 2026  Reggio Emilia,2131,MELO,accrescimento frutti-maturazione
Bollettino 26 del 6 Agosto 2026  Reggio Emilia,2201,OLIVO,accrescimento frutto
Bollettino 26 del 6 Agosto 2026  Reggio Emilia,2233,PERO,ingrossamento frutti
Bollettino 26 del 6 Agosto 2026  Reggio Emilia,2304,VITE,invaiatura
Bollettino 26 del 6 Agosto 2026  Reggio Emilia,2364,MAIS,maturazione cerosa
Bollettino 26 del 6 Agosto 2026  Reggio Emilia,2368,SOIA,formazione baccelli
Bollettino 26 del 6 Agosto 2026  Reggio Emilia,2399,POMODORO_INDUSTRIA,accrescimento- maturazione
Bollettino 26 del 7 agosto 2026 di Parma,954,MELO,da ingrossamento frutti a maturazione
Bollettino 26 del 7 agosto 2026 di Parma,1031,PERO,da accrescimento frutti a maturazione
Bollettino 26 del 7 agosto 2026 di Parma,1102,PESCO,da ingrossamento frutto a maturazione
Bollettino 26 del 7 agosto 2026 di Parma,1162,SUSINO,da ingrossamento frutti a maturazione
Bollettino 26 del 7 agosto 2026 di Parma,1205,OLIVO,indurimento nocciolo
Bollettino 26 del 7 agosto 2026 di Parma,1220,VITE,da invaiatura a maturazione
Bollettino 26 del 7 agosto 2026 di Parma,1438,BARBABIETOLA,da accrescimento fittone a maturazione
Bollettino 26 del 7 agosto 2026 di Parma,1454,FRUMENTO,post-raccolta
Bollettino 26 del 7 agosto 2026 di Parma,1469,SOIA,da formazione baccelli a ingrossamento semi
Bollettino 26 del 7 agosto 2026 di Parma,1489,BASILICO,sviluppo vegetativo
Bollettino 26 del 7 agosto 2026 di Parma,1527,POMODORO_INDUSTRIA,da allegagione a maturazione
Bollettino 26 del 7 agosto 2026 di Parma,2426,MELO,da ingrossamento frutti a maturazione
Bollettino 26 del 7 agosto 2026 di Parma,2484,PERO,da accrescimento frutti a maturazione
Bollettino 26 del 7 agosto 2026 di Parma,2532,PESCO,da ingrossamento frutto a maturazione
Bollettino 26 del 7 agosto 2026 di Parma,2558,SUSINO,da ingrossamento frutti a maturazione
Bollettino 26 del 7 agosto 2026 di Parma,2584,OLIVO,indurimento nocciolo
Bollettino 26 del 7 agosto 2026 di Parma,2599,VITE,da invaiatura a maturazione
Bollettino 26 del 7 agosto 2026 di Parma,2812,POMODORO_INDUSTRIA,da allegagione a maturazione
Bollettino 26 del 7 agosto 2026 di Piacenza,942,MELO,ingrossamento frutti a maturazione
Bollettino 26 del 7 agosto 2026 di Piacenza,1043,PERO,accrescimento frutti – maturazione
Bollettino 26 del 7 agosto 2026 di Piacenza,1106,PESCO,da ingrossamento frutti a maturazione
Bollettino 26 del 7 agosto 2026 di Piacenza,1169,SUSINO,ingrossamento frutti – maturazione
Bollettino 26 del 7 agosto 2026 di Piacenza,1214,OLIVO,indurimento nocciolo
Bollettino 26 del 7 agosto 2026 di Piacenza,1239,VITE,da invaiatura a maturazione
Bollettino 26 del 7 agosto 2026 di Piacenza,1485,BARBABIETOLA,accrescimento fittone - maturazione
Bollettino 26 del 7 agosto 2026 di Piacenza,1491,FRUMENTO,post-raccolta
Bollettino 26 del 7 agosto 2026 di Piacenza,1506,SOIA,da formazione baccelli a ingrossamento semi
Bollettino 26 del 7 agosto 2026 di Piacenza,1537,BASILICO,sviluppo vegetativo
Bollettino 26 del 7 agosto 2026 di Piacenza,1573,POMODORO_INDUSTRIA,da allegagione a maturazione
Bollettino 26 del 7 agosto 2026 di Piacenza,2452,MELO,ingrossamento frutti a maturazione
Bollettino 26 del 7 agosto 2026 di Piacenza,2511,PERO,accrescimento frutti – maturazione
Bollettino 26 del 7 agosto 2026 di Piacenza,2559,PESCO,da ingrossamento frutti a maturazione
Bollettino 26 del 7 agosto 2026 di Piacenza,2596,SUSINO,ingrossamento frutti – maturazione
Bollettino 26 del 7 agosto 2026 di Piacenza,2611,OLIVO,indurimento nocciolo
Bollettino 26 del 7 agosto 2026 di Piacenza,2635,VITE,da invaiatura a maturazione
Bollettino 26 del 7 agosto 2026 di Piacenza,2853,POMODORO_INDUSTRIA,da allegagione a maturazione
Bollettino 27 del 18 agosto 2026 di Modena,934,KAKI,accrescimento frutti
Bollettino 27 del 18 agosto 2026 di Modena,951,MELO,accrescimento frutti-maturazione
Bollettino 27 del 18 agosto 2026 di Modena,1065,OLIVO,accrescimento frutto
Bollettino 27 del 18 agosto 2026 di Modena,1110,PERO,ingrossamento frutti-maturazione
Bollettino 27 del 18 agosto 2026 di Modena,1188,PESCO,ingrossamento frutti-maturazione
Bollettino 27 del 18 agosto 2026 di Modena,1263,SUSINO,ingrossamento frutti-maturazione
Bollettino 27 del 18 agosto 2026 di Modena,1304,VITE,maturazione
Bollettino 27 del 18 agosto 2026 di Modena,1378,BARBABIETOLA,accrescimento fittone-maturazione
Bollettino 27 del 18 agosto 2026 di Modena,1384,FRUMENTO,post-raccolta
Bollettino 27 del 18 agosto 2026 di Modena,1407,SOIA,riempimento semi
Bollettino 27 del 18 agosto 2026 di Modena,1420,POMODORO_INDUSTRIA,accrescimento- maturazione
Bollettino 27 del 18 agosto 2026 di Modena,2242,KAKI,accrescimento frutti
Bollettino 27 del 18 agosto 2026 di Modena,2259,MELO,accrescimento frutti-maturazione
Bollettino 27 del 18 agosto 2026 di Modena,2334,OLIVO,accrescimento frutto
Bollettino 27 del 18 agosto 2026 di Modena,2385,PERO,ingrossamento frutti
Bollettino 27 del 18 agosto 2026 di Modena,2449,PESCO,ingrossamento frutti -maturazione
Bollettino 27 del 18 agosto 2026 di Modena,2488,SUSINO,ingrossamento frutti-maturazione
Bollettino 27 del 18 agosto 2026 di Modena,2508,VITE,maturazione
Bollettino 27 del 18 agosto 2026 di Modena,2564,SOIA,formazione baccelli
Bollettino 27 del 18 agosto 2026 di Modena,2591,POMODORO_INDUSTRIA,accrescimento- maturazione
Bollettino 27 del 19 agosto 2026 di Bologna e Ferrara,942,ACTINIDIA,ingrossamento frutti
Bollettino 27 del 19 agosto 2026 di Bologna e Ferrara,978,KAKI,accrescimento frutti
Bollettino 27 del 19 agosto 2026 di Bologna e Ferrara,984,MELO,da ingrossamento frutti a maturazione
Bollettino 27 del 19 agosto 2026 di Bologna e Ferrara,1107,NOCE,maturazione gheriglio
Bollettino 27 del 19 agosto 2026 di Bologna e Ferrara,1123,OLIVO,accrescimento frutti
Bollettino 27 del 19 agosto 2026 di Bologna e Ferrara,1162,PERO,accrescimento frutti – maturazione
Bollettino 27 del 19 agosto 2026 di Bologna e Ferrara,1226,PESCO,da maturazione a post-raccolta
Bollettino 27 del 19 agosto 2026 di Bologna e Ferrara,1306,SUSINO,ingrossamento frutti - maturazione
Bollettino 27 del 19 agosto 2026 di Bologna e Ferrara,1359,VITE,maturazione-raccolta
Bollettino 27 del 19 agosto 2026 di Bologna e Ferrara,1439,BARBABIETOLA,accrescimento fittone
Bollettino 27 del 19 agosto 2026 di Bologna e Ferrara,1445,FRUMENTO,post-raccolta
Bollettino 27 del 19 agosto 2026 di Bologna e Ferrara,1470,RISO,botticella-spigatura
Bollettino 27 del 19 agosto 2026 di Bologna e Ferrara,1493,SOIA,ingrossamento semi
Bollettino 27 del 19 agosto 2026 di Bologna e Ferrara,1514,ASPARAGO,sviluppo vegetazione estiva
Bollettino 27 del 19 agosto 2026 di Bologna e Ferrara,1528,CAROTA,da pre-emergenza a emergenza cv ciclo tardivo
Bollettino 27 del 19 agosto 2026 di Bologna e Ferrara,1567,PATATA,post-raccolta
Bollettino 27 del 19 agosto 2026 di Bologna e Ferrara,1581,POMODORO_INDUSTRIA,invaiatura – maturazione
Bollettino 27 del 19 agosto 2026 di Bologna e Ferrara,2394,ACTINIDIA,ingrossamento frutti
Bollettino 27 del 19 agosto 2026 di Bologna e Ferrara,2424,KAKI,accrescimento frutti
Bollettino 27 del 19 agosto 2026 di Bologna e Ferrara,2430,MELO,ingrossamento frutti a maturazione
Bollettino 27 del 19 agosto 2026 di Bologna e Ferrara,2512,NOCE,maturazione gheriglio
Bollettino 27 del 19 agosto 2026 di Bologna e Ferrara,2534,OLIVO,accrescimento frutti
Bollettino 27 del 19 agosto 2026 di Bologna e Ferrara,2562,PERO,accrescimento frutti – maturazione
Bollettino 27 del 19 agosto 2026 di Bologna e Ferrara,2636,PESCO,da maturazione a post-raccolta
Bollettino 27 del 19 agosto 2026 di Bologna e Ferrara,2665,SUSINO,ingrossamento frutti - maturazione
Bollettino 27 del 19 agosto 2026 di Bologna e Ferrara,2696,VITE,maturazione-raccolta
Bollettino 27 del 19 agosto 2026 di Bologna e Ferrara,2769,POMODORO_INDUSTRIA,invaiatura – maturazione
"Bollettino 27 del 19 agosto 2026 di Forlì-Cesena, Ravenna e Rimini",935,ACTINIDIA,ingrossamento frutti
"Bollettino 27 del 19 agosto 2026 di Forlì-Cesena, Ravenna e Rimini",979,ALBICOCCO,post-raccolta
"Bollettino 27 del 19 agosto 2026 di Forlì-Cesena, Ravenna e Rimini",984,KAKI,accrescimento frutti
"Bollettino 27 del 19 agosto 2026 di Forlì-Cesena, Ravenna e Rimini",992,MELO,da ingrossamento frutti a maturazione
"Bollettino 27 del 19 agosto 2026 di Forlì-Cesena, Ravenna e Rimini",1117,NOCE,maturazione gheriglio
"Bollettino 27 del 19 agosto 2026 di Forlì-Cesena, Ravenna e Rimini",1143,OLIVO,accrescimento frutti
"Bollettino 27 del 19 agosto 2026 di Forlì-Cesena, Ravenna e Rimini",1171,PERO,da accrescimento frutti a maturazione
"Bollettino 27 del 19 agosto 2026 di Forlì-Cesena, Ravenna e Rimini",1235,PESCO,da maturazione a post-raccolta
"Bollettino 27 del 19 agosto 2026 di Forlì-Cesena, Ravenna e Rimini",1319,SUSINO,da maturazione a post-raccolta
"Bollettino 27 del 19 agosto 2026 di Forlì-Cesena, Ravenna e Rimini",1371,VITE,maturazione
"Bollettino 27 del 19 agosto 2026 di Forlì-Cesena, Ravenna e Rimini",1456,BARBABIETOLA,accrescimento fittone
"Bollettino 27 del 19 agosto 2026 di Forlì-Cesena, Ravenna e Rimini",1472,FRUMENTO,post-raccolta
"Bollettino 27 del 19 agosto 2026 di Forlì-Cesena, Ravenna e Rimini",1482,SOIA,da formazione baccelli a ingrossamento semi
"Bollettino 27 del 19 agosto 2026 di Forlì-Cesena, Ravenna e Rimini",1494,PATATA,post-raccolta
"Bollettino 27 del 19 agosto 2026 di Forlì-Cesena, Ravenna e Rimini",1518,POMODORO_INDUSTRIA,da allegagione a maturazione
"Bollettino 27 del 19 agosto 2026 di Forlì-Cesena, Ravenna e Rimini",2327,ACTINIDIA,ingrossamento frutti
"Bollettino 27 del 19 agosto 2026 di Forlì-Cesena, Ravenna e Rimini",2350,ALBICOCCO,post-raccolta
"Bollettino 27 del 19 agosto 2026 di Forlì-Cesena, Ravenna e Rimini",2354,KAKI,accrescimento frutti
"Bollettino 27 del 19 agosto 2026 di Forlì-Cesena, Ravenna e Rimini",2362,MELO,da ingrossamento frutti a maturazione
"Bollettino 27 del 19 agosto 2026 di Forlì-Cesena, Ravenna e Rimini",2447,NOCE,maturazione gheriglio
"Bollettino 27 del 19 agosto 2026 di Forlì-Cesena, Ravenna e Rimini",2456,OLIVO,accrescimento frutti
"Bollettino 27 del 19 agosto 2026 di Forlì-Cesena, Ravenna e Rimini",2494,PERO,da accrescimento frutti a maturazione
"Bollettino 27 del 19 agosto 2026 di Forlì-Cesena, Ravenna e Rimini",2557,PESCO,da maturazione a post-raccolta
"Bollettino 27 del 19 agosto 2026 di Forlì-Cesena, Ravenna e Rimini",2602,SUSINO,da maturazione a post-raccolta
"Bollettino 27 del 19 agosto 2026 di Forlì-Cesena, Ravenna e Rimini",2631,VITE,maturazione
"Bollettino 27 del 19 agosto 2026 di Forlì-Cesena, Ravenna e Rimini",2715,POMODORO_INDUSTRIA,da allegagione a maturazione
Bollettino 27 del 20 agosto 2026 di Reggio Emilia,945,MELO,accrescimento frutti-maturazione
Bollettino 27 del 20 agosto 2026 di Reggio Emilia,1055,OLIVO,accrescimento frutto
Bollettino 27 del 20 agosto 2026 di Reggio Emilia,1100,PERO,ingrossamento frutti-maturazione
Bollettino 27 del 20 agosto 2026 di Reggio Emilia,1184,VITE,maturazione
Bollettino 27 del 20 agosto 2026 di Reggio Emilia,1255,BARBABIETOLA,accrescimento fittone-maturazione
Bollettino 27 del 20 agosto 2026 di Reggio Emilia,1261,FRUMENTO,post-raccolta
Bollettino 27 del 20 agosto 2026 di Reggio Emilia,1283,SOIA,riempimento semi
Bollettino 27 del 20 agosto 2026 di Reggio Emilia,1296,POMODORO_INDUSTRIA,accrescimento- maturazione
Bollettino 27 del 20 agosto 2026 di Reggio Emilia,2123,MELO,accrescimento frutti-maturazione
Bollettino 27 del 20 agosto 2026 di Reggio Emilia,2205,OLIVO,accrescimento frutto
Bollettino 27 del 20 agosto 2026 di Reggio Emilia,2253,PERO,ingrossamento frutti
Bollettino 27 del 20 agosto 2026 di Reggio Emilia,2312,VITE,maturazione
Bollettino 27 del 20 agosto 2026 di Reggio Emilia,2366,SOIA,formazione baccelli
Bollettino 27 del 20 agosto 2026 di Reggio Emilia,2394,POMODORO_INDUSTRIA,accrescimento- maturazione
Bollettino 27 del 21 agosto 2026 di Parma,957,MELO,da ingrossamento frutti a maturazione
Bollettino 27 del 21 agosto 2026 di Parma,1032,PERO,da accrescimento frutti a maturazione
Bollettino 27 del 21 agosto 2026 di Parma,1073,PESCO,maturazione
Bollettino 27 del 21 agosto 2026 di Parma,1132,SUSINO,da ingrossamento frutti a maturazione
Bollettino 27 del 21 agosto 2026 di Parma,1170,OLIVO,indurimento nocciolo
Bollettino 27 del 21 agosto 2026 di Parma,1199,VITE,maturazione - raccolta
Bollettino 27 del 21 agosto 2026 di Parma,1315,BARBABIETOLA,da accrescimento fittone a maturazione
Bollettino 27 del 21 agosto 2026 di Parma,1331,FRUMENTO,post-raccolta
Bollettino 27 del 21 agosto 2026 di Parma,1346,SOIA,ingrossamento semi
Bollettino 27 del 21 agosto 2026 di Parma,1358,BASILICO,sviluppo vegetativo
Bollettino 27 del 21 agosto 2026 di Parma,1397,CAVOLI,da trapianto a inizio sviluppo vegetativo
Bollettino 27 del 21 agosto 2026 di Parma,1405,CAVOLI,da trapianto a inizio sviluppo vegetativo
Bollettino 27 del 21 agosto 2026 di Parma,1425,POMODORO_INDUSTRIA,da allegagione a maturazione
Bollettino 27 del 21 agosto 2026 di Parma,2293,MELO,da ingrossamento frutti a maturazione
Bollettino 27 del 21 agosto 2026 di Parma,2349,PERO,da accrescimento frutti a maturazione
Bollettino 27 del 21 agosto 2026 di Parma,2394,PESCO,maturazione
Bollettino 27 del 21 agosto 2026 di Parma,2418,SUSINO,da ingrossamento frutti a maturazione
Bollettino 27 del 21 agosto 2026 di Parma,2442,OLIVO,indurimento nocciolo
Bollettino 27 del 21 agosto 2026 di Parma,2459,VITE,maturazione - raccolta
Bollettino 27 del 21 agosto 2026 di Parma,2598,POMODORO_INDUSTRIA,da allegagione a maturazione
Bollettino 27 del 21 agosto 2026 di Piacenza,943,PIOPPO,sviluppo vegetativo
Bollettino 27 del 21 agosto 2026 di Piacenza,951,MELO,da ingrossamento frutti a maturazione
Bollettino 27 del 21 agosto 2026 di Piacenza,1049,PERO,accrescimento frutti – maturazione
Bollettino 27 del 21 agosto 2026 di Piacenza,1095,PESCO,maturazione
Bollettino 27 del 21 agosto 2026 di Piacenza,1157,SUSINO,ingrossamento frutti – maturazione
Bollettino 27 del 21 agosto 2026 di Piacenza,1200,OLIVO,indurimento nocciolo
Bollettino 27 del 21 agosto 2026 di Piacenza,1218,VITE,maturazione - raccolta
Bollettino 27 del 21 agosto 2026 di Piacenza,1361,BARBABIETOLA,accrescimento fittone - maturazione
Bollettino 27 del 21 agosto 2026 di Piacenza,1367,FRUMENTO,post-raccolta
Bollettino 27 del 21 agosto 2026 di Piacenza,1392,SOIA,ingrossamento semi
Bollettino 27 del 21 agosto 2026 di Piacenza,1404,BASILICO,sviluppo vegetativo
Bollettino 27 del 21 agosto 2026 di Piacenza,1441,FAGIOLINO,da sviluppo vegetativo a raccolta
Bollettino 27 del 21 agosto 2026 di Piacenza,1516,POMODORO_INDUSTRIA,da allegagione a maturazione
Bollettino 27 del 21 agosto 2026 di Piacenza,2363,MELO,da ingrossamento frutti a maturazione
Bollettino 27 del 21 agosto 2026 di Piacenza,2419,PERO,accrescimento frutti – maturazione
Bollettino 27 del 21 agosto 2026 di Piacenza,2465,PESCO,maturazione
Bollettino 27 del 21 agosto 2026 di Piacenza,2500,SUSINO,ingrossamento frutti – maturazione
Bollettino 27 del 21 agosto 2026 di Piacenza,2513,OLIVO,indurimento nocciolo
Bollettino 27 del 21 agosto 2026 di Piacenza,2540,VITE,maturazione - raccolta
Bollettino 27 del 21 agosto 2026 di Piacenza,2668,POMODORO_INDUSTRIA,da allegagione a maturazione
Bollettino 3 del 24 febbraio 2026 di Modena,869,ALBICOCCO,bottone rosso-inizio fioritura
Bollettino 3 del 24 febbraio 2026 di Modena,910,CILIEGIO,rigonfiamento gemma
Bollettino 3 del 24 febbraio 2026 di Modena,921,MELO,gemma ferma- rigonfiamento gemma
Bollettino 3 del 24 febbraio 2026 di Modena,950,PERO,rigonfiamento gemma-rottura gemma
Bollettino 3 del 24 febbraio 2026 di Modena,984,PESCO,rottura gemma a legno-bottone rosa
Bollettino 3 del 24 febbraio 2026 di Modena,1053,SUSINO_CINO_GIAPPONESE,bottone verde-bottone bianco
Bollettino 3 del 24 febbraio 2026 di Modena,1076,SUSINO_EUROPEO,rigonfiamento gemma
Bollettino 3 del 24 febbraio 2026 di Modena,1094,VITE,gemma ferma-rigonfiamento gemma
Bollettino 3 del 24 febbraio 2026 di Modena,1147,BARBABIETOLA,pre-semina -semina
Bollettino 3 del 24 febbraio 2026 di Modena,1192,COLZA,8-10 foglie
Bollettino 3 del 24 febbraio 2026 di Modena,1232,ERBA_MEDICA,Medica in produzione: ripresa vegetativa; Medica nuovo impianto: pre-semina
Bollettino 3 del 24 febbraio 2026 di Modena,1288,FRUMENTO,accestimento
Bollettino 3 del 24 febbraio 2026 di Modena,1518,MAIS,pre-semina
Bollettino 3 del 24 febbraio 2026 di Modena,2137,ALBICOCCO,bottone rosso-inizio fioritura
Bollettino 3 del 24 febbraio 2026 di Modena,2156,CILIEGIO,rigonfiamento gemma
Bollettino 3 del 24 febbraio 2026 di Modena,2176,MELO,gemma ferma-rigonfiamento gemma
Bollettino 3 del 24 febbraio 2026 di Modena,2196,PERO,rigonfiamento gemma-rottura gemma
Bollettino 3 del 24 febbraio 2026 di Modena,2241,PESCO,rottura gemma a legno-bottone rosa
Bollettino 3 del 24 febbraio 2026 di Modena,2273,SUSINO_EUROPEO,rigonfiamento gemma
Bollettino 3 del 24 febbraio 2026 di Modena,2287,SUSINO_CINO_GIAPPONESE,bottone verde-bottone bianco
Bollettino 3 del 24 febbraio 2026 di Modena,2301,VITE,gemma ferma-rigonfiamento gemma
Bollettino 3 del 24 febbraio 2026 di Modena,2342,FRUMENTO,accestimento
Bollettino 3 del 24 febbraio 2026 di Modena,2362,BARBABIETOLA,presemina
Bollettino 3 del 24 febbraio 2026 di Modena,2374,ERBA_MEDICA,impianti vecchi ripresa vegetativa -impianti nuovi pre semina
Bollettino 3 del 25 febbraio 2026 di Bologna e Ferrara,865,ACTINIDIA,gemma ferma (cv verdi); rigonfiamento gemme (cv gialle)
Bollettino 3 del 25 febbraio 2026 di Bologna e Ferrara,876,ALBICOCCO,da bottone rosso a inizio fioritura
Bollettino 3 del 25 febbraio 2026 di Bologna e Ferrara,918,CILIEGIO,rigonfiamento gemme
Bollettino 3 del 25 febbraio 2026 di Bologna e Ferrara,928,MELO,rigonfiamento gemme
Bollettino 3 del 25 febbraio 2026 di Bologna e Ferrara,942,PERO,ingrossamento gemme
Bollettino 3 del 25 febbraio 2026 di Bologna e Ferrara,982,PESCO,da rottura gemma a legno a bottone rosa
Bollettino 3 del 25 febbraio 2026 di Bologna e Ferrara,1046,SUSINO_CINO_GIAPPONESE,da bottone verde a bottone bianco
Bollettino 3 del 25 febbraio 2026 di Bologna e Ferrara,1089,SUSINO_EUROPEO,Inizio rigonfiamento gemme
Bollettino 3 del 25 febbraio 2026 di Bologna e Ferrara,1101,VITE,gemma ferma
Bollettino 3 del 25 febbraio 2026 di Bologna e Ferrara,1152,BARBABIETOLA,da pre-semina a pre-emergenza
Bollettino 3 del 25 febbraio 2026 di Bologna e Ferrara,1198,COLZA,8-10 foglie
Bollettino 3 del 25 febbraio 2026 di Bologna e Ferrara,1245,ERBA_MEDICA,Medica in produzione: ripresa vegetativa; Medica nuovo impianto: pre-semina
Bollettino 3 del 25 febbraio 2026 di Bologna e Ferrara,1300,FRUMENTO,accestimento
Bollettino 3 del 25 febbraio 2026 di Bologna e Ferrara,1520,MAIS,pre-semina
Bollettino 3 del 25 febbraio 2026 di Bologna e Ferrara,1535,ASPARAGO,Pre-ricaccio
Bollettino 3 del 25 febbraio 2026 di Bologna e Ferrara,1565,CAROTA,da presemina a sviluppo vegetativo
Bollettino 3 del 25 febbraio 2026 di Bologna e Ferrara,1592,CIPOLLA,Autunnale: 4-5 foglie – Primaverile: da presemina a pre-emergenza
Bollettino 3 del 25 febbraio 2026 di Bologna e Ferrara,1681,PATATA,presemina
Bollettino 3 del 25 febbraio 2026 di Bologna e Ferrara,1735,PISELLO,da presemina a pre-emergenza
Bollettino 3 del 25 febbraio 2026 di Bologna e Ferrara,2370,ACTINIDIA,gemma ferma (cv verdi); rigonfiamento gemme (cv gialle)
Bollettino 3 del 25 febbraio 2026 di Bologna e Ferrara,2391,ALBICOCCO,da bottone rosso a inizio fioritura
Bollettino 3 del 25 febbraio 2026 di Bologna e Ferrara,2410,CILIEGIO,rigonfiamento gemme
Bollettino 3 del 25 febbraio 2026 di Bologna e Ferrara,2420,MELO,rigonfiamento gemme
Bollettino 3 del 25 febbraio 2026 di Bologna e Ferrara,2444,PERO,ingrossamento gemme
Bollettino 3 del 25 febbraio 2026 di Bologna e Ferrara,2473,PESCO,da rottura gemma a legno a bottone rosa
Bollettino 3 del 25 febbraio 2026 di Bologna e Ferrara,2508,SUSINO_CINO_GIAPPONESE,da bottone verde a bottone bianco
Bollettino 3 del 25 febbraio 2026 di Bologna e Ferrara,2526,SUSINO_EUROPEO,Inizio rigonfiamento gemme
Bollettino 3 del 25 febbraio 2026 di Bologna e Ferrara,2546,VITE,gemma ferma
Bollettino 3 del 25 febbraio 2026 di Bologna e Ferrara,2564,BARBABIETOLA,da pre-semina a pre-emergenza
Bollettino 3 del 25 febbraio 2026 di Bologna e Ferrara,2578,ERBA_MEDICA,Medica in produzione: ripresa vegetativa; Medica nuovo impianto: pre-semina
Bollettino 3 del 25 febbraio 2026 di Bologna e Ferrara,2606,FRUMENTO,accestimento
Bollettino 3 del 25 febbraio 2026 di Bologna e Ferrara,2629,ASPARAGO,Pre-ricaccio
Bollettino 3 del 25 febbraio 2026 di Bologna e Ferrara,2641,CAROTA,da pre-semina a sviluppo vegetativo
Bollettino 3 del 25 febbraio 2026 di Bologna e Ferrara,2647,CIPOLLA,Autunnale: 4-5 foglie – Primaverile: da pre-semina a pre-emergenza
Bollettino 3 del 25 febbraio 2026 di Bologna e Ferrara,2672,PATATA,pre-semina
Bollettino 3 del 25 febbraio 2026 di Bologna e Ferrara,2708,PISELLO,da presemina a pre-emergenza
"Bollettino 3 del 25 febbraio 2026 di Forlì-Cesena, Ravenna, Rimini",861,ACTINIDIA,gemma ferma (cv verdi); rigonfiamento gemme (cv gialle)
"Bollettino 3 del 25 febbraio 2026 di Forlì-Cesena, Ravenna, Rimini",872,ALBICOCCO,da bottone rosso a fioritura
"Bollettino 3 del 25 febbraio 2026 di Forlì-Cesena, Ravenna, Rimini",912,CILIEGIO,rigonfiamento gemme
"Bollettino 3 del 25 febbraio 2026 di Forlì-Cesena, Ravenna, Rimini",921,MELO,rigonfiamento gemme
"Bollettino 3 del 25 febbraio 2026 di Forlì-Cesena, Ravenna, Rimini",935,PERO,rigonfiamento gemme
"Bollettino 3 del 25 febbraio 2026 di Forlì-Cesena, Ravenna, Rimini",973,PESCO,da rottura gemme a bottone rosa
"Bollettino 3 del 25 febbraio 2026 di Forlì-Cesena, Ravenna, Rimini",1029,SUSINO_CINO_GIAPPONESE,da bottone verde a bottone bianco
"Bollettino 3 del 25 febbraio 2026 di Forlì-Cesena, Ravenna, Rimini",1075,SUSINO_EUROPEO,rigonfiamento gemme
"Bollettino 3 del 25 febbraio 2026 di Forlì-Cesena, Ravenna, Rimini",1088,VITE,gemma ferma
"Bollettino 3 del 25 febbraio 2026 di Forlì-Cesena, Ravenna, Rimini",1140,BARBABIETOLA,da pre-semina a pre-emergenza
"Bollettino 3 del 25 febbraio 2026 di Forlì-Cesena, Ravenna, Rimini",1186,COLZA,sviluppo fogliare
"Bollettino 3 del 25 febbraio 2026 di Forlì-Cesena, Ravenna, Rimini",1229,ERBA_MEDICA,Medica in produzione: riposo vegetativo; Medica nuovo impianto: pre-semina
"Bollettino 3 del 25 febbraio 2026 di Forlì-Cesena, Ravenna, Rimini",1284,FRUMENTO,accestimento
"Bollettino 3 del 25 febbraio 2026 di Forlì-Cesena, Ravenna, Rimini",1504,MAIS,pre-semina
"Bollettino 3 del 25 febbraio 2026 di Forlì-Cesena, Ravenna, Rimini",1520,CIPOLLA,Autunnale: 4-5 foglie – Primaverile: da pre-semina a pre-emergenza
"Bollettino 3 del 25 febbraio 2026 di Forlì-Cesena, Ravenna, Rimini",1611,FRAGOLA,accrescimento vegetativo
"Bollettino 3 del 25 febbraio 2026 di Forlì-Cesena, Ravenna, Rimini",1616,FRAGOLA,ripresa vegetativa
"Bollettino 3 del 25 febbraio 2026 di Forlì-Cesena, Ravenna, Rimini",1621,PATATA,pre-semina
"Bollettino 3 del 25 febbraio 2026 di Forlì-Cesena, Ravenna, Rimini",1672,PISELLO,semina autunnale: 3-5 foglie - semina primaverile: pre-semina
"Bollettino 3 del 25 febbraio 2026 di Forlì-Cesena, Ravenna, Rimini",2289,ACTINIDIA,gemma ferma (cv verdi); rigonfiamento gemme (cv gialle)
"Bollettino 3 del 25 febbraio 2026 di Forlì-Cesena, Ravenna, Rimini",2310,ALBICOCCO,da bottone rosso a fioritura
"Bollettino 3 del 25 febbraio 2026 di Forlì-Cesena, Ravenna, Rimini",2327,CILIEGIO,rigonfiamento gemme
"Bollettino 3 del 25 febbraio 2026 di Forlì-Cesena, Ravenna, Rimini",2336,MELO,rigonfiamento gemme
"Bollettino 3 del 25 febbraio 2026 di Forlì-Cesena, Ravenna, Rimini",2359,PERO,rigonfiamento gemme
"Bollettino 3 del 25 febbraio 2026 di Forlì-Cesena, Ravenna, Rimini",2383,PESCO,da rottura gemme a bottone rosa
"Bollettino 3 del 25 febbraio 2026 di Forlì-Cesena, Ravenna, Rimini",2419,SUSINO_CINO_GIAPPONESE,da bottone verde a bottone bianco
"Bollettino 3 del 25 febbraio 2026 di Forlì-Cesena, Ravenna, Rimini",2443,SUSINO_EUROPEO,rigonfiamento gemme
"Bollettino 3 del 25 febbraio 2026 di Forlì-Cesena, Ravenna, Rimini",2463,VITE,gemma ferma
"Bollettino 3 del 25 febbraio 2026 di Forlì-Cesena, Ravenna, Rimini",2496,BARBABIETOLA,da pre-semina a pre-emergenza
"Bollettino 3 del 25 febbraio 2026 di Forlì-Cesena, Ravenna, Rimini",2520,ERBA_MEDICA,Medica in produzione: riposo vegetativo; Medica nuovo impianto: pre-semina
"Bollettino 3 del 25 febbraio 2026 di Forlì-Cesena, Ravenna, Rimini",2537,FRUMENTO,accestimento
"Bollettino 3 del 25 febbraio 2026 di Forlì-Cesena, Ravenna, Rimini",2571,CIPOLLA,Autunnale: 4-5 foglie – Primaverile: da pre-semina a pre-emergenza
"Bollettino 3 del 25 febbraio 2026 di Forlì-Cesena, Ravenna, Rimini",2589,FRAGOLA,da pulizia foglie ad accrescimento vegetativo
"Bollettino 3 del 25 febbraio 2026 di Forlì-Cesena, Ravenna, Rimini",2604,FRAGOLA,ripresa vegetativa
"Bollettino 3 del 25 febbraio 2026 di Forlì-Cesena, Ravenna, Rimini",2609,PATATA,pre-semina
"Bollettino 3 del 25 febbraio 2026 di Forlì-Cesena, Ravenna, Rimini",2622,PISELLO,semina autunnale: 3-5 foglie - semina primaverile: pre-semina
Bollettino 3 del 26 febbraio 2026 di Reggio Emilia,870,MELO,gemma ferma- rigonfiamento gemma
Bollettino 3 del 26 febbraio 2026 di Reggio Emilia,901,PERO,rigonfiamento gemma-rottura gemma
Bollettino 3 del 26 febbraio 2026 di Reggio Emilia,934,VITE,gemma ferma-rigonfiamento gemma (inizio pianto)
Bollettino 3 del 26 febbraio 2026 di Reggio Emilia,996,BARBABIETOLA,pre-semina -semina
Bollettino 3 del 26 febbraio 2026 di Reggio Emilia,1031,COLZA,8-10 foglie
Bollettino 3 del 26 febbraio 2026 di Reggio Emilia,1080,ERBA_MEDICA,Medica in produzione: ripresa vegetativa; Medica nuovo impianto: pre-semina-semina
Bollettino 3 del 26 febbraio 2026 di Reggio Emilia,1138,FRUMENTO,accestimento
Bollettino 3 del 26 febbraio 2026 di Reggio Emilia,1369,MAIS,pre-semina
Bollettino 3 del 26 febbraio 2026 di Reggio Emilia,1988,MELO,gemma ferma-rigonfiamento gemma
Bollettino 3 del 26 febbraio 2026 di Reggio Emilia,2010,PERO,rigonfiamento gemma-rottura gemma
Bollettino 3 del 26 febbraio 2026 di Reggio Emilia,2054,VITE,gemma ferma-rigonfiamento gemma (inizio pianto)
Bollettino 3 del 26 febbraio 2026 di Reggio Emilia,2095,FRUMENTO,accestimento
Bollettino 3 del 26 febbraio 2026 di Reggio Emilia,2105,BARBABIETOLA,presemina
Bollettino 3 del 26 febbraio 2026 di Reggio Emilia,2127,ERBA_MEDICA,impianti vecchi ripresa vegetativa -impianti nuovi pre semina
Bollettino 3 del 27 febbraio 2026 di Parma,813,ALBICOCCO,da bottone rosso a inizio fioritura
Bollettino 3 del 27 febbraio 2026 di Parma,851,CILIEGIO,rigonfiamento gemme
Bollettino 3 del 27 febbraio 2026 di Parma,862,MELO,da gemma ferma a rigonfiamento gemme
Bollettino 3 del 27 febbraio 2026 di Parma,884,PERO,rigonfiamento gemme
Bollettino 3 del 27 febbraio 2026 di Parma,923,PESCO,rottura gemme a legno - bottone rosa
Bollettino 3 del 27 febbraio 2026 di Parma,978,SUSINO_EUROPEO,inizio rigonfiamento gemme
Bollettino 3 del 27 febbraio 2026 di Parma,990,VITE,da gemma ferma a inizio rigonfiamento gemma
Bollettino 3 del 27 febbraio 2026 di Parma,1051,BARBABIETOLA,pre-semina - semina
Bollettino 3 del 27 febbraio 2026 di Parma,1107,COLZA,sviluppo fogliare
Bollettino 3 del 27 febbraio 2026 di Parma,1149,ERBA_MEDICA,medica in produzione: ripresa vegetativa; medica nuovo impianto: pre-semina - semina
Bollettino 3 del 27 febbraio 2026 di Parma,1201,FRUMENTO,accestimento
Bollettino 3 del 27 febbraio 2026 di Parma,1423,MAIS,pre-semina
Bollettino 3 del 27 febbraio 2026 di Parma,1443,PISELLO,4-6 foglie
Bollettino 3 del 27 febbraio 2026 di Parma,1452,CIPOLLA,pre-semina - semina
Bollettino 3 del 27 febbraio 2026 di Parma,2069,ALBICOCCO,da bottone rosso a inizio fioritura
Bollettino 3 del 27 febbraio 2026 di Parma,2085,CILIEGIO,rigonfiamento gemme
Bollettino 3 del 27 febbraio 2026 di Parma,2095,MELO,da gemma ferma a rigonfiamento gemme
Bollettino 3 del 27 febbraio 2026 di Parma,2116,PERO,rigonfiamento gemme
Bollettino 3 del 27 febbraio 2026 di Parma,2145,PESCO,rottura gemme a legno – bottone rosa
Bollettino 3 del 27 febbraio 2026 di Parma,2177,SUSINO_EUROPEO,inizio rigonfiamento gemme
Bollettino 3 del 27 febbraio 2026 di Parma,2189,VITE,da gemma ferma a inizio rigonfiamento gemma
Bollettino 3 del 27 febbraio 2026 di Parma,2239,ERBA_MEDICA,medica in produzione: ripresa vegetativa; medica nuovo impianto: pre-semina - semina
Bollettino 3 del 27 febbraio 2026 di Parma,2266,FRUMENTO,accestimento
Bollettino 3 del 27 febbraio 2026 di Parma,2280,PISELLO,4-6 foglie
Bollettino 3 del 27 febbraio 2026 di Parma,2310,PATATA,pre-semina
Bollettino 3 del 27 febbraio 2026 di Parma,2319,POMODORO,pre-trapianto
Bollettino 3 del 27 febbraio 2026 di Piacenza,850,ALBICOCCO,da bottone rosso a inizio fioritura
Bollettino 3 del 27 febbraio 2026 di Piacenza,878,CILIEGIO,rigonfiamento gemme
Bollettino 3 del 27 febbraio 2026 di Piacenza,898,MELO,da gemma ferma a rigonfiamento gemme
Bollettino 3 del 27 febbraio 2026 di Piacenza,910,PERO,rigonfiamento gemme
Bollettino 3 del 27 febbraio 2026 di Piacenza,950,PESCO,rottura gemme a legno - bottone rosa
Bollettino 3 del 27 febbraio 2026 di Piacenza,1003,SUSINO_EUROPEO,inizio rigonfiamento gemme
Bollettino 3 del 27 febbraio 2026 di Piacenza,1015,VITE,da gemma ferma a inizio rigonfiamento gemme
Bollettino 3 del 27 febbraio 2026 di Piacenza,1076,BARBABIETOLA,pre-semina - semina
Bollettino 3 del 27 febbraio 2026 di Piacenza,1124,COLZA,sviluppo fogliare
Bollettino 3 del 27 febbraio 2026 di Piacenza,1169,ERBA_MEDICA,Medica in produzione: ripresa vegetativa; Medica nuovo impianto: pre-semina - semina
Bollettino 3 del 27 febbraio 2026 di Piacenza,1228,FRUMENTO,accestimento
Bollettino 3 del 27 febbraio 2026 di Piacenza,1450,MAIS,pre-semina
Bollettino 3 del 27 febbraio 2026 di Piacenza,1475,AGLIO,da post emergenza a 5-6 foglie
Bollettino 3 del 27 febbraio 2026 di Piacenza,1506,CIPOLLA,Autunnale: 4-5 foglie – Primaverile: pre-semina - semina
Bollettino 3 del 27 febbraio 2026 di Piacenza,1576,PISELLO,da pre-semina a pre-emergenza
Bollettino 3 del 27 febbraio 2026 di Piacenza,2218,ALBICOCCO,da bottone rosso a inizio fioritura
Bollettino 3 del 27 febbraio 2026 di Piacenza,2234,CILIEGIO,rigonfiamento gemme
Bollettino 3 del 27 febbraio 2026 di Piacenza,2244,MELO,da gemma ferma a rigonfiamento gemme
Bollettino 3 del 27 febbraio 2026 di Piacenza,2266,PERO,rigonfiamento gemme
Bollettino 3 del 27 febbraio 2026 di Piacenza,2295,PESCO,rottura gemme a legno - bottone rosa
Bollettino 3 del 27 febbraio 2026 di Piacenza,2328,SUSINO_EUROPEO,inizio rigonfiamento gemme
Bollettino 3 del 27 febbraio 2026 di Piacenza,2340,VITE,da gemma ferma a inizio rigonfiamento gemme
Bollettino 3 del 27 febbraio 2026 di Piacenza,2391,ERBA_MEDICA,Medica in produzione: ripresa vegetativa; Medica nuovo impianto: pre-semina - semina
Bollettino 3 del 27 febbraio 2026 di Piacenza,2419,FRUMENTO,accestimento
Bollettino 3 del 27 febbraio 2026 di Piacenza,2457,PATATA,pre-semina
Bollettino 3 del 27 febbraio 2026 di Piacenza,2470,POMODORO,pre-trapianto
Bollettino 4 del 03 marzo 2026 Modena,892,ALBICOCCO,bottone rosso- fioritura
Bollettino 4 del 03 marzo 2026 Modena,912,CILIEGIO,rigonfiamento gemma-rottura gemma
Bollettino 4 del 03 marzo 2026 Modena,924,MELO,rigonfiamento gemma-punte verdi
Bollettino 4 del 03 marzo 2026 Modena,956,PERO,rottura gemma-inizio comparsa mazzetti affioranti
Bollettino 4 del 03 marzo 2026 Modena,1000,PESCO,bottone rosa-inizio fioritura
Bollettino 4 del 03 marzo 2026 Modena,1060,SUSINO_CINO_GIAPPONESE,bottone verde-inizio fioritura
Bollettino 4 del 03 marzo 2026 Modena,1101,SUSINO_EUROPEO,rigonfiamento gemma
Bollettino 4 del 03 marzo 2026 Modena,1114,VITE,rigonfiamento gemma (pianto)
Bollettino 4 del 03 marzo 2026 Modena,1166,BARBABIETOLA,pre-semina -semina
Bollettino 4 del 03 marzo 2026 Modena,1211,COLZA,8-10 foglie
Bollettino 4 del 03 marzo 2026 Modena,1261,ERBA_MEDICA,Medica in produzione: ripresa vegetativa; Medica nuovo impianto: pre-semina-semina
Bollettino 4 del 03 marzo 2026 Modena,1312,FRUMENTO,accestimento-inizio levata
Bollettino 4 del 03 marzo 2026 Modena,1536,MAIS,pre-semina
Bollettino 4 del 03 marzo 2026 Modena,2219,ALBICOCCO,bottone rosso-inizio fioritura
Bollettino 4 del 03 marzo 2026 Modena,2229,CILIEGIO,rigonfiamento gemma-rottura gemma
Bollettino 4 del 03 marzo 2026 Modena,2239,MELO,rigonfiamento gemma-punte verdi
Bollettino 4 del 03 marzo 2026 Modena,2273,PERO,rottura gemma- inizio comparsa mazzetti affioranti
Bollettino 4 del 03 marzo 2026 Modena,2322,PESCO,bottone rosa-inizia fioritura
Bollettino 4 del 03 marzo 2026 Modena,2347,SUSINO_CINO_GIAPPONESE,bottone verde-inizio fioritura
Bollettino 4 del 03 marzo 2026 Modena,2384,SUSINO_EUROPEO,rigonfiamento gemma
Bollettino 4 del 03 marzo 2026 Modena,2409,VITE,rigonfiamento gemma (pianto)
Bollettino 4 del 03 marzo 2026 Modena,2441,FRUMENTO,accestimento
Bollettino 4 del 03 marzo 2026 Modena,2461,BARBABIETOLA,presemina
Bollettino 4 del 03 marzo 2026 Modena,2473,ERBA_MEDICA,impianti vecchi ripresa vegetativa -impianti nuovi pre semina
Bollettino 4 del 05 marzo 2026 Reggio Emilia,911,MELO,rigonfiamento gemma-punte verdi
Bollettino 4 del 05 marzo 2026 Reggio Emilia,931,PERO,rottura gemma-inizio comparsa mazzetti affioranti
Bollettino 4 del 05 marzo 2026 Reggio Emilia,972,VITE,rigonfiamento gemma (pianto)
Bollettino 4 del 05 marzo 2026 Reggio Emilia,1024,BARBABIETOLA,pre-semina -semina
Bollettino 4 del 05 marzo 2026 Reggio Emilia,1070,COLZA,8-10 foglie
Bollettino 4 del 05 marzo 2026 Reggio Emilia,1120,ERBA_MEDICA,Medica in produzione: ripresa vegetativa; Medica nuovo impianto: pre-semina-semina
Bollettino 4 del 05 marzo 2026 Reggio Emilia,1169,FRUMENTO,accestimento-inizio levata
Bollettino 4 del 05 marzo 2026 Reggio Emilia,1391,MAIS,pre-semina
Bollettino 4 del 05 marzo 2026 Reggio Emilia,2076,MELO,rigonfiamento gemma-punte verdi
Bollettino 4 del 05 marzo 2026 Reggio Emilia,2096,PERO,rottura gemma- inizio comparsa mazzetti affioranti
Bollettino 4 del 05 marzo 2026 Reggio Emilia,2138,VITE,rigonfiamento gemma (pianto)
Bollettino 4 del 05 marzo 2026 Reggio Emilia,2181,FRUMENTO,accestimento-inizio levata
Bollettino 4 del 05 marzo 2026 Reggio Emilia,2191,BARBABIETOLA,presemina-semina
Bollettino 4 del 05 marzo 2026 Reggio Emilia,2213,ERBA_MEDICA,impianti vecchi ripresa vegetativa -impianti nuovi pre semina
Bollettino 4 del 4 marzo 2026 di Bologna e Ferrara,897,ACTINIDIA,gemma ferma (cv verdi); gemma cotonosa (cv gialle)
Bollettino 4 del 4 marzo 2026 di Bologna e Ferrara,919,ALBICOCCO,da bottone rosso a fioritura
Bollettino 4 del 4 marzo 2026 di Bologna e Ferrara,942,CILIEGIO,da rigonfiamento gemme a inizio rottura gemme le varietà precoci
Bollettino 4 del 4 marzo 2026 di Bologna e Ferrara,951,KAKI,da gemma ferma a gemma ingrossata
Bollettino 4 del 4 marzo 2026 di Bologna e Ferrara,969,MELO,da rigonfiamento gemme a punte verdi
Bollettino 4 del 4 marzo 2026 di Bologna e Ferrara,985,PERO,da ingrossamento gemme a rottura gemme
Bollettino 4 del 4 marzo 2026 di Bologna e Ferrara,1028,PESCO,da bottone rosa a inizio fioritura
Bollettino 4 del 4 marzo 2026 di Bologna e Ferrara,1090,SUSINO_CINO_GIAPPONESE,da bottone bianco a inizio fioritura
Bollettino 4 del 4 marzo 2026 di Bologna e Ferrara,1127,SUSINO_EUROPEO,rigonfiamento gemme
Bollettino 4 del 4 marzo 2026 di Bologna e Ferrara,1139,VITE,da gemma ferma a inizio rigonfiamento gemme
Bollettino 4 del 4 marzo 2026 di Bologna e Ferrara,1189,BARBABIETOLA,da pre-semina a emergenza
Bollettino 4 del 4 marzo 2026 di Bologna e Ferrara,1237,COLZA,sviluppo vegetativo
Bollettino 4 del 4 marzo 2026 di Bologna e Ferrara,1257,ERBA_MEDICA,Medica in produzione: ripresa vegetativa; Medica nuovo impianto: da pre-semina a semina
Bollettino 4 del 4 marzo 2026 di Bologna e Ferrara,1312,FRUMENTO,da accestimento a inizio levata le semine precoci
Bollettino 4 del 4 marzo 2026 di Bologna e Ferrara,1530,MAIS,pre-semina
Bollettino 4 del 4 marzo 2026 di Bologna e Ferrara,1561,AGLIO,4/5 foglie
Bollettino 4 del 4 marzo 2026 di Bologna e Ferrara,1591,ASPARAGO,Pre-ricaccio
Bollettino 4 del 4 marzo 2026 di Bologna e Ferrara,1628,CAROTA,da pre-semina a sviluppo vegetativo
Bollettino 4 del 4 marzo 2026 di Bologna e Ferrara,1667,CIPOLLA,Autunnale: 4-5 foglie – Primaverile: da presemina a pre-emergenza
Bollettino 4 del 4 marzo 2026 di Bologna e Ferrara,1744,PATATA,da pre-semina a semina
Bollettino 4 del 4 marzo 2026 di Bologna e Ferrara,1797,PISELLO,da presemina a emergenza
Bollettino 4 del 4 marzo 2026 di Bologna e Ferrara,2504,ACTINIDIA,gemma ferma (cv verdi); gemma cotonosa (cv gialle)
Bollettino 4 del 4 marzo 2026 di Bologna e Ferrara,2516,ALBICOCCO,da bottone rosso a fioritura
Bollettino 4 del 4 marzo 2026 di Bologna e Ferrara,2537,CILIEGIO,da rigonfiamento gemme a inizio rottura gemme le varietà precoci
Bollettino 4 del 4 marzo 2026 di Bologna e Ferrara,2546,KAKI,da gemma ferma a gemma ingrossata
Bollettino 4 del 4 marzo 2026 di Bologna e Ferrara,2554,MELO,da rigonfiamento gemme a punte verdi
Bollettino 4 del 4 marzo 2026 di Bologna e Ferrara,2579,PERO,da ingrossamento gemme a rottura gemme
Bollettino 4 del 4 marzo 2026 di Bologna e Ferrara,2611,PESCO,da bottone rosa a inizio fioritura
Bollettino 4 del 4 marzo 2026 di Bologna e Ferrara,2645,SUSINO_CINO_GIAPPONESE,da bottone bianco a inizio fioritura
Bollettino 4 del 4 marzo 2026 di Bologna e Ferrara,2661,SUSINO_EUROPEO,rigonfiamento gemme
Bollettino 4 del 4 marzo 2026 di Bologna e Ferrara,2683,VITE,da gemma ferma a inizio rigonfiamento gemme
Bollettino 4 del 4 marzo 2026 di Bologna e Ferrara,2713,BARBABIETOLA,da pre-semina a emergenza
Bollettino 4 del 4 marzo 2026 di Bologna e Ferrara,2737,ERBA_MEDICA,Medica in produzione: ripresa vegetativa; Medica nuovo impianto: da pre-semina a semina
Bollettino 4 del 4 marzo 2026 di Bologna e Ferrara,2755,FRUMENTO,da accestimento a inizio levata le semine precoci
Bollettino 4 del 4 marzo 2026 di Bologna e Ferrara,2765,MAIS,pre-semina
Bollettino 4 del 4 marzo 2026 di Bologna e Ferrara,2807,ASPARAGO,Pre-ricaccio
Bollettino 4 del 4 marzo 2026 di Bologna e Ferrara,2812,CAROTA,da pre-semina a sviluppo vegetativo
Bollettino 4 del 4 marzo 2026 di Bologna e Ferrara,2828,CIPOLLA,Autunnale: 4-5 foglie – Primaverile: da pre-semina a pre-emergenza
Bollettino 4 del 4 marzo 2026 di Bologna e Ferrara,2853,PATATA,da pre-semina a semina
Bollettino 4 del 4 marzo 2026 di Bologna e Ferrara,2888,PISELLO,da presemina a emergenza
"Bollettino 4 del 4 marzo 2026 di Forlì-Cesena, Ravenna, Rimini",893,ACTINIDIA,gemma ferma (cv verdi); gemma cotonosa (cv gialle)
"Bollettino 4 del 4 marzo 2026 di Forlì-Cesena, Ravenna, Rimini",906,ALBICOCCO,da bottone rosso a fioritura
"Bollettino 4 del 4 marzo 2026 di Forlì-Cesena, Ravenna, Rimini",925,CILIEGIO,da rigonfiamento gemme a rottura gemme
"Bollettino 4 del 4 marzo 2026 di Forlì-Cesena, Ravenna, Rimini",944,KAKI,da gemma ferma a gemma ingrossata
"Bollettino 4 del 4 marzo 2026 di Forlì-Cesena, Ravenna, Rimini",952,MELO,da rigonfiamento gemme a punte verdi
"Bollettino 4 del 4 marzo 2026 di Forlì-Cesena, Ravenna, Rimini",972,OLIVO,da riposo vegetativo a ripresa vegetativa
"Bollettino 4 del 4 marzo 2026 di Forlì-Cesena, Ravenna, Rimini",1001,PERO,da rigonfiamento gemme a rottura gemme
"Bollettino 4 del 4 marzo 2026 di Forlì-Cesena, Ravenna, Rimini",1032,PESCO,da bottone rosa a fioritura
"Bollettino 4 del 4 marzo 2026 di Forlì-Cesena, Ravenna, Rimini",1089,SUSINO_CINO_GIAPPONESE,da bottone bianco ad inizio fioritura
"Bollettino 4 del 4 marzo 2026 di Forlì-Cesena, Ravenna, Rimini",1130,SUSINO_EUROPEO,da rigonfiamento a rottura gemme
"Bollettino 4 del 4 marzo 2026 di Forlì-Cesena, Ravenna, Rimini",1141,VITE,da gemma ferma ad inizio rigonfiamento gemme
"Bollettino 4 del 4 marzo 2026 di Forlì-Cesena, Ravenna, Rimini",1194,BARBABIETOLA,da pre-semina ad emergenza
"Bollettino 4 del 4 marzo 2026 di Forlì-Cesena, Ravenna, Rimini",1239,COLZA,sviluppo vegetativo
"Bollettino 4 del 4 marzo 2026 di Forlì-Cesena, Ravenna, Rimini",1269,ERBA_MEDICA,Medica in produzione: ripresa vegetativa; Medica nuovo impianto: da pre-semina a semina
"Bollettino 4 del 4 marzo 2026 di Forlì-Cesena, Ravenna, Rimini",1324,FRUMENTO,da accestimento ad inizio levata
"Bollettino 4 del 4 marzo 2026 di Forlì-Cesena, Ravenna, Rimini",1544,MAIS,pre-semina
"Bollettino 4 del 4 marzo 2026 di Forlì-Cesena, Ravenna, Rimini",1565,CIPOLLA,Autunnale: 4-5 foglie – Primaverile: da pre-semina a emergenza
"Bollettino 4 del 4 marzo 2026 di Forlì-Cesena, Ravenna, Rimini",1658,FRAGOLA,accrescimento vegetativo
"Bollettino 4 del 4 marzo 2026 di Forlì-Cesena, Ravenna, Rimini",1671,FRAGOLA,ripresa vegetativa
"Bollettino 4 del 4 marzo 2026 di Forlì-Cesena, Ravenna, Rimini",1677,PATATA,da pre-semina a semina
"Bollettino 4 del 4 marzo 2026 di Forlì-Cesena, Ravenna, Rimini",1727,PISELLO,semina autunnale: 4-7 foglie - semina primaverile: da pre-semina a semina
"Bollettino 4 del 4 marzo 2026 di Forlì-Cesena, Ravenna, Rimini",2440,ACTINIDIA,gemma ferma (cv verdi); gemma cotonosa (cv gialle)
"Bollettino 4 del 4 marzo 2026 di Forlì-Cesena, Ravenna, Rimini",2453,ALBICOCCO,da bottone rosso a fioritura
"Bollettino 4 del 4 marzo 2026 di Forlì-Cesena, Ravenna, Rimini",2462,CILIEGIO,da rigonfiamento gemme a rottura gemme
"Bollettino 4 del 4 marzo 2026 di Forlì-Cesena, Ravenna, Rimini",2471,KAKI,da gemma ferma a gemma ingrossata
"Bollettino 4 del 4 marzo 2026 di Forlì-Cesena, Ravenna, Rimini",2488,MELO,da rigonfiamento gemme a punte verdi
"Bollettino 4 del 4 marzo 2026 di Forlì-Cesena, Ravenna, Rimini",2502,OLIVO,da riposo vegetativo a ripresa vegetativa
"Bollettino 4 del 4 marzo 2026 di Forlì-Cesena, Ravenna, Rimini",2520,PERO,da rigonfiamento gemme a rottura gemme
"Bollettino 4 del 4 marzo 2026 di Forlì-Cesena, Ravenna, Rimini",2555,PESCO,da bottone rosa a fioritura
"Bollettino 4 del 4 marzo 2026 di Forlì-Cesena, Ravenna, Rimini",2575,SUSINO_CINO_GIAPPONESE,da bottone bianco ad inizio fioritura
"Bollettino 4 del 4 marzo 2026 di Forlì-Cesena, Ravenna, Rimini",2604,SUSINO_EUROPEO,da rigonfiamento a rottura gemme
"Bollettino 4 del 4 marzo 2026 di Forlì-Cesena, Ravenna, Rimini",2613,VITE,da gemma ferma ad inizio rigonfiamento gemme
"Bollettino 4 del 4 marzo 2026 di Forlì-Cesena, Ravenna, Rimini",2655,BARBABIETOLA,da pre-semina ad emergenza
"Bollettino 4 del 4 marzo 2026 di Forlì-Cesena, Ravenna, Rimini",2669,ERBA_MEDICA,Medica in produzione: ripresa vegetativa; Medica nuovo impianto: da pre-semina a semina
"Bollettino 4 del 4 marzo 2026 di Forlì-Cesena, Ravenna, Rimini",2697,FRUMENTO,da accestimento ad inizio levata
"Bollettino 4 del 4 marzo 2026 di Forlì-Cesena, Ravenna, Rimini",2707,MAIS,pre-semina
"Bollettino 4 del 4 marzo 2026 di Forlì-Cesena, Ravenna, Rimini",2749,CIPOLLA,Autunnale: 4-5 foglie – Primaverile: da pre-semina a emergenza
"Bollettino 4 del 4 marzo 2026 di Forlì-Cesena, Ravenna, Rimini",2767,FRAGOLA,da pulizia foglie ad accrescimento vegetativo
"Bollettino 4 del 4 marzo 2026 di Forlì-Cesena, Ravenna, Rimini",2784,FRAGOLA,ripresa vegetativa
"Bollettino 4 del 4 marzo 2026 di Forlì-Cesena, Ravenna, Rimini",2790,PATATA,da pre-semina a semina
"Bollettino 4 del 4 marzo 2026 di Forlì-Cesena, Ravenna, Rimini",2815,PISELLO,semina autunnale: 4-7 foglie - semina primaverile: da pre-semina a semina
Bollettino 4 del 6 Marzo 2026 di Piacenza,901,ALBICOCCO,da bottone rosso a fioritura
Bollettino 4 del 6 Marzo 2026 di Piacenza,920,CILIEGIO,da bottone rosa a inizio apertura gemme
Bollettino 4 del 6 Marzo 2026 di Piacenza,929,MELO,da rigonfiamento gemme a punte verdi
Bollettino 4 del 6 Marzo 2026 di Piacenza,956,PERO,da gemma gonfia a comparsa mazzetti fiorali
Bollettino 4 del 6 Marzo 2026 di Piacenza,996,PESCO,da bottone rosa a inizio fioritura
Bollettino 4 del 6 Marzo 2026 di Piacenza,1057,SUSINO_EUROPEO,da rigonfiamento a inizio rottura gemme
Bollettino 4 del 6 Marzo 2026 di Piacenza,1069,VITE,da gemma ferma a inizio gemma cotonosa – inizio pianto
Bollettino 4 del 6 Marzo 2026 di Piacenza,1129,BARBABIETOLA,pre-semina - semina
Bollettino 4 del 6 Marzo 2026 di Piacenza,1175,COLZA,sviluppo fogliare
Bollettino 4 del 6 Marzo 2026 di Piacenza,1215,ERBA_MEDICA,Medica in produzione: ripresa vegetativa; Medica nuovo impianto: pre-semina - semina
Bollettino 4 del 6 Marzo 2026 di Piacenza,1268,FRUMENTO,da accestimento a inizio levata (semine precoci)
Bollettino 4 del 6 Marzo 2026 di Piacenza,1492,MAIS,pre-semina
Bollettino 4 del 6 Marzo 2026 di Piacenza,1522,AGLIO,da post emergenza a 5-6 foglie
Bollettino 4 del 6 Marzo 2026 di Piacenza,1561,CIPOLLA,Autunnale: 4-5 foglie – Primaverile: da pre-semina a pre-emergenza
Bollettino 4 del 6 Marzo 2026 di Piacenza,1651,PISELLO,da pre-semina a emergenza
Bollettino 4 del 6 Marzo 2026 di Piacenza,1693,POMODORO_INDUSTRIA,pre-trapianto
Bollettino 4 del 6 Marzo 2026 di Piacenza,2355,ALBICOCCO,da bottone rosso a fioritura
Bollettino 4 del 6 Marzo 2026 di Piacenza,2373,CILIEGIO,da bottone rosa a inizio apertura gemme
Bollettino 4 del 6 Marzo 2026 di Piacenza,2382,MELO,da rigonfiamento gemme a punte verdi
Bollettino 4 del 6 Marzo 2026 di Piacenza,2398,PERO,da gemma gonfia a comparsa mazzetti fiorali
Bollettino 4 del 6 Marzo 2026 di Piacenza,2438,PESCO,da bottone rosa a inizio fioritura
Bollettino 4 del 6 Marzo 2026 di Piacenza,2472,SUSINO_EUROPEO,da rigonfiamento a inizio rottura gemme
Bollettino 4 del 6 Marzo 2026 di Piacenza,2484,VITE,da gemma ferma a inizio gemma cotonosa – inizio pianto
Bollettino 4 del 6 Marzo 2026 di Piacenza,2534,ERBA_MEDICA,Medica in produzione: ripresa vegetativa; Medica nuovo impianto: pre-semina - semina
Bollettino 4 del 6 Marzo 2026 di Piacenza,2561,FRUMENTO,da accestimento a inizio levata (semine precoci)
Bollettino 4 del 6 Marzo 2026 di Piacenza,2607,PATATA,pre-semina
Bollettino 4 del 6 Marzo 2026 di Piacenza,2619,POMODORO,pre-trapianto
Bollettino 4 del 6 marzo 2026 di Parma,855,ALBICOCCO,da bottone rosso a fioritura
Bollettino 4 del 6 marzo 2026 di Parma,884,CILIEGIO,da bottoni rosa a inizio apertura gemme
Bollettino 4 del 6 marzo 2026 di Parma,894,MELO,da rigonfiamento gemme a punte verdi
Bollettino 4 del 6 marzo 2026 di Parma,920,PERO,da gemma gonfia a comparsa mazzetti fiorali
Bollettino 4 del 6 marzo 2026 di Parma,950,PESCO,da bottone rosa a inizio fioritura
Bollettino 4 del 6 marzo 2026 di Parma,1016,SUSINO_EUROPEO,da rigonfiamento gemme a inizio rottura gemme
Bollettino 4 del 6 marzo 2026 di Parma,1028,VITE,da gemma ferma a inizio gemma cotonosa – inizio pianto
Bollettino 4 del 6 marzo 2026 di Parma,1089,BARBABIETOLA,pre-semina - semina
Bollettino 4 del 6 marzo 2026 di Parma,1143,COLZA,sviluppo fogliare
Bollettino 4 del 6 marzo 2026 di Parma,1185,ERBA_MEDICA,medica in produzione: ripresa vegetativa; medica nuovo impianto: pre-semina - semina
Bollettino 4 del 6 marzo 2026 di Parma,1234,FRUMENTO,da accestimento ad inizio levata (semine precoci)
Bollettino 4 del 6 marzo 2026 di Parma,1456,MAIS,pre-semina
Bollettino 4 del 6 marzo 2026 di Parma,1469,PISELLO,sviluppo fogliare
Bollettino 4 del 6 marzo 2026 di Parma,1488,CIPOLLA,pre-semina - semina
Bollettino 4 del 6 marzo 2026 di Parma,1513,POMODORO_INDUSTRIA,pre-trapianto
Bollettino 4 del 6 marzo 2026 di Parma,2184,ALBICOCCO,da bottone rosso a fioritura
Bollettino 4 del 6 marzo 2026 di Parma,2202,CILIEGIO,da bottoni rosa a inizio apertura gemme
Bollettino 4 del 6 marzo 2026 di Parma,2211,MELO,da rigonfiamento gemme a punte verdi
Bollettino 4 del 6 marzo 2026 di Parma,2227,PERO,da gemma gonfia a comparsa mazzetti fiorali
Bollettino 4 del 6 marzo 2026 di Parma,2268,PESCO,da bottone rosa a inizio fioritura
Bollettino 4 del 6 marzo 2026 di Parma,2303,SUSINO_EUROPEO,da rigonfiamento gemme a inizio rottura gemme
Bollettino 4 del 6 marzo 2026 di Parma,2315,VITE,da gemma ferma a inizio gemma cotonosa – inizio pianto
Bollettino 4 del 6 marzo 2026 di Parma,2365,ERBA_MEDICA,medica in produzione: ripresa vegetativa; medica nuovo impianto: pre-semina - semina
Bollettino 4 del 6 marzo 2026 di Parma,2392,FRUMENTO,da accestimento ad inizio levata (semine precoci)
Bollettino 4 del 6 marzo 2026 di Parma,2406,PISELLO,4-6 foglie
Bollettino 4 del 6 marzo 2026 di Parma,2445,PATATA,pre-semina
Bollettino 4 del 6 marzo 2026 di Parma,2456,POMODORO,pre-trapianto
Bollettino 5 del 10 marzo 2026 di Modena,904,ALBICOCCO,fioritura-caduta petali
Bollettino 5 del 10 marzo 2026 di Modena,927,CILIEGIO,rottura gemma
Bollettino 5 del 10 marzo 2026 di Modena,947,KAKI,ingrossamento gemma
Bollettino 5 del 10 marzo 2026 di Modena,958,MELO,punte verdi-orecchiette di topo
Bollettino 5 del 10 marzo 2026 di Modena,998,OLIVO,da riposo vegetativo a ripresa vegetativa
Bollettino 5 del 10 marzo 2026 di Modena,1016,PERO,rottura gemma- mazzetti divaricati
Bollettino 5 del 10 marzo 2026 di Modena,1069,PESCO,inizio fioritura-fioritura
Bollettino 5 del 10 marzo 2026 di Modena,1111,SUSINO_CINO_GIAPPONESE,inizio fioritura-fioritura
Bollettino 5 del 10 marzo 2026 di Modena,1132,SUSINO_EUROPEO,rottura gemma - bottone verde
Bollettino 5 del 10 marzo 2026 di Modena,1153,VITE,rigonfiamento gemma-gemma cotonosa
Bollettino 5 del 10 marzo 2026 di Modena,1210,BARBABIETOLA,pre-semina -emergenza
Bollettino 5 del 10 marzo 2026 di Modena,1279,COLZA,8-10 foglie
Bollettino 5 del 10 marzo 2026 di Modena,1322,ERBA_MEDICA,Medica in produzione: ripresa vegetativa; Medica nuovo impianto: pre-semina-semina
Bollettino 5 del 10 marzo 2026 di Modena,1382,FRUMENTO,fine accestimento- levata
Bollettino 5 del 10 marzo 2026 di Modena,1612,MAIS,pre-semina
Bollettino 5 del 10 marzo 2026 di Modena,2310,ALBICOCCO,fioritura-caduta petali
Bollettino 5 del 10 marzo 2026 di Modena,2323,CILIEGIO,rottura gemma
Bollettino 5 del 10 marzo 2026 di Modena,2331,KAKI,ingrossamento gemma
Bollettino 5 del 10 marzo 2026 di Modena,2352,MELO,punte verdi-orecchiette di topo
Bollettino 5 del 10 marzo 2026 di Modena,2374,OLIVO,da riposo vegetativo a ripresa vegetativa
Bollettino 5 del 10 marzo 2026 di Modena,2402,PERO,rottura gemma- mazzetti divaricati
Bollettino 5 del 10 marzo 2026 di Modena,2449,PESCO,inizio fioritura-fioritura
Bollettino 5 del 10 marzo 2026 di Modena,2470,SUSINO_CINO_GIAPPONESE,inizio fioritura-fioritura
Bollettino 5 del 10 marzo 2026 di Modena,2498,SUSINO_EUROPEO,rottura gemma -bottone
Bollettino 5 del 10 marzo 2026 di Modena,2511,VITE,rigonfiamento gemma-gemma cotonosa
Bollettino 5 del 10 marzo 2026 di Modena,2557,FRUMENTO,fine accestimento-levata
Bollettino 5 del 10 marzo 2026 di Modena,2567,BARBABIETOLA,semina-pre emergenza
Bollettino 5 del 10 marzo 2026 di Modena,2589,ERBA_MEDICA,impianti vecchi ripresa vegetativa -impianti nuovi semina
Bollettino 5 del 11 marzo 2026 di Bologna e Ferrara,954,ACTINIDIA,ingrossamento gemme (cv verdi); gemma cotonosa (cv gialle)
Bollettino 5 del 11 marzo 2026 di Bologna e Ferrara,981,ALBICOCCO,fioritura
Bollettino 5 del 11 marzo 2026 di Bologna e Ferrara,1016,CILIEGIO,rottura gemme
Bollettino 5 del 11 marzo 2026 di Bologna e Ferrara,1025,KAKI,da gemma ferma a gemma ingrossata
Bollettino 5 del 11 marzo 2026 di Bologna e Ferrara,1043,MELO,da punte verdi a orecchiette di topo
Bollettino 5 del 11 marzo 2026 di Bologna e Ferrara,1074,PERO,da rottura gemme a comparsa mazzetti
Bollettino 5 del 11 marzo 2026 di Bologna e Ferrara,1122,PESCO,da bottone rosa a fioritura
Bollettino 5 del 11 marzo 2026 di Bologna e Ferrara,1170,SUSINO_CINO_GIAPPONESE,fioritura
Bollettino 5 del 11 marzo 2026 di Bologna e Ferrara,1202,SUSINO_EUROPEO,da rottura gemme a bottone bianco
Bollettino 5 del 11 marzo 2026 di Bologna e Ferrara,1214,VITE,da gemma ferma a gemma cotonosa
Bollettino 5 del 11 marzo 2026 di Bologna e Ferrara,1268,BARBABIETOLA,da pre-emergenza a emergenza
Bollettino 5 del 11 marzo 2026 di Bologna e Ferrara,1327,COLZA,oltre 10 foglie
Bollettino 5 del 11 marzo 2026 di Bologna e Ferrara,1357,ERBA_MEDICA,Medica in produzione: ripresa vegetativa; Medica nuovo impianto: da pre-semina a semina
Bollettino 5 del 11 marzo 2026 di Bologna e Ferrara,1412,FRUMENTO,da accestimento a inizio levata
Bollettino 5 del 11 marzo 2026 di Bologna e Ferrara,1632,MAIS,pre-semina
Bollettino 5 del 11 marzo 2026 di Bologna e Ferrara,1654,AGLIO,4/5 foglie
Bollettino 5 del 11 marzo 2026 di Bologna e Ferrara,1691,ASPARAGO,Pre-ricaccio
Bollettino 5 del 11 marzo 2026 di Bologna e Ferrara,1713,CAROTA,da semina a sviluppo vegetativo
Bollettino 5 del 11 marzo 2026 di Bologna e Ferrara,1741,CIPOLLA,Autunnale: 4-5 foglie – Primaverile: da semina a pre-emergenza
Bollettino 5 del 11 marzo 2026 di Bologna e Ferrara,1817,PATATA,semina
Bollettino 5 del 11 marzo 2026 di Bologna e Ferrara,1875,PISELLO,da presemina a emergenza
Bollettino 5 del 11 marzo 2026 di Bologna e Ferrara,1909,POMODORO_INDUSTRIA,pre-trapianto
Bollettino 5 del 11 marzo 2026 di Bologna e Ferrara,2571,ACTINIDIA,ingrossamento gemme (cv verdi); gemma cotonosa (cv gialle)
Bollettino 5 del 11 marzo 2026 di Bologna e Ferrara,2585,ALBICOCCO,fioritura
Bollettino 5 del 11 marzo 2026 di Bologna e Ferrara,2611,CILIEGIO,rottura gemme
Bollettino 5 del 11 marzo 2026 di Bologna e Ferrara,2619,KAKI,da gemma ferma a gemma ingrossata
Bollettino 5 del 11 marzo 2026 di Bologna e Ferrara,2627,MELO,da punte verdi a orecchiette di topo
Bollettino 5 del 11 marzo 2026 di Bologna e Ferrara,2657,PERO,da rottura gemme a comparsa mazzetti
Bollettino 5 del 11 marzo 2026 di Bologna e Ferrara,2693,PESCO,da bottone rosa a fioritura
Bollettino 5 del 11 marzo 2026 di Bologna e Ferrara,2726,SUSINO_CINO_GIAPPONESE,fioritura
Bollettino 5 del 11 marzo 2026 di Bologna e Ferrara,2738,SUSINO_EUROPEO,da rottura gemme a bottone bianco
Bollettino 5 del 11 marzo 2026 di Bologna e Ferrara,2757,VITE,da gemma ferma a gemma cotonosa
Bollettino 5 del 11 marzo 2026 di Bologna e Ferrara,2791,BARBABIETOLA,da pre-emergenza a emergenza
Bollettino 5 del 11 marzo 2026 di Bologna e Ferrara,2817,ERBA_MEDICA,Medica in produzione: ripresa vegetativa; Medica nuovo impianto: da pre-semina a semina
Bollettino 5 del 11 marzo 2026 di Bologna e Ferrara,2835,FRUMENTO,da accestimento a inizio levata
Bollettino 5 del 11 marzo 2026 di Bologna e Ferrara,2845,MAIS,pre-semina
Bollettino 5 del 11 marzo 2026 di Bologna e Ferrara,2886,ASPARAGO,Pre-ricaccio
Bollettino 5 del 11 marzo 2026 di Bologna e Ferrara,2891,CAROTA,da pre-semina a sviluppo vegetativo
Bollettino 5 del 11 marzo 2026 di Bologna e Ferrara,2907,CIPOLLA,Autunnale: 4-5 foglie – Primaverile: da semina a pre-emergenza
Bollettino 5 del 11 marzo 2026 di Bologna e Ferrara,2932,PATATA,semina
Bollettino 5 del 11 marzo 2026 di Bologna e Ferrara,2938,PISELLO,da presemina a emergenza
"Bollettino 5 del 11 marzo 2026 di Forlì-Cesena, Ravenna, Rimini",977,ACTINIDIA,ingrossamento gemme (cv verdi); gemma cotonosa (cv gialle)
"Bollettino 5 del 11 marzo 2026 di Forlì-Cesena, Ravenna, Rimini",992,ALBICOCCO,da fioritura a caduta petali
"Bollettino 5 del 11 marzo 2026 di Forlì-Cesena, Ravenna, Rimini",1023,CILIEGIO,rottura gemme
"Bollettino 5 del 11 marzo 2026 di Forlì-Cesena, Ravenna, Rimini",1032,KAKI,gemma ingrossata
"Bollettino 5 del 11 marzo 2026 di Forlì-Cesena, Ravenna, Rimini",1040,MELO,da punte verdi ad orecchiette di topo
"Bollettino 5 del 11 marzo 2026 di Forlì-Cesena, Ravenna, Rimini",1076,OLIVO,da riposo vegetativo a ripresa vegetativa
"Bollettino 5 del 11 marzo 2026 di Forlì-Cesena, Ravenna, Rimini",1101,PERO,da rottura gemme a mazzetti affioranti
"Bollettino 5 del 11 marzo 2026 di Forlì-Cesena, Ravenna, Rimini",1153,PESCO,fioritura
"Bollettino 5 del 11 marzo 2026 di Forlì-Cesena, Ravenna, Rimini",1192,SUSINO_CINO_GIAPPONESE,fioritura
"Bollettino 5 del 11 marzo 2026 di Forlì-Cesena, Ravenna, Rimini",1213,SUSINO_EUROPEO,bottone verde
"Bollettino 5 del 11 marzo 2026 di Forlì-Cesena, Ravenna, Rimini",1225,VITE,da rigonfiamento gemme a gemma cotonosa
"Bollettino 5 del 11 marzo 2026 di Forlì-Cesena, Ravenna, Rimini",1291,BARBABIETOLA,da pre-emergenza a emergenza
"Bollettino 5 del 11 marzo 2026 di Forlì-Cesena, Ravenna, Rimini",1351,COLZA,sviluppo vegetativo
"Bollettino 5 del 11 marzo 2026 di Forlì-Cesena, Ravenna, Rimini",1381,ERBA_MEDICA,Medica in produzione: ripresa vegetativa; Medica nuovo impianto: da pre-semina a semina
"Bollettino 5 del 11 marzo 2026 di Forlì-Cesena, Ravenna, Rimini",1439,FRUMENTO,da accestimento a levata
"Bollettino 5 del 11 marzo 2026 di Forlì-Cesena, Ravenna, Rimini",1654,MAIS,pre-semina
"Bollettino 5 del 11 marzo 2026 di Forlì-Cesena, Ravenna, Rimini",1688,CIPOLLA,Autunnale: 4-5 foglie – Primaverile: da semina a pre-emergenza
"Bollettino 5 del 11 marzo 2026 di Forlì-Cesena, Ravenna, Rimini",1767,FRAGOLA,da accrescimento vegetativo a inizio fioritura
"Bollettino 5 del 11 marzo 2026 di Forlì-Cesena, Ravenna, Rimini",1797,FRAGOLA,ripresa vegetativa
"Bollettino 5 del 11 marzo 2026 di Forlì-Cesena, Ravenna, Rimini",1807,PATATA,semina
"Bollettino 5 del 11 marzo 2026 di Forlì-Cesena, Ravenna, Rimini",1869,PISELLO,da presemina a emergenza
"Bollettino 5 del 11 marzo 2026 di Forlì-Cesena, Ravenna, Rimini",1903,POMODORO_INDUSTRIA,pre-trapianto
"Bollettino 5 del 11 marzo 2026 di Forlì-Cesena, Ravenna, Rimini",2565,ACTINIDIA,ingrossamento gemme (cv verdi); gemma cotonosa (cv gialle)
"Bollettino 5 del 11 marzo 2026 di Forlì-Cesena, Ravenna, Rimini",2580,ALBICOCCO,da fioritura a caduta petali
"Bollettino 5 del 11 marzo 2026 di Forlì-Cesena, Ravenna, Rimini",2605,CILIEGIO,rottura gemme
"Bollettino 5 del 11 marzo 2026 di Forlì-Cesena, Ravenna, Rimini",2613,KAKI,gemma ingrossata
"Bollettino 5 del 11 marzo 2026 di Forlì-Cesena, Ravenna, Rimini",2621,MELO,da punte verdi ad orecchiette di topo
"Bollettino 5 del 11 marzo 2026 di Forlì-Cesena, Ravenna, Rimini",2652,OLIVO,da riposo vegetativo a ripresa vegetativa
"Bollettino 5 del 11 marzo 2026 di Forlì-Cesena, Ravenna, Rimini",2677,PERO,da rottura gemme a mazzetti affioranti
"Bollettino 5 del 11 marzo 2026 di Forlì-Cesena, Ravenna, Rimini",2716,PESCO,fioritura
"Bollettino 5 del 11 marzo 2026 di Forlì-Cesena, Ravenna, Rimini",2731,SUSINO_CINO_GIAPPONESE,fioritura
"Bollettino 5 del 11 marzo 2026 di Forlì-Cesena, Ravenna, Rimini",2756,SUSINO_EUROPEO,bottone verde
"Bollettino 5 del 11 marzo 2026 di Forlì-Cesena, Ravenna, Rimini",2766,VITE,da rigonfiamento gemme a gemma cotonosa
"Bollettino 5 del 11 marzo 2026 di Forlì-Cesena, Ravenna, Rimini",2812,BARBABIETOLA,da pre-emergenza a emergenza
"Bollettino 5 del 11 marzo 2026 di Forlì-Cesena, Ravenna, Rimini",2826,ERBA_MEDICA,Medica in produzione: ripresa vegetativa; Medica nuovo impianto: da pre-semina a semina
"Bollettino 5 del 11 marzo 2026 di Forlì-Cesena, Ravenna, Rimini",2854,FRUMENTO,da accestimento a levata
"Bollettino 5 del 11 marzo 2026 di Forlì-Cesena, Ravenna, Rimini",2864,MAIS,pre-semina
"Bollettino 5 del 11 marzo 2026 di Forlì-Cesena, Ravenna, Rimini",2906,CIPOLLA,Autunnale: 4-5 foglie – Primaverile: da semina a pre-emergenza
"Bollettino 5 del 11 marzo 2026 di Forlì-Cesena, Ravenna, Rimini",2937,FRAGOLA,da pulizia foglie ad accrescimento vegetativo
"Bollettino 5 del 11 marzo 2026 di Forlì-Cesena, Ravenna, Rimini",2948,FRAGOLA,ripresa vegetativa
"Bollettino 5 del 11 marzo 2026 di Forlì-Cesena, Ravenna, Rimini",2956,PATATA,semina
"Bollettino 5 del 11 marzo 2026 di Forlì-Cesena, Ravenna, Rimini",2961,PISELLO,da presemina a emergenza
"Bollettino 5 del 11 marzo 2026 di Forlì-Cesena, Ravenna, Rimini",2968,POMODORO_INDUSTRIA,pre-trapianto
Bollettino 5 del 12 marzo 2026 di Reggio Emilia,900,MELO,punte verdi-orecchiette di topo
Bollettino 5 del 12 marzo 2026 di Reggio Emilia,929,OLIVO,da riposo vegetativo a ripresa vegetativa
Bollettino 5 del 12 marzo 2026 di Reggio Emilia,964,PERO,rottura gemma- mazzetti divaricati
Bollettino 5 del 12 marzo 2026 di Reggio Emilia,1016,VITE,gemma ferma-rigonfiamento gemma
Bollettino 5 del 12 marzo 2026 di Reggio Emilia,1075,BARBABIETOLA,pre-semina -emergenza
Bollettino 5 del 12 marzo 2026 di Reggio Emilia,1154,COLZA,8-10 foglie
Bollettino 5 del 12 marzo 2026 di Reggio Emilia,1197,ERBA_MEDICA,Medica in produzione: ripresa vegetativa; Medica nuovo impianto: semina-emergenza
Bollettino 5 del 12 marzo 2026 di Reggio Emilia,1251,FRUMENTO,fine accestimento- levata
Bollettino 5 del 12 marzo 2026 di Reggio Emilia,1471,MAIS,pre-semina
Bollettino 5 del 12 marzo 2026 di Reggio Emilia,2166,MELO,punte verdi-orecchiette di topo
Bollettino 5 del 12 marzo 2026 di Reggio Emilia,2196,OLIVO,da riposo vegetativo a ripresa vegetativa
Bollettino 5 del 12 marzo 2026 di Reggio Emilia,2221,PERO,rottura gemma- mazzetti divaricati
Bollettino 5 del 12 marzo 2026 di Reggio Emilia,2267,VITE,gemma ferma -rigonfiamento gemma
Bollettino 5 del 12 marzo 2026 di Reggio Emilia,2317,FRUMENTO,fine accestimento-levata
Bollettino 5 del 12 marzo 2026 di Reggio Emilia,2337,BARBABIETOLA,semina-pre emergenza
Bollettino 5 del 12 marzo 2026 di Reggio Emilia,2349,ERBA_MEDICA,impianti vecchi ripresa vegetativa -impianti nuovi semina-emergenza
Bollettino 5 del 13 marzo 2026 di Parma,953,ALBICOCCO,fioritura
Bollettino 5 del 13 marzo 2026 di Parma,973,CILIEGIO,da bottoni rosa ad apertura gemme
Bollettino 5 del 13 marzo 2026 di Parma,993,MELO,da rigonfiamento gemme a punte verdi
Bollettino 5 del 13 marzo 2026 di Parma,1016,PERO,da apertura gemme a comparsa mazzetti fiorali
Bollettino 5 del 13 marzo 2026 di Parma,1059,PESCO,da bottone rosa a fioritura
Bollettino 5 del 13 marzo 2026 di Parma,1108,SUSINO_EUROPEO,da rottura gemme a bottone verde
Bollettino 5 del 13 marzo 2026 di Parma,1117,VITE,da gemma ferma a gemma cotonosa – pianto
Bollettino 5 del 13 marzo 2026 di Parma,1196,BARBABIETOLA,semina – pre-emergenza
Bollettino 5 del 13 marzo 2026 di Parma,1245,COLZA,sviluppo fogliare
Bollettino 5 del 13 marzo 2026 di Parma,1290,ERBA_MEDICA,medica in produzione: ripresa vegetativa; medica nuovo impianto: pre-semina - semina
Bollettino 5 del 13 marzo 2026 di Parma,1339,FRUMENTO,da accestimento a inizio levata
Bollettino 5 del 13 marzo 2026 di Parma,1561,MAIS,pre-semina
Bollettino 5 del 13 marzo 2026 di Parma,1578,PISELLO,sviluppo fogliare
Bollettino 5 del 13 marzo 2026 di Parma,1597,CIPOLLA,da semina a pre-emergenza
Bollettino 5 del 13 marzo 2026 di Parma,1622,POMODORO_INDUSTRIA,pre-trapianto
Bollettino 5 del 13 marzo 2026 di Parma,2288,ALBICOCCO,fioritura
Bollettino 5 del 13 marzo 2026 di Parma,2308,CILIEGIO,da bottoni rosa ad apertura gemme
Bollettino 5 del 13 marzo 2026 di Parma,2317,MELO,da rigonfiamento gemme a punte verdi
Bollettino 5 del 13 marzo 2026 di Parma,2332,PERO,da apertura gemme a comparsa mazzetti fiorali
Bollettino 5 del 13 marzo 2026 di Parma,2372,PESCO,da bottone rosa a fioritura
Bollettino 5 del 13 marzo 2026 di Parma,2401,SUSINO_EUROPEO,da rottura gemme a bottone verde
Bollettino 5 del 13 marzo 2026 di Parma,2410,VITE,da gemma ferma a gemma cotonosa – pianto
Bollettino 5 del 13 marzo 2026 di Parma,2464,ERBA_MEDICA,medica in produzione: ripresa vegetativa; medica nuovo impianto: pre-semina - semina
Bollettino 5 del 13 marzo 2026 di Parma,2490,FRUMENTO,da accestimento a inizio levata
Bollettino 5 del 13 marzo 2026 di Parma,2504,PISELLO,sviluppo fogliare
Bollettino 5 del 13 marzo 2026 di Parma,2544,PATATA,da pre-semina a semina
Bollettino 5 del 13 marzo 2026 di Parma,2555,POMODORO_INDUSTRIA,pre-trapianto
Bollettino 5 del 13 marzo 2026 di Piacenza,984,ALBICOCCO,fioritura
Bollettino 5 del 13 marzo 2026 di Piacenza,1004,CILIEGIO,da bottone rosa ad apertura gemme
Bollettino 5 del 13 marzo 2026 di Piacenza,1024,MELO,da rigonfiamento gemme a punte verdi
Bollettino 5 del 13 marzo 2026 di Piacenza,1047,PERO,da apertura gemme a comparsa mazzetti fiorali
Bollettino 5 del 13 marzo 2026 di Piacenza,1089,PESCO,da bottone rosa a fioritura
Bollettino 5 del 13 marzo 2026 di Piacenza,1134,SUSINO_EUROPEO,da rottura gemme a bottone verde
Bollettino 5 del 13 marzo 2026 di Piacenza,1143,VITE,da gemma ferma a gemma cotonosa – pianto
Bollettino 5 del 13 marzo 2026 di Piacenza,1221,BARBABIETOLA,semina – pre-emergenza
Bollettino 5 del 13 marzo 2026 di Piacenza,1273,COLZA,sviluppo fogliare
Bollettino 5 del 13 marzo 2026 di Piacenza,1310,ERBA_MEDICA,Medica in produzione: ripresa vegetativa; Medica nuovo impianto: pre-semina - semina
Bollettino 5 del 13 marzo 2026 di Piacenza,1363,FRUMENTO,da accestimento a inizio levata
Bollettino 5 del 13 marzo 2026 di Piacenza,1596,MAIS,pre-semina
Bollettino 5 del 13 marzo 2026 di Piacenza,1618,AGLIO,da post emergenza a 5-6 foglie
Bollettino 5 del 13 marzo 2026 di Piacenza,1656,CIPOLLA,Autunnale: 4-5 foglie – Primaverile: da semina a pre-emergenza
Bollettino 5 del 13 marzo 2026 di Piacenza,1734,PISELLO,da pre-semina a emergenza
Bollettino 5 del 13 marzo 2026 di Piacenza,1769,POMODORO_INDUSTRIA,pre-trapianto
Bollettino 5 del 13 marzo 2026 di Piacenza,2440,ALBICOCCO,fioritura
Bollettino 5 del 13 marzo 2026 di Piacenza,2460,CILIEGIO,da bottone rosa ad apertura gemme
Bollettino 5 del 13 marzo 2026 di Piacenza,2469,MELO,da rigonfiamento gemme a punte verdi
Bollettino 5 del 13 marzo 2026 di Piacenza,2484,PERO,da apertura gemme a comparsa mazzetti fiorali
Bollettino 5 del 13 marzo 2026 di Piacenza,2523,PESCO,da bottone rosa a fioritura
Bollettino 5 del 13 marzo 2026 di Piacenza,2554,SUSINO_EUROPEO,da rottura gemme a bottone verde
Bollettino 5 del 13 marzo 2026 di Piacenza,2563,VITE,da gemma ferma a gemma cotonosa – pianto
Bollettino 5 del 13 marzo 2026 di Piacenza,2621,ERBA_MEDICA,Medica in produzione: ripresa vegetativa; Medica nuovo impianto: pre-semina - semina
Bollettino 5 del 13 marzo 2026 di Piacenza,2648,FRUMENTO,da accestimento a inizio levata
Bollettino 5 del 13 marzo 2026 di Piacenza,2684,PATATA,da pre-semina a semina
Bollettino 5 del 13 marzo 2026 di Piacenza,2707,POMODORO_INDUSTRIA,pre-trapianto
Bollettino 6 del 17 marzo 2026 Modena,1003,ALBICOCCO,fine fioritura- completa caduta petali
Bollettino 6 del 17 marzo 2026 Modena,1030,CILIEGIO,bottone verde-bottone bianco
Bollettino 6 del 17 marzo 2026 Modena,1061,KAKI,punta verde-inizio germogliamento
Bollettino 6 del 17 marzo 2026 Modena,1070,MELO,punte verdi-comparsa bottoni fiorali
Bollettino 6 del 17 marzo 2026 Modena,1132,OLIVO,ripresa vegetativa
Bollettino 6 del 17 marzo 2026 Modena,1167,PERO,mazzetti divaricati-inizio fioritura
Bollettino 6 del 17 marzo 2026 Modena,1252,PESCO,fioritura-inizio caduta petali
Bollettino 6 del 17 marzo 2026 Modena,1312,SUSINO_CINO_GIAPPONESE,fioritura-caduta petali
Bollettino 6 del 17 marzo 2026 Modena,1340,SUSINO_EUROPEO,bottone verde-bottone bianco
Bollettino 6 del 17 marzo 2026 Modena,1363,VITE,rigonfiamento gemma-gemma cotonosa
Bollettino 6 del 17 marzo 2026 Modena,1422,BARBABIETOLA,emergenza - cotiledoni
Bollettino 6 del 17 marzo 2026 Modena,1478,COLZA,levata- bottoni fiorali uniti
Bollettino 6 del 17 marzo 2026 Modena,1520,ERBA_MEDICA,Medica in produzione: ripresa vegetativa; Medica nuovo impianto: pre-emergenza-emergenza
Bollettino 6 del 17 marzo 2026 Modena,1570,FRUMENTO,fine accestimento- levata
Bollettino 6 del 17 marzo 2026 Modena,1789,MAIS,pre-semina-semina
Bollettino 6 del 17 marzo 2026 Modena,1865,ANGURIA,pre-trapianto-trapianto
Bollettino 6 del 17 marzo 2026 Modena,1875,MELONE,pre-trapianto-trapianto
Bollettino 6 del 17 marzo 2026 Modena,2547,ALBICOCCO,fine fioritura-caduta petali
Bollettino 6 del 17 marzo 2026 Modena,2571,CILIEGIO,bottone verde-bottone bianco
Bollettino 6 del 17 marzo 2026 Modena,2582,KAKI,punta verde-inizio germogliamento
Bollettino 6 del 17 marzo 2026 Modena,2592,MELO,punte verdi-comparsa bottoni fiorali
Bollettino 6 del 17 marzo 2026 Modena,2631,OLIVO,ripresa vegetativa
Bollettino 6 del 17 marzo 2026 Modena,2656,PERO,mazzetti divaricati-inizio fioritura
Bollettino 6 del 17 marzo 2026 Modena,2706,PESCO,fioritura-inizio caduta petali
Bollettino 6 del 17 marzo 2026 Modena,2740,SUSINO_CINO_GIAPPONESE,fioritura-caduta petali
Bollettino 6 del 17 marzo 2026 Modena,2772,SUSINO_EUROPEO,bottone verde-bottone bianco
Bollettino 6 del 17 marzo 2026 Modena,2791,VITE,rigonfiamento gemma-gemma cotonosa
Bollettino 6 del 17 marzo 2026 Modena,2840,FRUMENTO,fine accestimento-levata
Bollettino 6 del 17 marzo 2026 Modena,2850,BARBABIETOLA,pre emergenza-emergenza
Bollettino 6 del 17 marzo 2026 Modena,2867,ERBA_MEDICA,impianti vecchi ripresa vegetativa -impianti nuovi semina-emergenza
Bollettino 6 del 17 marzo 2026 Modena,2912,ANGURIA,pre-trapianto-trapianto
Bollettino 6 del 17 marzo 2026 Modena,2916,MELONE,pre-trapianto-trapianto
Bollettino 6 del 18 marzo 2026 di Bologna e Ferrara,989,ACTINIDIA,ingrossamento gemme (cv verdi); inizio germogliamento (cv gialle)
Bollettino 6 del 18 marzo 2026 di Bologna e Ferrara,1008,ALBICOCCO,da fine fioritura a caduta petali
Bollettino 6 del 18 marzo 2026 di Bologna e Ferrara,1054,CILIEGIO,da gemma gonfia a bottone bianco
Bollettino 6 del 18 marzo 2026 di Bologna e Ferrara,1076,KAKI,gemma ingrossata
Bollettino 6 del 18 marzo 2026 di Bologna e Ferrara,1084,MELO,da punte verdi a comparsa mazzetti
Bollettino 6 del 18 marzo 2026 di Bologna e Ferrara,1152,OLIVO,ripresa vegetativa
Bollettino 6 del 18 marzo 2026 di Bologna e Ferrara,1158,PERO,da comparsa mazzetti fiorali a mazzetti divaricati
Bollettino 6 del 18 marzo 2026 di Bologna e Ferrara,1225,PESCO,da fioritura a inizio caduta petali
Bollettino 6 del 18 marzo 2026 di Bologna e Ferrara,1287,SUSINO_CINO_GIAPPONESE,da fioritura a inizio caduta petali
Bollettino 6 del 18 marzo 2026 di Bologna e Ferrara,1330,SUSINO_EUROPEO,da rottura gemme a bottone bianco
Bollettino 6 del 18 marzo 2026 di Bologna e Ferrara,1377,VITE,da rigonfiamento gemma a gemma cotonosa
Bollettino 6 del 18 marzo 2026 di Bologna e Ferrara,1432,BARBABIETOLA,da cotiledoni a 2 foglie vere
Bollettino 6 del 18 marzo 2026 di Bologna e Ferrara,1493,COLZA,levata
Bollettino 6 del 18 marzo 2026 di Bologna e Ferrara,1513,ERBA_MEDICA,Medica in produzione: ripresa vegetativa; Medica nuovo impianto: da semina a emergenza
Bollettino 6 del 18 marzo 2026 di Bologna e Ferrara,1570,FRUMENTO,da accestimento levata
Bollettino 6 del 18 marzo 2026 di Bologna e Ferrara,1790,MAIS,pre-semina
Bollettino 6 del 18 marzo 2026 di Bologna e Ferrara,1849,AGLIO,5/6 foglie
Bollettino 6 del 18 marzo 2026 di Bologna e Ferrara,1886,ASPARAGO,Pre-ricaccio
Bollettino 6 del 18 marzo 2026 di Bologna e Ferrara,1904,CAROTA,da pre-emergenza a sviluppo vegetativo
Bollettino 6 del 18 marzo 2026 di Bologna e Ferrara,1943,CIPOLLA,Autunnale: 5/6 foglie – Primaverile: pre-emergenza
Bollettino 6 del 18 marzo 2026 di Bologna e Ferrara,2020,PATATA,pre-emergenza
Bollettino 6 del 18 marzo 2026 di Bologna e Ferrara,2062,PISELLO,da semina a 2-4 foglie
Bollettino 6 del 18 marzo 2026 di Bologna e Ferrara,2115,POMODORO_INDUSTRIA,pre-trapianto
Bollettino 6 del 18 marzo 2026 di Bologna e Ferrara,2777,ACTINIDIA,ingrossamento gemme (cv verdi); inizio germogliamento (cv gialle)
Bollettino 6 del 18 marzo 2026 di Bologna e Ferrara,2796,ALBICOCCO,da fine fioritura a caduta petali
Bollettino 6 del 18 marzo 2026 di Bologna e Ferrara,2824,CILIEGIO,da gemma gonfia a bottone bianco
Bollettino 6 del 18 marzo 2026 di Bologna e Ferrara,2837,KAKI,gemma ingrossata
Bollettino 6 del 18 marzo 2026 di Bologna e Ferrara,2845,MELO,da punte verdi a comparsa mazzetti
Bollettino 6 del 18 marzo 2026 di Bologna e Ferrara,2886,OLIVO,ripresa vegetativa
Bollettino 6 del 18 marzo 2026 di Bologna e Ferrara,2891,PERO,da comparsa mazzetti fiorali a mazzetti divaricati
Bollettino 6 del 18 marzo 2026 di Bologna e Ferrara,2947,PESCO,da fioritura a inizio caduta petali
Bollettino 6 del 18 marzo 2026 di Bologna e Ferrara,2990,SUSINO_CINO_GIAPPONESE,da fioritura a inizio caduta petali
Bollettino 6 del 18 marzo 2026 di Bologna e Ferrara,3021,SUSINO_EUROPEO,da rottura gemme a bottone bianco
Bollettino 6 del 18 marzo 2026 di Bologna e Ferrara,3041,VITE,da gemma ferma a gemma cotonosa
Bollettino 6 del 18 marzo 2026 di Bologna e Ferrara,3088,BARBABIETOLA,da cotiledoni a 2 foglie vere
Bollettino 6 del 18 marzo 2026 di Bologna e Ferrara,3103,ERBA_MEDICA,Medica in produzione: ripresa vegetativa; Medica nuovo impianto: da semina a emergenza
Bollettino 6 del 18 marzo 2026 di Bologna e Ferrara,3132,FRUMENTO,da accestimento a inizio levata
Bollettino 6 del 18 marzo 2026 di Bologna e Ferrara,3142,MAIS,pre-semina
Bollettino 6 del 18 marzo 2026 di Bologna e Ferrara,3188,ASPARAGO,Pre-ricaccio
Bollettino 6 del 18 marzo 2026 di Bologna e Ferrara,3193,CAROTA,da pre-emergenza a sviluppo vegetativo
Bollettino 6 del 18 marzo 2026 di Bologna e Ferrara,3196,CIPOLLA,Autunnale: 5/6 foglie – Primaverile: pre-emergenza
Bollettino 6 del 18 marzo 2026 di Bologna e Ferrara,3233,PATATA,pre-emergenza
Bollettino 6 del 18 marzo 2026 di Bologna e Ferrara,3239,PISELLO,da semina a 2-4 foglie
Bollettino 6 del 18 marzo 2026 di Bologna e Ferrara,3246,POMODORO_INDUSTRIA,pre-trapianto
"Bollettino 6 del 18 marzo 2026 di Forlì-Cesena, Ravenna, Rimini",997,ACTINIDIA,ingrossamento gemme (cv verdi); inizio germogliamento (cv gialle)
"Bollettino 6 del 18 marzo 2026 di Forlì-Cesena, Ravenna, Rimini",1012,ALBICOCCO,da fioritura a caduta petali
"Bollettino 6 del 18 marzo 2026 di Forlì-Cesena, Ravenna, Rimini",1048,CILIEGIO,da bottone verde a bottone bianco
"Bollettino 6 del 18 marzo 2026 di Forlì-Cesena, Ravenna, Rimini",1068,KAKI,da punta verde ad inizio germogliamento
"Bollettino 6 del 18 marzo 2026 di Forlì-Cesena, Ravenna, Rimini",1075,MELO,da orecchiette di topo a comparsa dei mazzetti fiorali
"Bollettino 6 del 18 marzo 2026 di Forlì-Cesena, Ravenna, Rimini",1130,OLIVO,ripresa vegetativa
"Bollettino 6 del 18 marzo 2026 di Forlì-Cesena, Ravenna, Rimini",1165,PERO,da comparsa mazzetti fiorali ad inizio fioritura
"Bollettino 6 del 18 marzo 2026 di Forlì-Cesena, Ravenna, Rimini",1233,PESCO,da fioritura a caduta petali
"Bollettino 6 del 18 marzo 2026 di Forlì-Cesena, Ravenna, Rimini",1288,SUSINO_CINO_GIAPPONESE,da fioritura ad inizio caduta petali
"Bollettino 6 del 18 marzo 2026 di Forlì-Cesena, Ravenna, Rimini",1313,SUSINO_EUROPEO,da bottone verde a bottone bianco
"Bollettino 6 del 18 marzo 2026 di Forlì-Cesena, Ravenna, Rimini",1343,VITE,da rigonfiamento gemme a gemma cotonosa
"Bollettino 6 del 18 marzo 2026 di Forlì-Cesena, Ravenna, Rimini",1402,BARBABIETOLA,da cotiledoni a 2 foglie vere
"Bollettino 6 del 18 marzo 2026 di Forlì-Cesena, Ravenna, Rimini",1454,COLZA,levata
"Bollettino 6 del 18 marzo 2026 di Forlì-Cesena, Ravenna, Rimini",1485,ERBA_MEDICA,Medica in produzione: ripresa vegetativa; Medica nuovo impianto: da semina ad emergenza
"Bollettino 6 del 18 marzo 2026 di Forlì-Cesena, Ravenna, Rimini",1533,FRUMENTO,da fine accestimento a levata
"Bollettino 6 del 18 marzo 2026 di Forlì-Cesena, Ravenna, Rimini",1750,MAIS,pre-semina
"Bollettino 6 del 18 marzo 2026 di Forlì-Cesena, Ravenna, Rimini",1817,CIPOLLA,Autunnale: 5-6 foglie – Primaverile: pre-emergenza
"Bollettino 6 del 18 marzo 2026 di Forlì-Cesena, Ravenna, Rimini",1884,FRAGOLA,da accrescimento vegetativo a fioritura
"Bollettino 6 del 18 marzo 2026 di Forlì-Cesena, Ravenna, Rimini",1902,FRAGOLA,da ripresa vegetativa a pre-fioritura
"Bollettino 6 del 18 marzo 2026 di Forlì-Cesena, Ravenna, Rimini",1923,PATATA,pre-emergenza
"Bollettino 6 del 18 marzo 2026 di Forlì-Cesena, Ravenna, Rimini",1983,PISELLO,da semina a 2-4 foglie
"Bollettino 6 del 18 marzo 2026 di Forlì-Cesena, Ravenna, Rimini",2032,POMODORO_INDUSTRIA,pre-trapianto
"Bollettino 6 del 18 marzo 2026 di Forlì-Cesena, Ravenna, Rimini",2693,ACTINIDIA,ingrossamento gemme (cv verdi); inizio germogliamento (cv gialle)
"Bollettino 6 del 18 marzo 2026 di Forlì-Cesena, Ravenna, Rimini",2719,ALBICOCCO,da fioritura a caduta petali
"Bollettino 6 del 18 marzo 2026 di Forlì-Cesena, Ravenna, Rimini",2740,CILIEGIO,da bottone verde a bottone bianco
"Bollettino 6 del 18 marzo 2026 di Forlì-Cesena, Ravenna, Rimini",2753,KAKI,da punta verde ad inizio germogliamento
"Bollettino 6 del 18 marzo 2026 di Forlì-Cesena, Ravenna, Rimini",2771,MELO,da orecchiette di topo a comparsa dei mazzetti fiorali
"Bollettino 6 del 18 marzo 2026 di Forlì-Cesena, Ravenna, Rimini",2790,OLIVO,ripresa vegetativa
"Bollettino 6 del 18 marzo 2026 di Forlì-Cesena, Ravenna, Rimini",2825,PERO,da comparsa mazzetti fiorali ad inizio fioritura
"Bollettino 6 del 18 marzo 2026 di Forlì-Cesena, Ravenna, Rimini",2856,PESCO,da fioritura a caduta petali
"Bollettino 6 del 18 marzo 2026 di Forlì-Cesena, Ravenna, Rimini",2891,SUSINO_CINO_GIAPPONESE,da fioritura ad inizio caduta petali
"Bollettino 6 del 18 marzo 2026 di Forlì-Cesena, Ravenna, Rimini",2909,SUSINO_EUROPEO,da bottone verde a bottone bianco
"Bollettino 6 del 18 marzo 2026 di Forlì-Cesena, Ravenna, Rimini",2936,VITE,da rigonfiamento gemme a gemma cotonosa
"Bollettino 6 del 18 marzo 2026 di Forlì-Cesena, Ravenna, Rimini",2985,BARBABIETOLA,da cotiledoni a 2 foglie vere
"Bollettino 6 del 18 marzo 2026 di Forlì-Cesena, Ravenna, Rimini",2995,ERBA_MEDICA,Medica in produzione: ripresa vegetativa; Medica nuovo impianto: da semina a emergenza
"Bollettino 6 del 18 marzo 2026 di Forlì-Cesena, Ravenna, Rimini",3024,FRUMENTO,da fine accestimento a levata
"Bollettino 6 del 18 marzo 2026 di Forlì-Cesena, Ravenna, Rimini",3034,MAIS,pre-semina
"Bollettino 6 del 18 marzo 2026 di Forlì-Cesena, Ravenna, Rimini",3076,CIPOLLA,Autunnale: 5-6 foglie – Primaverile: pre-emergenza
"Bollettino 6 del 18 marzo 2026 di Forlì-Cesena, Ravenna, Rimini",3085,FRAGOLA,da accrescimento vegetativo a fioritura
"Bollettino 6 del 18 marzo 2026 di Forlì-Cesena, Ravenna, Rimini",3094,FRAGOLA,da ripresa vegetativa a fioritura
"Bollettino 6 del 18 marzo 2026 di Forlì-Cesena, Ravenna, Rimini",3112,PATATA,pre-emergenza
"Bollettino 6 del 18 marzo 2026 di Forlì-Cesena, Ravenna, Rimini",3117,PISELLO,da presemina a emergenza
"Bollettino 6 del 18 marzo 2026 di Forlì-Cesena, Ravenna, Rimini",3124,POMODORO_INDUSTRIA,pre-trapianto
Bollettino 6 del 19 marzo 2026 di Reggio Emilia,1002,MELO,punte verdi-comparsa bottoni fiorali
Bollettino 6 del 19 marzo 2026 di Reggio Emilia,1059,OLIVO,ripresa vegetativa
Bollettino 6 del 19 marzo 2026 di Reggio Emilia,1084,PERO,mazzetti divaricati-inizio fioritura
Bollettino 6 del 19 marzo 2026 di Reggio Emilia,1166,VITE,rigonfiamento gemma-rottura gemma
Bollettino 6 del 19 marzo 2026 di Reggio Emilia,1227,BARBABIETOLA,emergenza - cotiledoni
Bollettino 6 del 19 marzo 2026 di Reggio Emilia,1282,COLZA,levata- bottoni fiorali uniti
Bollettino 6 del 19 marzo 2026 di Reggio Emilia,1325,ERBA_MEDICA,Medica in produzione: ripresa vegetativa; Medica nuovo impianto: pre-emergenza-emergenza
Bollettino 6 del 19 marzo 2026 di Reggio Emilia,1373,FRUMENTO,fine accestimento- levata
Bollettino 6 del 19 marzo 2026 di Reggio Emilia,1591,MAIS,pre-semina-semina
Bollettino 6 del 19 marzo 2026 di Reggio Emilia,1666,ANGURIA,pre-trapianto-trapianto
Bollettino 6 del 19 marzo 2026 di Reggio Emilia,1670,MELONE,pre-trapianto-trapianto
Bollettino 6 del 19 marzo 2026 di Reggio Emilia,2340,MELO,punte verdi-comparsa bottoni fiorali
Bollettino 6 del 19 marzo 2026 di Reggio Emilia,2375,OLIVO,ripresa vegetativa
Bollettino 6 del 19 marzo 2026 di Reggio Emilia,2400,PERO,mazzetti divaricati-inizio fioritura
Bollettino 6 del 19 marzo 2026 di Reggio Emilia,2446,VITE,rigonfiamento gemma-rottura gemma
Bollettino 6 del 19 marzo 2026 di Reggio Emilia,2496,FRUMENTO,fine accestimento-levata
Bollettino 6 del 19 marzo 2026 di Reggio Emilia,2506,BARBABIETOLA,pre emergenza-emergenza
Bollettino 6 del 19 marzo 2026 di Reggio Emilia,2523,ERBA_MEDICA,impianti vecchi ripresa vegetativa -impianti nuovi semina-emergenza
Bollettino 6 del 19 marzo 2026 di Reggio Emilia,2568,ANGURIA,pre-trapianto-trapianto
Bollettino 6 del 19 marzo 2026 di Reggio Emilia,2572,MELONE,pre-trapianto-trapianto
Bollettino 6 del 20 marzo 2026 di Parma,979,ALBICOCCO,da fine fioritura a caduta petali
Bollettino 6 del 20 marzo 2026 di Parma,1015,CILIEGIO,da bottone verde ad inizio fioritura
Bollettino 6 del 20 marzo 2026 di Parma,1031,MELO,da punte verdi a mazzetti affioranti
Bollettino 6 del 20 marzo 2026 di Parma,1073,PERO,da comparsa mazzetti fiorali a mazzetti divaricati
Bollettino 6 del 20 marzo 2026 di Parma,1124,PESCO,fioritura
Bollettino 6 del 20 marzo 2026 di Parma,1175,SUSINO_EUROPEO,da bottone verde a inizio fioritura
Bollettino 6 del 20 marzo 2026 di Parma,1193,OLIVO,inizio ripresa vegetativa
Bollettino 6 del 20 marzo 2026 di Parma,1218,VITE,da gemma cotonosa a inizio apertura gemme – pianto
Bollettino 6 del 20 marzo 2026 di Parma,1288,BARBABIETOLA,pre-emergenza - emergenza
Bollettino 6 del 20 marzo 2026 di Parma,1347,COLZA,levata – comparsa capolini fiorali
Bollettino 6 del 20 marzo 2026 di Parma,1376,ERBA_MEDICA,medica in produzione: sviluppo vegetativo; medica nuovo impianto: da semina ad emergenza
Bollettino 6 del 20 marzo 2026 di Parma,1417,FRUMENTO,da fine accestimento a levata
Bollettino 6 del 20 marzo 2026 di Parma,1639,MAIS,pre-semina
Bollettino 6 del 20 marzo 2026 di Parma,1693,PISELLO,sviluppo fogliare
Bollettino 6 del 20 marzo 2026 di Parma,1702,CIPOLLA,da pre-emergenza a emergenza
Bollettino 6 del 20 marzo 2026 di Parma,1727,POMODORO_INDUSTRIA,pre-trapianto
Bollettino 6 del 20 marzo 2026 di Parma,2393,ALBICOCCO,da fine fioritura a caduta petali
Bollettino 6 del 20 marzo 2026 di Parma,2417,CILIEGIO,da bottone verde ad inizio fioritura
Bollettino 6 del 20 marzo 2026 di Parma,2425,MELO,da punte verdi a mazzetti affioranti
Bollettino 6 del 20 marzo 2026 di Parma,2434,PERO,da comparsa mazzetti fiorali a mazzetti divaricati
Bollettino 6 del 20 marzo 2026 di Parma,2471,PESCO,fioritura
Bollettino 6 del 20 marzo 2026 di Parma,2500,SUSINO_EUROPEO,da bottone verde a inizio fioritura
Bollettino 6 del 20 marzo 2026 di Parma,2510,OLIVO,inizio ripresa vegetativa
Bollettino 6 del 20 marzo 2026 di Parma,2525,VITE,da gemma cotonosa a inizio apertura gemme – pianto
Bollettino 6 del 20 marzo 2026 di Parma,2595,ERBA_MEDICA,medica in produzione: sviluppo vegetativo; medica nuovo impianto: da semina a emergenza
Bollettino 6 del 20 marzo 2026 di Parma,2615,FRUMENTO,da fine accestimento a levata
Bollettino 6 del 20 marzo 2026 di Parma,2618,PISELLO,sviluppo fogliare
Bollettino 6 del 20 marzo 2026 di Parma,2658,PATATA,da pre-semina a semina
Bollettino 6 del 20 marzo 2026 di Parma,2680,POMODORO_INDUSTRIA,pre-trapianto
Bollettino 6 del 20 marzo 2026 di Piacenza,1001,ALBICOCCO,da fine fioritura a caduta petali
Bollettino 6 del 20 marzo 2026 di Piacenza,1037,CILIEGIO,da bottone verde a inizio fioritura
Bollettino 6 del 20 marzo 2026 di Piacenza,1053,MELO,da punte verdi a mazzetti affioranti
Bollettino 6 del 20 marzo 2026 di Piacenza,1095,PERO,da comparsa mazzetti fiorali a mazzetti divaricati
Bollettino 6 del 20 marzo 2026 di Piacenza,1145,PESCO,fioritura
Bollettino 6 del 20 marzo 2026 di Piacenza,1190,SUSINO_EUROPEO,da bottone verde a inizio fioritura
Bollettino 6 del 20 marzo 2026 di Piacenza,1208,OLIVO,inizio ripresa vegetativa
Bollettino 6 del 20 marzo 2026 di Piacenza,1232,VITE,da gemma cotonosa a inizio apertura gemme – pianto
Bollettino 6 del 20 marzo 2026 di Piacenza,1304,BARBABIETOLA,pre-emergenza - emergenza
Bollettino 6 del 20 marzo 2026 di Piacenza,1363,COLZA,levata – comparsa capolini fiorali
Bollettino 6 del 20 marzo 2026 di Piacenza,1395,ERBA_MEDICA,medica in produzione: sviluppo vegetativo; medica nuovo impianto: da semina ad emergenza
Bollettino 6 del 20 marzo 2026 di Piacenza,1436,FRUMENTO,da fine accestimento a levata
Bollettino 6 del 20 marzo 2026 di Piacenza,1661,MAIS,pre-semina
Bollettino 6 del 20 marzo 2026 di Piacenza,1719,PISELLO,sviluppo fogliare
Bollettino 6 del 20 marzo 2026 di Piacenza,1728,AGLIO,da post emergenza a 5-6 foglie
Bollettino 6 del 20 marzo 2026 di Piacenza,1765,CIPOLLA,da pre-emergenza a emergenza
Bollettino 6 del 20 marzo 2026 di Piacenza,1828,PISELLO,da pre-semina a emergenza
Bollettino 6 del 20 marzo 2026 di Piacenza,1863,POMODORO_INDUSTRIA,pre-trapianto
Bollettino 6 del 20 marzo 2026 di Piacenza,2538,ALBICOCCO,da fine fioritura a caduta petali
Bollettino 6 del 20 marzo 2026 di Piacenza,2551,CILIEGIO,da bottone verde a inizio fioritura
Bollettino 6 del 20 marzo 2026 di Piacenza,2560,MELO,da comparsa mazzetti fiorali a mazzetti divaricati
Bollettino 6 del 20 marzo 2026 di Piacenza,2569,PERO,da comparsa mazzetti fiorali a mazzetti divaricati
Bollettino 6 del 20 marzo 2026 di Piacenza,2606,PESCO,fioritura
Bollettino 6 del 20 marzo 2026 di Piacenza,2638,SUSINO_EUROPEO,da bottone verde a inizio fioritura
Bollettino 6 del 20 marzo 2026 di Piacenza,2648,OLIVO,inizio ripresa vegetativa
Bollettino 6 del 20 marzo 2026 di Piacenza,2662,VITE,da gemma cotonosa a inizio apertura gemme – pianto
Bollettino 6 del 20 marzo 2026 di Piacenza,2734,ERBA_MEDICA,medica in produzione: sviluppo vegetativo; medica nuovo impianto: da semina a emergenza
Bollettino 6 del 20 marzo 2026 di Piacenza,2754,FRUMENTO,da fine accestimento a levata
Bollettino 6 del 20 marzo 2026 di Piacenza,2789,PATATA,da pre-semina a semina
Bollettino 6 del 20 marzo 2026 di Piacenza,2801,POMODORO_INDUSTRIA,pre-trapianto
Bollettino 7 del 25 marzo 2026 di Bologna e Ferrara,973,ACTINIDIA,inizio germogliamento (cv verdi); 5-7 cm (cv gialle)
Bollettino 7 del 25 marzo 2026 di Bologna e Ferrara,990,ALBICOCCO,da caduta petali ad scamiciatura
Bollettino 7 del 25 marzo 2026 di Bologna e Ferrara,1036,CILIEGIO,da bottone bianco a fioritura
Bollettino 7 del 25 marzo 2026 di Bologna e Ferrara,1061,KAKI,inizio germogliamento
Bollettino 7 del 25 marzo 2026 di Bologna e Ferrara,1067,MELO,da mazzetti affioranti a inizio fioritura
Bollettino 7 del 25 marzo 2026 di Bologna e Ferrara,1118,OLIVO,ripresa vegetativa
Bollettino 7 del 25 marzo 2026 di Bologna e Ferrara,1123,PERO,fioritura
Bollettino 7 del 25 marzo 2026 di Bologna e Ferrara,1174,PESCO,da fioritura ad allegagione
Bollettino 7 del 25 marzo 2026 di Bologna e Ferrara,1236,SUSINO_CINO_GIAPPONESE,da caduta petali ad allegagione
Bollettino 7 del 25 marzo 2026 di Bologna e Ferrara,1264,SUSINO_EUROPEO,da bottone bianco a fioritura
Bollettino 7 del 25 marzo 2026 di Bologna e Ferrara,1285,VITE,da gemma cotonosa a inizio germogliamento
Bollettino 7 del 25 marzo 2026 di Bologna e Ferrara,1352,BARBABIETOLA,da cotiledoni a 2-4 foglie
Bollettino 7 del 25 marzo 2026 di Bologna e Ferrara,1428,COLZA,da bottoni fiorali uniti a inizio fioritura
Bollettino 7 del 25 marzo 2026 di Bologna e Ferrara,1452,ERBA_MEDICA,Medica in produzione: accrescimento; Medica nuovo impianto: da emergenza a prima foglia
Bollettino 7 del 25 marzo 2026 di Bologna e Ferrara,1518,FRUMENTO,levata
Bollettino 7 del 25 marzo 2026 di Bologna e Ferrara,1738,GIRASOLE,Pre-semina
Bollettino 7 del 25 marzo 2026 di Bologna e Ferrara,1761,MAIS,da presemina a semina
Bollettino 7 del 25 marzo 2026 di Bologna e Ferrara,1884,SORGO,Pre-semina
Bollettino 7 del 25 marzo 2026 di Bologna e Ferrara,1906,AGLIO,5/6 foglie
Bollettino 7 del 25 marzo 2026 di Bologna e Ferrara,1949,ANGURIA,pre-trapianto – trapianto
Bollettino 7 del 25 marzo 2026 di Bologna e Ferrara,1959,ASPARAGO,impianti in produzione: emissione turione – nuovi impianti: messa a dimora delle zampe
Bollettino 7 del 25 marzo 2026 di Bologna e Ferrara,1982,CAROTA,da pre-emergenza a sviluppo vegetativo
Bollettino 7 del 25 marzo 2026 di Bologna e Ferrara,2005,CIPOLLA,Autunnale: 6/10 foglie – Primaverile: da emergenza a foglia frusta
Bollettino 7 del 25 marzo 2026 di Bologna e Ferrara,2044,MELONE,pre-trapianto – trapianto
Bollettino 7 del 25 marzo 2026 di Bologna e Ferrara,2054,PATATA,pre-emergenza
Bollettino 7 del 25 marzo 2026 di Bologna e Ferrara,2096,PISELLO,da semina a 2-4 foglie
Bollettino 7 del 25 marzo 2026 di Bologna e Ferrara,2137,POMODORO_INDUSTRIA,pre-trapianto
Bollettino 7 del 25 marzo 2026 di Bologna e Ferrara,2819,ACTINIDIA,inizio germogliamento (cv verdi); 5-7 cm (cv gialle)
Bollettino 7 del 25 marzo 2026 di Bologna e Ferrara,2842,ALBICOCCO,da caduta petali a scamiciatura
Bollettino 7 del 25 marzo 2026 di Bologna e Ferrara,2848,CILIEGIO,da bottone bianco fioritura
Bollettino 7 del 25 marzo 2026 di Bologna e Ferrara,2855,KAKI,inizio germogliamento
Bollettino 7 del 25 marzo 2026 di Bologna e Ferrara,2861,MELO,da mazzetti affioranti a inizio fioritura
Bollettino 7 del 25 marzo 2026 di Bologna e Ferrara,2893,OLIVO,ripresa vegetativa
Bollettino 7 del 25 marzo 2026 di Bologna e Ferrara,2898,PERO,fioritura
Bollettino 7 del 25 marzo 2026 di Bologna e Ferrara,2923,PESCO,da fioritura ad allegagione
Bollettino 7 del 25 marzo 2026 di Bologna e Ferrara,2962,SUSINO_CINO_GIAPPONESE,da caduta petali ad allegagione
Bollettino 7 del 25 marzo 2026 di Bologna e Ferrara,2973,SUSINO_EUROPEO,da bottone bianco a fioritura
Bollettino 7 del 25 marzo 2026 di Bologna e Ferrara,2997,VITE,da gemma cotonosa a inizio germogliamento
Bollettino 7 del 25 marzo 2026 di Bologna e Ferrara,3051,BARBABIETOLA,da cotiledoni a 2-4 foglie
Bollettino 7 del 25 marzo 2026 di Bologna e Ferrara,3058,ERBA_MEDICA,Medica in produzione: ripresa vegetativa; Medica nuovo impianto: da emergenza a prima foglia
Bollettino 7 del 25 marzo 2026 di Bologna e Ferrara,3062,FRUMENTO,levata
Bollettino 7 del 25 marzo 2026 di Bologna e Ferrara,3072,GIRASOLE,presemina
Bollettino 7 del 25 marzo 2026 di Bologna e Ferrara,3093,MAIS,da presemina a semina
Bollettino 7 del 25 marzo 2026 di Bologna e Ferrara,3106,SORGO,Pre-semina
Bollettino 7 del 25 marzo 2026 di Bologna e Ferrara,3147,ANGURIA,pre-trapianto – trapianto
Bollettino 7 del 25 marzo 2026 di Bologna e Ferrara,3151,ASPARAGO,impianti in produzione: emissione turione – nuovi impianti: messa a dimora delle zampe
Bollettino 7 del 25 marzo 2026 di Bologna e Ferrara,3163,CAROTA,da pre-emergenza a sviluppo vegetativo
Bollettino 7 del 25 marzo 2026 di Bologna e Ferrara,3166,CIPOLLA,Autunnale: 6/10 foglie – Primaverile: da emergenza a foglia frusta
Bollettino 7 del 25 marzo 2026 di Bologna e Ferrara,3187,MELONE,Pre-trapianto – Trapianto
Bollettino 7 del 25 marzo 2026 di Bologna e Ferrara,3191,PATATA,pre-emergenza
Bollettino 7 del 25 marzo 2026 di Bologna e Ferrara,3197,PISELLO,da semina a 2-4 foglie
Bollettino 7 del 25 marzo 2026 di Bologna e Ferrara,3204,POMODORO_INDUSTRIA,pre-trapianto
"Bollettino 7 del 25 marzo 2026 di Forlì-Cesena, Ravenna, Rimini",988,ACTINIDIA,inizio germogliamento
"Bollettino 7 del 25 marzo 2026 di Forlì-Cesena, Ravenna, Rimini",1015,ALBICOCCO,da caduta petali a scamiciatura
"Bollettino 7 del 25 marzo 2026 di Forlì-Cesena, Ravenna, Rimini",1061,CILIEGIO,da bottone bianco ad inizio fioritura
"Bollettino 7 del 25 marzo 2026 di Forlì-Cesena, Ravenna, Rimini",1078,KAKI,germogliamento
"Bollettino 7 del 25 marzo 2026 di Forlì-Cesena, Ravenna, Rimini",1084,MELO,da mazzetti affioranti a inizio fioritura
"Bollettino 7 del 25 marzo 2026 di Forlì-Cesena, Ravenna, Rimini",1146,OLIVO,ripresa vegetativa
"Bollettino 7 del 25 marzo 2026 di Forlì-Cesena, Ravenna, Rimini",1181,PERO,da mazzetti divaricati a fioritura
"Bollettino 7 del 25 marzo 2026 di Forlì-Cesena, Ravenna, Rimini",1241,PESCO,da fioritura ad allegagione
"Bollettino 7 del 25 marzo 2026 di Forlì-Cesena, Ravenna, Rimini",1300,SUSINO_CINO_GIAPPONESE,da fioritura ad allegagione
"Bollettino 7 del 25 marzo 2026 di Forlì-Cesena, Ravenna, Rimini",1331,SUSINO_EUROPEO,da bottone bianco a inizio fioritura
"Bollettino 7 del 25 marzo 2026 di Forlì-Cesena, Ravenna, Rimini",1359,VITE,da gemma cotonosa ad inizio germogliamento
"Bollettino 7 del 25 marzo 2026 di Forlì-Cesena, Ravenna, Rimini",1418,BARBABIETOLA,da cotiledoni a 2-4 foglie vere
"Bollettino 7 del 25 marzo 2026 di Forlì-Cesena, Ravenna, Rimini",1476,COLZA,da bottoni fiorali uniti a inizio fioritura
"Bollettino 7 del 25 marzo 2026 di Forlì-Cesena, Ravenna, Rimini",1510,ERBA_MEDICA,Medica in produzione: accrescimento; Medica nuovo impianto: da semina a emergenza
"Bollettino 7 del 25 marzo 2026 di Forlì-Cesena, Ravenna, Rimini",1581,FRUMENTO,levata
"Bollettino 7 del 25 marzo 2026 di Forlì-Cesena, Ravenna, Rimini",1797,GIRASOLE,pre-semina
"Bollettino 7 del 25 marzo 2026 di Forlì-Cesena, Ravenna, Rimini",1810,MAIS,da pre-semina a semina
"Bollettino 7 del 25 marzo 2026 di Forlì-Cesena, Ravenna, Rimini",1932,SORGO,pre-semina
"Bollettino 7 del 25 marzo 2026 di Forlì-Cesena, Ravenna, Rimini",1965,CIPOLLA,Autunnale: 6-10 foglie – Primaverile: da emergenza a 2 foglie
"Bollettino 7 del 25 marzo 2026 di Forlì-Cesena, Ravenna, Rimini",2006,FRAGOLA,da fioritura ad allegagione
"Bollettino 7 del 25 marzo 2026 di Forlì-Cesena, Ravenna, Rimini",2026,FRAGOLA,da ripresa vegetativa a pre-fioritura
"Bollettino 7 del 25 marzo 2026 di Forlì-Cesena, Ravenna, Rimini",2048,PATATA,pre-emergenza
"Bollettino 7 del 25 marzo 2026 di Forlì-Cesena, Ravenna, Rimini",2081,PISELLO,da semina a sviluppo vegetativo
"Bollettino 7 del 25 marzo 2026 di Forlì-Cesena, Ravenna, Rimini",2133,POMODORO_INDUSTRIA,pre-trapianto
"Bollettino 7 del 25 marzo 2026 di Forlì-Cesena, Ravenna, Rimini",2817,ACTINIDIA,inizio germogliamento
"Bollettino 7 del 25 marzo 2026 di Forlì-Cesena, Ravenna, Rimini",2841,ALBICOCCO,da caduta petali a scamiciatura
"Bollettino 7 del 25 marzo 2026 di Forlì-Cesena, Ravenna, Rimini",2867,CILIEGIO,da bottone bianco ad inizio fioritura
"Bollettino 7 del 25 marzo 2026 di Forlì-Cesena, Ravenna, Rimini",2887,KAKI,inizio germogliamento
"Bollettino 7 del 25 marzo 2026 di Forlì-Cesena, Ravenna, Rimini",2893,MELO,da mazzetti affioranti a inizio fioritura
"Bollettino 7 del 25 marzo 2026 di Forlì-Cesena, Ravenna, Rimini",2925,OLIVO,ripresa vegetativa
"Bollettino 7 del 25 marzo 2026 di Forlì-Cesena, Ravenna, Rimini",2960,PERO,da comparsa mazzetti fiorali ad inizio fioritura
"Bollettino 7 del 25 marzo 2026 di Forlì-Cesena, Ravenna, Rimini",2994,PESCO,da fioritura ad allegagione
"Bollettino 7 del 25 marzo 2026 di Forlì-Cesena, Ravenna, Rimini",3019,SUSINO_CINO_GIAPPONESE,da fioritura ad allegagione
"Bollettino 7 del 25 marzo 2026 di Forlì-Cesena, Ravenna, Rimini",3051,SUSINO_EUROPEO,da bottone bianco a inizio fioritura
"Bollettino 7 del 25 marzo 2026 di Forlì-Cesena, Ravenna, Rimini",3066,VITE,da gemma cotonosa ad inizio germogliamento
"Bollettino 7 del 25 marzo 2026 di Forlì-Cesena, Ravenna, Rimini",3112,BARBABIETOLA,da cotiledoni a 2-4 foglie vere
"Bollettino 7 del 25 marzo 2026 di Forlì-Cesena, Ravenna, Rimini",3122,ERBA_MEDICA,Medica in produzione: accrescimento; Medica nuovo impianto: da emergenza a prima foglia
"Bollettino 7 del 25 marzo 2026 di Forlì-Cesena, Ravenna, Rimini",3126,FRUMENTO,levata
"Bollettino 7 del 25 marzo 2026 di Forlì-Cesena, Ravenna, Rimini",3147,GIRASOLE,pre-semina
"Bollettino 7 del 25 marzo 2026 di Forlì-Cesena, Ravenna, Rimini",3160,MAIS,da pre-semina a semina
"Bollettino 7 del 25 marzo 2026 di Forlì-Cesena, Ravenna, Rimini",3182,SORGO,Pre-semina
"Bollettino 7 del 25 marzo 2026 di Forlì-Cesena, Ravenna, Rimini",3224,CIPOLLA,Autunnale: 6-10 foglie – Primaverile: da emergenza a 2 foglie
"Bollettino 7 del 25 marzo 2026 di Forlì-Cesena, Ravenna, Rimini",3233,FRAGOLA,da fioritura ad allegagione
"Bollettino 7 del 25 marzo 2026 di Forlì-Cesena, Ravenna, Rimini",3243,FRAGOLA,da ripresa vegetativa a pre-fioritura
"Bollettino 7 del 25 marzo 2026 di Forlì-Cesena, Ravenna, Rimini",3252,PATATA,pre-emergenza
"Bollettino 7 del 25 marzo 2026 di Forlì-Cesena, Ravenna, Rimini",3257,PISELLO,da semina a sviluppo vegetativo
"Bollettino 7 del 25 marzo 2026 di Forlì-Cesena, Ravenna, Rimini",3274,POMODORO_INDUSTRIA,pre-trapianto
Bollettino 7 del 27 marzo 2026 di Parma,971,ALBICOCCO,allegagione
Bollettino 7 del 27 marzo 2026 di Parma,991,CILIEGIO,da bottone bianco a fioritura
Bollettino 7 del 27 marzo 2026 di Parma,1007,MELO,da mazzetti affioranti a bottone rosa
Bollettino 7 del 27 marzo 2026 di Parma,1052,PERO,da mazzetti divaricati a fioritura
Bollettino 7 del 27 marzo 2026 di Parma,1095,PESCO,da fioritura a caduta petali
Bollettino 7 del 27 marzo 2026 di Parma,1152,SUSINO_EUROPEO,da bottone bianco a fioritura
Bollettino 7 del 27 marzo 2026 di Parma,1169,OLIVO,ripresa vegetativa
Bollettino 7 del 27 marzo 2026 di Parma,1193,VITE,da gemma cotonosa ad apertura gemme
Bollettino 7 del 27 marzo 2026 di Parma,1278,BARBABIETOLA,emergenza
Bollettino 7 del 27 marzo 2026 di Parma,1335,COLZA,da comparsa capolini fiorali a bottoni fiorali uniti
Bollettino 7 del 27 marzo 2026 di Parma,1358,ERBA_MEDICA,medica in produzione: sviluppo vegetativo; medica nuovo impianto: da pre-emergenza a emergenza
Bollettino 7 del 27 marzo 2026 di Parma,1432,FRUMENTO,levata
Bollettino 7 del 27 marzo 2026 di Parma,1650,GIRASOLE,pre-semina
Bollettino 7 del 27 marzo 2026 di Parma,1663,MAIS,da pre-semina a semina
Bollettino 7 del 27 marzo 2026 di Parma,1800,CIPOLLA,da pre-emergenza a emergenza
Bollettino 7 del 27 marzo 2026 di Parma,1814,POMODORO_INDUSTRIA,pre-trapianto
Bollettino 7 del 27 marzo 2026 di Parma,2549,ALBICOCCO,allegagione
Bollettino 7 del 27 marzo 2026 di Parma,2557,CILIEGIO,da bottone bianco a fioritura
Bollettino 7 del 27 marzo 2026 di Parma,2565,MELO,da mazzetti affioranti a bottone rosa
Bollettino 7 del 27 marzo 2026 di Parma,2576,PERO,da mazzetti divaricati a fioritura
Bollettino 7 del 27 marzo 2026 di Parma,2606,PESCO,da fioritura a caduta petali
Bollettino 7 del 27 marzo 2026 di Parma,2644,SUSINO_EUROPEO,da bottone bianco a fioritura
Bollettino 7 del 27 marzo 2026 di Parma,2653,OLIVO,ripresa vegetativa
Bollettino 7 del 27 marzo 2026 di Parma,2668,VITE,da gemma cotonosa ad apertura gemme
Bollettino 7 del 27 marzo 2026 di Parma,2742,ERBA_MEDICA,medica in produzione: sviluppo vegetativo; medica nuovo impianto: da semina a emergenza
Bollettino 7 del 27 marzo 2026 di Parma,2749,FRUMENTO,levata
Bollettino 7 del 27 marzo 2026 di Parma,2752,GIRASOLE,pre-semina
Bollettino 7 del 27 marzo 2026 di Parma,2798,PATATA,da pre-semina a semina
Bollettino 7 del 27 marzo 2026 di Parma,2819,POMODORO_INDUSTRIA,pre-trapianto
Bollettino 7 del 27 marzo 2026 di Piacenza,1010,ALBICOCCO,allegagione
Bollettino 7 del 27 marzo 2026 di Piacenza,1019,CILIEGIO,da bottone bianco a fioritura
Bollettino 7 del 27 marzo 2026 di Piacenza,1035,MELO,da mazzetti affioranti a bottone rosa
Bollettino 7 del 27 marzo 2026 di Piacenza,1080,PERO,da mazzetti divaricati a fioritura
Bollettino 7 del 27 marzo 2026 di Piacenza,1125,PESCO,da fioritura a caduta petali
Bollettino 7 del 27 marzo 2026 di Piacenza,1182,SUSINO_EUROPEO,da bottone bianco a fioritura
Bollettino 7 del 27 marzo 2026 di Piacenza,1209,OLIVO,ripresa vegetativa
Bollettino 7 del 27 marzo 2026 di Piacenza,1224,VITE,da gemma cotonosa ad apertura gemme
Bollettino 7 del 27 marzo 2026 di Piacenza,1310,BARBABIETOLA,emergenza
Bollettino 7 del 27 marzo 2026 di Piacenza,1367,COLZA,da comparsa capolini fiorali a bottoni fiorali uniti
Bollettino 7 del 27 marzo 2026 di Piacenza,1390,ERBA_MEDICA,medica in produzione: sviluppo vegetativo; medica nuovo impianto: da pre-emergenza a emergenza
Bollettino 7 del 27 marzo 2026 di Piacenza,1456,FRUMENTO,levata
Bollettino 7 del 27 marzo 2026 di Piacenza,1692,GIRASOLE,pre-semina
Bollettino 7 del 27 marzo 2026 di Piacenza,1705,MAIS,da pre-semina a semina
Bollettino 7 del 27 marzo 2026 di Piacenza,1831,AGLIO,da post emergenza a 5-6 foglie
Bollettino 7 del 27 marzo 2026 di Piacenza,1877,CIPOLLA,Autunnale: 6/10 foglie. Primaverile: da emergenza a foglia frusta
Bollettino 7 del 27 marzo 2026 di Piacenza,1916,PISELLO,da semina a emergenza
Bollettino 7 del 27 marzo 2026 di Piacenza,1967,POMODORO_INDUSTRIA,pre-trapianto
Bollettino 7 del 27 marzo 2026 di Piacenza,2703,ALBICOCCO,allegagione
Bollettino 7 del 27 marzo 2026 di Piacenza,2711,CILIEGIO,da bottone bianco a fioritura
Bollettino 7 del 27 marzo 2026 di Piacenza,2720,MELO,da mazzetti affioranti a bottone rosa
Bollettino 7 del 27 marzo 2026 di Piacenza,2743,PERO,da mazzetti divaricati a fioritura
Bollettino 7 del 27 marzo 2026 di Piacenza,2763,PESCO,da fioritura a caduta petali
Bollettino 7 del 27 marzo 2026 di Piacenza,2802,SUSINO_EUROPEO,da bottone bianco a fioritura
Bollettino 7 del 27 marzo 2026 di Piacenza,2811,OLIVO,ripresa vegetativa
Bollettino 7 del 27 marzo 2026 di Piacenza,2835,VITE,da gemma cotonosa ad apertura gemme
Bollettino 7 del 27 marzo 2026 di Piacenza,2901,ERBA_MEDICA,medica in produzione: sviluppo vegetativo; medica nuovo impianto: da pre-emergenza a emergenza
Bollettino 7 del 27 marzo 2026 di Piacenza,2906,FRUMENTO,levata
Bollettino 7 del 27 marzo 2026 di Piacenza,2909,GIRASOLE,pre-semina
Bollettino 7 del 27 marzo 2026 di Piacenza,2953,PATATA,da pre-semina a semina
Bollettino 7 del 27 marzo 2026 di Piacenza,2975,POMODORO_INDUSTRIA,pre-trapianto
Bollettino 8 del 1 aprile 2026 di Bologna e Ferrara,959,ACTINIDIA,germogliamento
Bollettino 8 del 1 aprile 2026 di Bologna e Ferrara,979,ALBICOCCO,scamiciatura
Bollettino 8 del 1 aprile 2026 di Bologna e Ferrara,1027,CILIEGIO,fioritura
Bollettino 8 del 1 aprile 2026 di Bologna e Ferrara,1049,KAKI,germogliamento
Bollettino 8 del 1 aprile 2026 di Bologna e Ferrara,1065,MELO,da bottoni rosa a fioritura
Bollettino 8 del 1 aprile 2026 di Bologna e Ferrara,1122,NOCE,inizio germogliamento
Bollettino 8 del 1 aprile 2026 di Bologna e Ferrara,1128,OLIVO,ripresa vegetativa
Bollettino 8 del 1 aprile 2026 di Bologna e Ferrara,1133,PERO,fioritura
Bollettino 8 del 1 aprile 2026 di Bologna e Ferrara,1189,PESCO,da caduta petali ad allegagione
Bollettino 8 del 1 aprile 2026 di Bologna e Ferrara,1251,SUSINO_CINO_GIAPPONESE,allegagione
Bollettino 8 del 1 aprile 2026 di Bologna e Ferrara,1285,SUSINO_EUROPEO,da fioritura a caduta petali
Bollettino 8 del 1 aprile 2026 di Bologna e Ferrara,1314,VITE,da gemma cotonosa a inizio germogliamento
Bollettino 8 del 1 aprile 2026 di Bologna e Ferrara,1380,BARBABIETOLA,da 2 a 4 foglie
Bollettino 8 del 1 aprile 2026 di Bologna e Ferrara,1436,COLZA,fioritura
Bollettino 8 del 1 aprile 2026 di Bologna e Ferrara,1439,ERBA_MEDICA,Medica in produzione: accrescimento; Medica nuovo impianto: da emergenza a prima foglia
Bollettino 8 del 1 aprile 2026 di Bologna e Ferrara,1500,FRUMENTO,levata
Bollettino 8 del 1 aprile 2026 di Bologna e Ferrara,1518,GIRASOLE,Pre-semina
Bollettino 8 del 1 aprile 2026 di Bologna e Ferrara,1531,MAIS,da presemina a pre-emergenza
Bollettino 8 del 1 aprile 2026 di Bologna e Ferrara,1653,SOIA,Pre-semina
Bollettino 8 del 1 aprile 2026 di Bologna e Ferrara,1680,SORGO,Pre-semina
Bollettino 8 del 1 aprile 2026 di Bologna e Ferrara,1702,AGLIO,6/7 foglie
Bollettino 8 del 1 aprile 2026 di Bologna e Ferrara,1726,ANGURIA,pre-trapianto – trapianto
Bollettino 8 del 1 aprile 2026 di Bologna e Ferrara,1736,ASPARAGO,impianti in produzione: emissione turione – nuovi impianti: messa a dimora delle zampe
Bollettino 8 del 1 aprile 2026 di Bologna e Ferrara,1749,CAROTA,da emergenza a sviluppo vegetativo
Bollettino 8 del 1 aprile 2026 di Bologna e Ferrara,1783,CIPOLLA,Autunnale: 6/10 foglie – Primaverile: da emergenza a foglia frusta
Bollettino 8 del 1 aprile 2026 di Bologna e Ferrara,1800,MELONE,pre-trapianto – trapianto
Bollettino 8 del 1 aprile 2026 di Bologna e Ferrara,1810,PATATA,pre-emergenza
Bollettino 8 del 1 aprile 2026 di Bologna e Ferrara,1865,PISELLO,da semina a sviluppo vegetativo
Bollettino 8 del 1 aprile 2026 di Bologna e Ferrara,1916,POMODORO_INDUSTRIA,pre-trapianto
Bollettino 8 del 1 aprile 2026 di Bologna e Ferrara,2607,ACTINIDIA,germogliamento
Bollettino 8 del 1 aprile 2026 di Bologna e Ferrara,2620,ALBICOCCO,scamiciatura
Bollettino 8 del 1 aprile 2026 di Bologna e Ferrara,2654,CILIEGIO,fioritura
Bollettino 8 del 1 aprile 2026 di Bologna e Ferrara,2662,KAKI,germogliamento
Bollettino 8 del 1 aprile 2026 di Bologna e Ferrara,2668,MELO,da bottoni rosa a fioritura
Bollettino 8 del 1 aprile 2026 di Bologna e Ferrara,2710,NOCE,inizio germogliamento
Bollettino 8 del 1 aprile 2026 di Bologna e Ferrara,2716,OLIVO,ripresa vegetativa
Bollettino 8 del 1 aprile 2026 di Bologna e Ferrara,2721,PERO,fioritura
Bollettino 8 del 1 aprile 2026 di Bologna e Ferrara,2763,PESCO,da caduta petali ad allegagione
Bollettino 8 del 1 aprile 2026 di Bologna e Ferrara,2788,SUSINO_CINO_GIAPPONESE,allegagione
Bollettino 8 del 1 aprile 2026 di Bologna e Ferrara,2815,SUSINO_EUROPEO,da fioritura a caduta petali
Bollettino 8 del 1 aprile 2026 di Bologna e Ferrara,2827,VITE,da gemma cotonosa a inizio germogliamento
Bollettino 8 del 1 aprile 2026 di Bologna e Ferrara,2871,BARBABIETOLA,da 2 a 4 foglie
Bollettino 8 del 1 aprile 2026 di Bologna e Ferrara,2880,ERBA_MEDICA,Medica in produzione: accrescimento ; Medica nuovo impianto: da emergenza a prima foglia
Bollettino 8 del 1 aprile 2026 di Bologna e Ferrara,2884,FRUMENTO,levata
Bollettino 8 del 1 aprile 2026 di Bologna e Ferrara,2905,GIRASOLE,presemina
Bollettino 8 del 1 aprile 2026 di Bologna e Ferrara,2915,MAIS,da presemina a pre-emergenza
Bollettino 8 del 1 aprile 2026 di Bologna e Ferrara,2928,SOIA,Pre-semina
Bollettino 8 del 1 aprile 2026 di Bologna e Ferrara,2948,SORGO,Pre-semina
Bollettino 8 del 1 aprile 2026 di Bologna e Ferrara,2979,ANGURIA,pre-trapianto – trapianto
Bollettino 8 del 1 aprile 2026 di Bologna e Ferrara,2993,ASPARAGO,impianti in produzione: emissione turione – nuovi impianti: messa a dimora delle zampe
Bollettino 8 del 1 aprile 2026 di Bologna e Ferrara,3005,CAROTA,da emergenza a sviluppo vegetativo
Bollettino 8 del 1 aprile 2026 di Bologna e Ferrara,3008,CIPOLLA,Autunnale: 6/10 foglie – Primaverile: da emergenza a foglia frusta
Bollettino 8 del 1 aprile 2026 di Bologna e Ferrara,3020,MELONE,Pre-trapianto – Trapianto
Bollettino 8 del 1 aprile 2026 di Bologna e Ferrara,3024,PATATA,pre-emergenza
Bollettino 8 del 1 aprile 2026 di Bologna e Ferrara,3053,PISELLO,da semina a sviluppo vegetativo
Bollettino 8 del 1 aprile 2026 di Bologna e Ferrara,3060,POMODORO_INDUSTRIA,pre-trapianto
"Bollettino 8 del 1 aprile 2026 di Forlì-Cesena, Ravenna, Rimini",969,ACTINIDIA,inizio germogliamento
"Bollettino 8 del 1 aprile 2026 di Forlì-Cesena, Ravenna, Rimini",987,ALBICOCCO,scamiciatura
"Bollettino 8 del 1 aprile 2026 di Forlì-Cesena, Ravenna, Rimini",1037,CILIEGIO,fioritura
"Bollettino 8 del 1 aprile 2026 di Forlì-Cesena, Ravenna, Rimini",1063,KAKI,germogliamento
"Bollettino 8 del 1 aprile 2026 di Forlì-Cesena, Ravenna, Rimini",1069,MELO,da bottoni rosa a fioritura
"Bollettino 8 del 1 aprile 2026 di Forlì-Cesena, Ravenna, Rimini",1131,NOCE,inizio germogliamento
"Bollettino 8 del 1 aprile 2026 di Forlì-Cesena, Ravenna, Rimini",1136,OLIVO,ripresa vegetativa
"Bollettino 8 del 1 aprile 2026 di Forlì-Cesena, Ravenna, Rimini",1171,PERO,fioritura
"Bollettino 8 del 1 aprile 2026 di Forlì-Cesena, Ravenna, Rimini",1239,PESCO,allegagione
"Bollettino 8 del 1 aprile 2026 di Forlì-Cesena, Ravenna, Rimini",1294,SUSINO_CINO_GIAPPONESE,da caduta petali ad allegagione
"Bollettino 8 del 1 aprile 2026 di Forlì-Cesena, Ravenna, Rimini",1317,SUSINO_EUROPEO,da fioritura a caduta petali
"Bollettino 8 del 1 aprile 2026 di Forlì-Cesena, Ravenna, Rimini",1348,VITE,da gemma cotonosa ad inizio germogliamento
"Bollettino 8 del 1 aprile 2026 di Forlì-Cesena, Ravenna, Rimini",1416,BARBABIETOLA,da 2 a 4 foglie
"Bollettino 8 del 1 aprile 2026 di Forlì-Cesena, Ravenna, Rimini",1474,COLZA,fioritura
"Bollettino 8 del 1 aprile 2026 di Forlì-Cesena, Ravenna, Rimini",1477,ERBA_MEDICA,Medica in produzione: accrescimento; Medica nuovo impianto: da emergenza a sviluppo vegetativo
"Bollettino 8 del 1 aprile 2026 di Forlì-Cesena, Ravenna, Rimini",1558,FRUMENTO,levata
"Bollettino 8 del 1 aprile 2026 di Forlì-Cesena, Ravenna, Rimini",1591,GIRASOLE,pre-semina
"Bollettino 8 del 1 aprile 2026 di Forlì-Cesena, Ravenna, Rimini",1615,MAIS,da pre-semina a pre-emergenza
"Bollettino 8 del 1 aprile 2026 di Forlì-Cesena, Ravenna, Rimini",1740,SOIA,pre-semina
"Bollettino 8 del 1 aprile 2026 di Forlì-Cesena, Ravenna, Rimini",1756,SORGO,pre-semina
"Bollettino 8 del 1 aprile 2026 di Forlì-Cesena, Ravenna, Rimini",1790,CIPOLLA,Autunnale: 6-10 foglie – Primaverile: da emergenza a foglia frusta
"Bollettino 8 del 1 aprile 2026 di Forlì-Cesena, Ravenna, Rimini",1818,FRAGOLA,da fioritura ad allegagione
"Bollettino 8 del 1 aprile 2026 di Forlì-Cesena, Ravenna, Rimini",1839,FRAGOLA,inizio fioritura
"Bollettino 8 del 1 aprile 2026 di Forlì-Cesena, Ravenna, Rimini",1853,PATATA,pre-emergenza
"Bollettino 8 del 1 aprile 2026 di Forlì-Cesena, Ravenna, Rimini",1909,PISELLO,da semina a sviluppo vegetativo
"Bollettino 8 del 1 aprile 2026 di Forlì-Cesena, Ravenna, Rimini",1960,POMODORO_INDUSTRIA,pre-trapianto
"Bollettino 8 del 1 aprile 2026 di Forlì-Cesena, Ravenna, Rimini",2655,ACTINIDIA,inizio germogliamento
"Bollettino 8 del 1 aprile 2026 di Forlì-Cesena, Ravenna, Rimini",2667,ALBICOCCO,scamiciatura
"Bollettino 8 del 1 aprile 2026 di Forlì-Cesena, Ravenna, Rimini",2702,CILIEGIO,fioritura
"Bollettino 8 del 1 aprile 2026 di Forlì-Cesena, Ravenna, Rimini",2710,KAKI,inizio germogliamento
"Bollettino 8 del 1 aprile 2026 di Forlì-Cesena, Ravenna, Rimini",2716,MELO,da bottoni rosa a fioritura
"Bollettino 8 del 1 aprile 2026 di Forlì-Cesena, Ravenna, Rimini",2760,NOCE,inizio germogliamento
"Bollettino 8 del 1 aprile 2026 di Forlì-Cesena, Ravenna, Rimini",2765,OLIVO,ripresa vegetativa
"Bollettino 8 del 1 aprile 2026 di Forlì-Cesena, Ravenna, Rimini",2790,PERO,fioritura
"Bollettino 8 del 1 aprile 2026 di Forlì-Cesena, Ravenna, Rimini",2830,PESCO,allegagione
"Bollettino 8 del 1 aprile 2026 di Forlì-Cesena, Ravenna, Rimini",2866,SUSINO_CINO_GIAPPONESE,da fioritura ad allegagione
"Bollettino 8 del 1 aprile 2026 di Forlì-Cesena, Ravenna, Rimini",2884,SUSINO_EUROPEO,da bottone bianco a inizio fioritura
"Bollettino 8 del 1 aprile 2026 di Forlì-Cesena, Ravenna, Rimini",2911,VITE,da gemma cotonosa ad inizio germogliamento
"Bollettino 8 del 1 aprile 2026 di Forlì-Cesena, Ravenna, Rimini",2944,BARBABIETOLA,da 2 a 4 foglie
"Bollettino 8 del 1 aprile 2026 di Forlì-Cesena, Ravenna, Rimini",2964,ERBA_MEDICA,Medica in produzione: accrescimento; Medica nuovo impianto: da emergenza a prima foglia
"Bollettino 8 del 1 aprile 2026 di Forlì-Cesena, Ravenna, Rimini",2968,FRUMENTO,levata
"Bollettino 8 del 1 aprile 2026 di Forlì-Cesena, Ravenna, Rimini",2982,GIRASOLE,pre-semina
"Bollettino 8 del 1 aprile 2026 di Forlì-Cesena, Ravenna, Rimini",3005,MAIS,da pre-semina a pre-emergenza
"Bollettino 8 del 1 aprile 2026 di Forlì-Cesena, Ravenna, Rimini",3017,SOIA,Pre-semina
"Bollettino 8 del 1 aprile 2026 di Forlì-Cesena, Ravenna, Rimini",3027,SORGO,Pre-semina
"Bollettino 8 del 1 aprile 2026 di Forlì-Cesena, Ravenna, Rimini",3071,CIPOLLA,Autunnale: 6-10 foglie – Primaverile: da emergenza a foglia frusta
"Bollettino 8 del 1 aprile 2026 di Forlì-Cesena, Ravenna, Rimini",3080,FRAGOLA,da fioritura ad allegagione
"Bollettino 8 del 1 aprile 2026 di Forlì-Cesena, Ravenna, Rimini",3101,FRAGOLA,inizio fioritura
"Bollettino 8 del 1 aprile 2026 di Forlì-Cesena, Ravenna, Rimini",3108,PATATA,pre-emergenza
"Bollettino 8 del 1 aprile 2026 di Forlì-Cesena, Ravenna, Rimini",3127,PISELLO,da semina a sviluppo vegetativo
"Bollettino 8 del 1 aprile 2026 di Forlì-Cesena, Ravenna, Rimini",3144,POMODORO_INDUSTRIA,pre-trapianto
Bollettino 8 del 3 Aprile 2026 di Piacenza,1033,ALBICOCCO,da scamiciatura a inizio accrescimento frutto
Bollettino 8 del 3 Aprile 2026 di Piacenza,1071,CILIEGIO,fioritura
Bollettino 8 del 3 Aprile 2026 di Piacenza,1104,MELO,da bottone rosa a fioritura
Bollettino 8 del 3 Aprile 2026 di Piacenza,1154,PERO,da fioritura a inizio allegagione
Bollettino 8 del 3 Aprile 2026 di Piacenza,1205,PESCO,da caduta petali ad allegagione
Bollettino 8 del 3 Aprile 2026 di Piacenza,1253,SUSINO_EUROPEO,da fioritura a caduta petali
Bollettino 8 del 3 Aprile 2026 di Piacenza,1280,OLIVO,ripresa vegetativa
Bollettino 8 del 3 Aprile 2026 di Piacenza,1312,VITE,da gemma cotonosa a prime foglie distese
Bollettino 8 del 3 Aprile 2026 di Piacenza,1371,BARBABIETOLA,da emergenza a 2 foglie vere
Bollettino 8 del 3 Aprile 2026 di Piacenza,1431,ERBA_MEDICA,medica in produzione: sviluppo vegetativo; medica nuovo impianto: da emergenza a prima foglia trifogliata
Bollettino 8 del 3 Aprile 2026 di Piacenza,1491,FRUMENTO,levata
Bollettino 8 del 3 Aprile 2026 di Piacenza,1726,GIRASOLE,pre-semina
Bollettino 8 del 3 Aprile 2026 di Piacenza,1739,MAIS,da pre-semina a semina
Bollettino 8 del 3 Aprile 2026 di Piacenza,1868,AGLIO,da post emergenza a 5-6 foglie
Bollettino 8 del 3 Aprile 2026 di Piacenza,1878,CIPOLLA,Autunnale: 6/10 foglie. Primaverile: da emergenza a foglia frusta
Bollettino 8 del 3 Aprile 2026 di Piacenza,1901,PISELLO,da semina a sviluppo vegetativo
Bollettino 8 del 3 Aprile 2026 di Piacenza,1952,POMODORO_INDUSTRIA,pre-trapianto - trapianto
Bollettino 8 del 3 Aprile 2026 di Piacenza,2651,ALBICOCCO,da scamiciatura a inizio accrescimento frutto
Bollettino 8 del 3 Aprile 2026 di Piacenza,2667,CILIEGIO,fioritura
Bollettino 8 del 3 Aprile 2026 di Piacenza,2688,MELO,da bottone rosa a fioritura
Bollettino 8 del 3 Aprile 2026 di Piacenza,2710,PERO,da fioritura a inizio allegagione
Bollettino 8 del 3 Aprile 2026 di Piacenza,2749,PESCO,da caduta petali ad allegagione
Bollettino 8 del 3 Aprile 2026 di Piacenza,2765,SUSINO_EUROPEO,da fioritura a caduta petali
Bollettino 8 del 3 Aprile 2026 di Piacenza,2789,OLIVO,ripresa vegetativa
Bollettino 8 del 3 Aprile 2026 di Piacenza,2809,VITE,da gemma cotonosa a prime foglie distese
Bollettino 8 del 3 Aprile 2026 di Piacenza,2859,ERBA_MEDICA,medica in produzione: sviluppo vegetativo; medica nuovo impianto: da emergenza a prima foglia trifogliata
Bollettino 8 del 3 Aprile 2026 di Piacenza,2865,FRUMENTO,levata
Bollettino 8 del 3 Aprile 2026 di Piacenza,2878,GIRASOLE,pre-semina
Bollettino 8 del 3 Aprile 2026 di Piacenza,2925,PATATA,da semina a pre emergenza
Bollettino 8 del 3 Aprile 2026 di Piacenza,2932,POMODORO_INDUSTRIA,pre-trapianto
Bollettino 8 del 3 aprile 2026 di Parma,998,ALBICOCCO,da scamiciatura a inizio accrescimento frutto
Bollettino 8 del 3 aprile 2026 di Parma,1036,CILIEGIO,fioritura
Bollettino 8 del 3 aprile 2026 di Parma,1059,MELO,da bottone rosa a fioritura
Bollettino 8 del 3 aprile 2026 di Parma,1109,PERO,da fioritura a inizio allegagione
Bollettino 8 del 3 aprile 2026 di Parma,1160,PESCO,da caduta petali ad allegagione
Bollettino 8 del 3 aprile 2026 di Parma,1209,SUSINO_EUROPEO,da fioritura a caduta petali
Bollettino 8 del 3 aprile 2026 di Parma,1246,OLIVO,ripresa vegetativa
Bollettino 8 del 3 aprile 2026 di Parma,1277,VITE,da gemma cotonosa a prime foglie distese
Bollettino 8 del 3 aprile 2026 di Parma,1335,BARBABIETOLA,da emergenza a 4 foglie vere
Bollettino 8 del 3 aprile 2026 di Parma,1396,ERBA_MEDICA,medica in produzione: sviluppo vegetativo; medica nuovo impianto: da emergenza a prima foglia trifogliata
Bollettino 8 del 3 aprile 2026 di Parma,1457,FRUMENTO,levata
Bollettino 8 del 3 aprile 2026 di Parma,1688,GIRASOLE,pre-semina
Bollettino 8 del 3 aprile 2026 di Parma,1701,MAIS,da pre-semina a semina
Bollettino 8 del 3 aprile 2026 di Parma,1829,CIPOLLA,da emergenza (foglia frusta)
Bollettino 8 del 3 aprile 2026 di Parma,1832,POMODORO_INDUSTRIA,pre-trapianto - trapianto
Bollettino 8 del 3 aprile 2026 di Parma,2535,ALBICOCCO,da scamiciatura a inizio accrescimento frutto
Bollettino 8 del 3 aprile 2026 di Parma,2551,CILIEGIO,fioritura
Bollettino 8 del 3 aprile 2026 di Parma,2561,MELO,da bottone rosa a fioritura
Bollettino 8 del 3 aprile 2026 di Parma,2593,PERO,da fioritura a inizio allegagione
Bollettino 8 del 3 aprile 2026 di Parma,2631,PESCO,da caduta petali ad allegagione
Bollettino 8 del 3 aprile 2026 di Parma,2647,SUSINO_EUROPEO,da fioritura a caduta petali
Bollettino 8 del 3 aprile 2026 di Parma,2670,OLIVO,ripresa vegetativa
Bollettino 8 del 3 aprile 2026 di Parma,2685,VITE,da gemma cotonosa a prime foglie distese
Bollettino 8 del 3 aprile 2026 di Parma,2732,ERBA_MEDICA,medica in produzione: sviluppo vegetativo; medica nuovo impianto: da emergenza a prima foglia trifogliata
Bollettino 8 del 3 aprile 2026 di Parma,2739,FRUMENTO,levata
Bollettino 8 del 3 aprile 2026 di Parma,2742,GIRASOLE,pre-semina
Bollettino 8 del 3 aprile 2026 di Parma,2792,PATATA,da semina a pre-emergenza
Bollettino 8 del 3 aprile 2026 di Parma,2809,POMODORO_INDUSTRIA,pre-trapianto
Bollettino 9 del 07 aprile 2026 Modena,937,ALBICOCCO,ingrossamento frutti
Bollettino 9 del 07 aprile 2026 Modena,987,CILIEGIO,caduta petali-allegagione
Bollettino 9 del 07 aprile 2026 Modena,1020,KAKI,germogliamento – comparsa abbozzi fiorali
Bollettino 9 del 07 aprile 2026 Modena,1024,MELO,fioritura- caduta petali
Bollettino 9 del 07 aprile 2026 Modena,1109,OLIVO,ripresa vegetativa
Bollettino 9 del 07 aprile 2026 Modena,1144,PERO,caduta petali-allegagione
Bollettino 9 del 07 aprile 2026 Modena,1237,PESCO,allegagione-scamiciatura
Bollettino 9 del 07 aprile 2026 Modena,1283,SUSINO,caduta petali -inizio scamiciatura
Bollettino 9 del 07 aprile 2026 Modena,1327,VITE,germogliamento - prima comparsa grappolini
Bollettino 9 del 07 aprile 2026 Modena,1385,BARBABIETOLA,2-6 foglie vere
Bollettino 9 del 07 aprile 2026 Modena,1443,COLZA,fioritura
Bollettino 9 del 07 aprile 2026 Modena,1447,ERBA_MEDICA,Medica in produzione: ripresa vegetativa; Medica nuovo impianto: emergenza-prime foglie trilobate
Bollettino 9 del 07 aprile 2026 Modena,1496,FRUMENTO,levata
Bollettino 9 del 07 aprile 2026 Modena,1540,GIRASOLE,pre semina-semina
Bollettino 9 del 07 aprile 2026 Modena,1554,MAIS,presemina - pre-emergenza
Bollettino 9 del 07 aprile 2026 Modena,1668,SOIA,Pre-semina
Bollettino 9 del 07 aprile 2026 Modena,1695,SORGO,Pre-semina-semina
Bollettino 9 del 07 aprile 2026 Modena,1742,ANGURIA,pre-trapianto-trapianto
Bollettino 9 del 07 aprile 2026 Modena,1752,MELONE,pre-trapianto-trapianto
Bollettino 9 del 07 aprile 2026 Modena,1771,POMODORO_INDUSTRIA,pre trapianto
Bollettino 9 del 07 aprile 2026 Modena,2444,ALBICOCCO,ingrossamento frutti
Bollettino 9 del 07 aprile 2026 Modena,2467,CILIEGIO,caduta petali-allegagione
Bollettino 9 del 07 aprile 2026 Modena,2489,KAKI,germogliamento-comparsa abbozzi fiorali
Bollettino 9 del 07 aprile 2026 Modena,2493,MELO,fioritura-caduta petali
Bollettino 9 del 07 aprile 2026 Modena,2552,OLIVO,ripresa vegetativa
Bollettino 9 del 07 aprile 2026 Modena,2586,PERO,caduta petali-allegagione
Bollettino 9 del 07 aprile 2026 Modena,2636,PESCO,allegagione-scamiciatura
Bollettino 9 del 07 aprile 2026 Modena,2662,SUSINO,caduta petali-inizio scamiciatura
Bollettino 9 del 07 aprile 2026 Modena,2696,VITE,germogliamento - prima comparsa grappolini grappolini
Bollettino 9 del 07 aprile 2026 Modena,2737,FRUMENTO,levata
Bollettino 9 del 07 aprile 2026 Modena,2751,BARBABIETOLA,2-4 foglie vere
Bollettino 9 del 07 aprile 2026 Modena,2772,ERBA_MEDICA,impianti vecchi ripresa vegetativa -impianti nuovi emergenza
Bollettino 9 del 07 aprile 2026 Modena,2775,GIRASOLE,pre-semina-semina
Bollettino 9 del 07 aprile 2026 Modena,2785,MAIS,semina - pre-emergenza
Bollettino 9 del 07 aprile 2026 Modena,2853,ANGURIA,pre-trapianto-trapianto
Bollettino 9 del 07 aprile 2026 Modena,2857,MELONE,pre-trapianto-trapianto
Bollettino 9 del 07 aprile 2026 Modena,2860,POMODORO_INDUSTRIA,pre-trapianto-trapianto
Bollettino 9 del 09 aprile 2026 Reggio Emilia,947,MELO,fioritura- caduta petali
Bollettino 9 del 09 aprile 2026 Reggio Emilia,1034,OLIVO,ripresa vegetativa
Bollettino 9 del 09 aprile 2026 Reggio Emilia,1059,PERO,caduta petali-allegagione
Bollettino 9 del 09 aprile 2026 Reggio Emilia,1145,VITE,germogliamento – prime foglie distese
Bollettino 9 del 09 aprile 2026 Reggio Emilia,1202,BARBABIETOLA,2-6 foglie vere
Bollettino 9 del 09 aprile 2026 Reggio Emilia,1259,COLZA,fioritura
Bollettino 9 del 09 aprile 2026 Reggio Emilia,1263,ERBA_MEDICA,Medica in produzione: ripresa vegetativa; Medica nuovo impianto: emergenza-prime foglie trilobate
Bollettino 9 del 09 aprile 2026 Reggio Emilia,1313,FRUMENTO,levata
Bollettino 9 del 09 aprile 2026 Reggio Emilia,1357,GIRASOLE,pre semina-semina
Bollettino 9 del 09 aprile 2026 Reggio Emilia,1371,MAIS,presemina - pre-emergenza
Bollettino 9 del 09 aprile 2026 Reggio Emilia,1496,SOIA,Pre-semina
Bollettino 9 del 09 aprile 2026 Reggio Emilia,1512,SORGO,Pre-semina-semina
Bollettino 9 del 09 aprile 2026 Reggio Emilia,1559,ANGURIA,pre-trapianto-trapianto
Bollettino 9 del 09 aprile 2026 Reggio Emilia,1563,MELONE,pre-trapianto-trapianto
Bollettino 9 del 09 aprile 2026 Reggio Emilia,1581,ANGURIA,pre-trapianto-trapianto
Bollettino 9 del 09 aprile 2026 Reggio Emilia,1591,MELONE,pre-trapianto-trapianto
Bollettino 9 del 09 aprile 2026 Reggio Emilia,1600,POMODORO_INDUSTRIA,pre trapianto-trapianto
Bollettino 9 del 09 aprile 2026 Reggio Emilia,2271,MELO,fioritura-caduta petali
Bollettino 9 del 09 aprile 2026 Reggio Emilia,2323,OLIVO,ripresa vegetativa
Bollettino 9 del 09 aprile 2026 Reggio Emilia,2348,PERO,caduta petali-allegagione
Bollettino 9 del 09 aprile 2026 Reggio Emilia,2394,VITE,germogliamento – prime foglie distese
Bollettino 9 del 09 aprile 2026 Reggio Emilia,2438,FRUMENTO,levata
Bollettino 9 del 09 aprile 2026 Reggio Emilia,2462,BARBABIETOLA,2-4 foglie vere
Bollettino 9 del 09 aprile 2026 Reggio Emilia,2472,ERBA_MEDICA,impianti vecchi ripresa vegetativa -impianti nuovi emergenza
Bollettino 9 del 09 aprile 2026 Reggio Emilia,2475,GIRASOLE,pre-semina-semina
Bollettino 9 del 09 aprile 2026 Reggio Emilia,2485,MAIS,semina - pre-emergenza
Bollettino 9 del 09 aprile 2026 Reggio Emilia,2554,ANGURIA,pre-trapianto-trapianto
Bollettino 9 del 09 aprile 2026 Reggio Emilia,2558,MELONE,pre-trapianto-trapianto
Bollettino 9 del 09 aprile 2026 Reggio Emilia,2562,ANGURIA,pre-trapianto-trapianto
Bollettino 9 del 09 aprile 2026 Reggio Emilia,2566,MELONE,pre-trapianto-trapianto
Bollettino 9 del 09 aprile 2026 Reggio Emilia,2569,POMODORO_INDUSTRIA,pre-trapianto-trapianto
Bollettino 9 del 10 aprile 2026 di Parma,999,ALBICOCCO,accrescimento frutto
Bollettino 9 del 10 aprile 2026 di Parma,1041,CILIEGIO,da fioritura ad allegagione
Bollettino 9 del 10 aprile 2026 di Parma,1081,MELO,fioritura
Bollettino 9 del 10 aprile 2026 di Parma,1139,PERO,da fioritura ad allegagione
Bollettino 9 del 10 aprile 2026 di Parma,1201,PESCO,da scamiciatura ad inizio sviluppo frutti
Bollettino 9 del 10 aprile 2026 di Parma,1256,SUSINO,da caduta petali a scamiciatura
Bollettino 9 del 10 aprile 2026 di Parma,1287,OLIVO,ripresa vegetativa
Bollettino 9 del 10 aprile 2026 di Parma,1307,VITE,da prime foglie distese a grappoli visibili
Bollettino 9 del 10 aprile 2026 di Parma,1380,BARBABIETOLA,2-4 foglie vere
Bollettino 9 del 10 aprile 2026 di Parma,1446,ERBA_MEDICA,medica in produzione: sviluppo vegetativo; medica nuovo impianto: prime foglie trifogliate
Bollettino 9 del 10 aprile 2026 di Parma,1507,FRUMENTO,da levata a foglia bandiera
Bollettino 9 del 10 aprile 2026 di Parma,1557,GIRASOLE,pre-semina - semina
Bollettino 9 del 10 aprile 2026 di Parma,1606,MAIS,da pre-semina a pre-emergenza
Bollettino 9 del 10 aprile 2026 di Parma,1742,CIPOLLA,da foglia frusta a 2 foglie
Bollettino 9 del 10 aprile 2026 di Parma,1766,POMODORO_INDUSTRIA,pre-trapianto - trapianto
Bollettino 9 del 10 aprile 2026 di Parma,2440,ALBICOCCO,accrescimento frutto
Bollettino 9 del 10 aprile 2026 di Parma,2470,CILIEGIO,da fioritura ad allegagione
Bollettino 9 del 10 aprile 2026 di Parma,2485,MELO,fioritura
Bollettino 9 del 10 aprile 2026 di Parma,2519,PERO,da fioritura ad allegagione
Bollettino 9 del 10 aprile 2026 di Parma,2565,PESCO,da scamiciatura ad inizio sviluppo frutti
Bollettino 9 del 10 aprile 2026 di Parma,2599,SUSINO,da caduta petali a scamiciatura
Bollettino 9 del 10 aprile 2026 di Parma,2615,OLIVO,ripresa vegetativa
Bollettino 9 del 10 aprile 2026 di Parma,2646,VITE,da prime foglie distese a grappoli visibili
Bollettino 9 del 10 aprile 2026 di Parma,2691,ERBA_MEDICA,medica in produzione: sviluppo vegetativo; medica nuovo impianto: prime foglie trifogliate
Bollettino 9 del 10 aprile 2026 di Parma,2698,FRUMENTO,da levata a foglia bandiera
Bollettino 9 del 10 aprile 2026 di Parma,2709,GIRASOLE,pre-semina - semina
Bollettino 9 del 10 aprile 2026 di Parma,2763,PATATA,da semina a pre-emergenza
Bollettino 9 del 10 aprile 2026 di Parma,2780,POMODORO_INDUSTRIA,pre-trapianto - trapianto
Bollettino 9 del 10 aprile 2026 di Piacenza,1017,ALBICOCCO,accrescimento frutto
Bollettino 9 del 10 aprile 2026 di Piacenza,1059,CILIEGIO,da fioritura ad allegagione
Bollettino 9 del 10 aprile 2026 di Piacenza,1100,MELO,fioritura
Bollettino 9 del 10 aprile 2026 di Piacenza,1159,PERO,da fioritura ad allegagione
Bollettino 9 del 10 aprile 2026 di Piacenza,1221,PESCO,da scamiciatura a inizio ingrossamento frutti
Bollettino 9 del 10 aprile 2026 di Piacenza,1279,SUSINO,da caduta petali a scamiciatura
Bollettino 9 del 10 aprile 2026 di Piacenza,1310,OLIVO,ripresa vegetativa
Bollettino 9 del 10 aprile 2026 di Piacenza,1330,VITE,da prime foglie distese a grappoli visibili
Bollettino 9 del 10 aprile 2026 di Piacenza,1410,BARBABIETOLA,2-4 foglie vere
Bollettino 9 del 10 aprile 2026 di Piacenza,1475,ERBA_MEDICA,medica in produzione: sviluppo vegetativo; medica nuovo impianto: prime foglie trifogliate
Bollettino 9 del 10 aprile 2026 di Piacenza,1535,FRUMENTO,da levata a foglia a bandiera
Bollettino 9 del 10 aprile 2026 di Piacenza,1586,GIRASOLE,pre-semina - semina
Bollettino 9 del 10 aprile 2026 di Piacenza,1636,MAIS,da pre-semina a pre-emergenza
Bollettino 9 del 10 aprile 2026 di Piacenza,1763,AGLIO,da post emergenza a 6-7 foglie
Bollettino 9 del 10 aprile 2026 di Piacenza,1783,CIPOLLA,Autunnale: 6/10 foglie. Primaverile: da foglia frusta a 2 foglie
Bollettino 9 del 10 aprile 2026 di Piacenza,1837,PISELLO,da semina a sviluppo vegetativo
Bollettino 9 del 10 aprile 2026 di Piacenza,1888,POMODORO_INDUSTRIA,pre-trapianto - trapianto
Bollettino 9 del 10 aprile 2026 di Piacenza,2564,ALBICOCCO,accrescimento frutto
Bollettino 9 del 10 aprile 2026 di Piacenza,2584,CILIEGIO,da fioritura ad allegagione
Bollettino 9 del 10 aprile 2026 di Piacenza,2610,MELO,fioritura
Bollettino 9 del 10 aprile 2026 di Piacenza,2634,PERO,da fioritura ad allegagione
Bollettino 9 del 10 aprile 2026 di Piacenza,2679,PESCO,da scamiciatura a inizio ingrossamento frutti
Bollettino 9 del 10 aprile 2026 di Piacenza,2714,SUSINO,da caduta petali a scamiciatura
Bollettino 9 del 10 aprile 2026 di Piacenza,2731,OLIVO,ripresa vegetativa
Bollettino 9 del 10 aprile 2026 di Piacenza,2761,VITE,da prime foglie distese a grappoli visibili
Bollettino 9 del 10 aprile 2026 di Piacenza,2815,ERBA_MEDICA,medica in produzione: sviluppo vegetativo; medica nuovo impianto: prime foglie trifogliate
Bollettino 9 del 10 aprile 2026 di Piacenza,2821,FRUMENTO,da levata a foglia a bandiera
Bollettino 9 del 10 aprile 2026 di Piacenza,2832,GIRASOLE,pre-semina - semina
Bollettino 9 del 10 aprile 2026 di Piacenza,2884,PATATA,da semina a pre emergenza
Bollettino 9 del 10 aprile 2026 di Piacenza,2902,POMODORO_INDUSTRIA,pre-trapianto - trapianto
Bollettino 9 del 8 aprile 2026 di Bologna e Ferrara,950,ACTINIDIA,germogliamento
Bollettino 9 del 8 aprile 2026 di Bologna e Ferrara,976,ALBICOCCO,da scamiciatura ad accrescimento frutti
Bollettino 9 del 8 aprile 2026 di Bologna e Ferrara,1028,CILIEGIO,caduta petali
Bollettino 9 del 8 aprile 2026 di Bologna e Ferrara,1071,KAKI,da germogliamento a comparsa abbozzi fiorali
Bollettino 9 del 8 aprile 2026 di Bologna e Ferrara,1075,MELO,da fioritura a caduta petali
Bollettino 9 del 8 aprile 2026 di Bologna e Ferrara,1162,NOCE,inizio germogliamento
Bollettino 9 del 8 aprile 2026 di Bologna e Ferrara,1169,OLIVO,ripresa vegetativa
Bollettino 9 del 8 aprile 2026 di Bologna e Ferrara,1174,PERO,da caduta petali a inizio allegagione
Bollettino 9 del 8 aprile 2026 di Bologna e Ferrara,1241,PESCO,da scamiciatura a ingrossamento frutti
Bollettino 9 del 8 aprile 2026 di Bologna e Ferrara,1300,SUSINO,da caduta petali a scamiciatura
Bollettino 9 del 8 aprile 2026 di Bologna e Ferrara,1338,VITE,da inizio germogliamento a grappolini visibili
Bollettino 9 del 8 aprile 2026 di Bologna e Ferrara,1399,BARBABIETOLA,da 2 a 6 foglie
Bollettino 9 del 8 aprile 2026 di Bologna e Ferrara,1457,COLZA,fioritura
Bollettino 9 del 8 aprile 2026 di Bologna e Ferrara,1460,ERBA_MEDICA,Medica in produzione: accrescimento; Medica nuovo impianto: prime foglie
Bollettino 9 del 8 aprile 2026 di Bologna e Ferrara,1531,FRUMENTO,levata
Bollettino 9 del 8 aprile 2026 di Bologna e Ferrara,1572,GIRASOLE,da pre-semina a semina
Bollettino 9 del 8 aprile 2026 di Bologna e Ferrara,1622,MAIS,pre-emergenza
Bollettino 9 del 8 aprile 2026 di Bologna e Ferrara,1740,RISO,pre-semina
Bollettino 9 del 8 aprile 2026 di Bologna e Ferrara,1808,SOIA,Pre-semina
Bollettino 9 del 8 aprile 2026 di Bologna e Ferrara,1839,SORGO,Da pre-semina a semina
Bollettino 9 del 8 aprile 2026 di Bologna e Ferrara,1871,AGLIO,6/7 foglie
Bollettino 9 del 8 aprile 2026 di Bologna e Ferrara,1882,ANGURIA,pre-trapianto – trapianto
Bollettino 9 del 8 aprile 2026 di Bologna e Ferrara,1892,ASPARAGO,impianti in produzione: emissione turione – nuovi impianti: messa a dimora delle zampe
Bollettino 9 del 8 aprile 2026 di Bologna e Ferrara,1902,CAROTA,da emergenza a sviluppo vegetativo
Bollettino 9 del 8 aprile 2026 di Bologna e Ferrara,1933,CIPOLLA,Autunnale: 6/10 foglie – Primaverile: da emergenza a prime foglie vere
Bollettino 9 del 8 aprile 2026 di Bologna e Ferrara,1947,MELONE,pre-trapianto – trapianto
Bollettino 9 del 8 aprile 2026 di Bologna e Ferrara,1957,PATATA,da pre-emergenza a emergenza
Bollettino 9 del 8 aprile 2026 di Bologna e Ferrara,2011,PISELLO,da emergenza a sviluppo vegetativo
Bollettino 9 del 8 aprile 2026 di Bologna e Ferrara,2060,POMODORO_INDUSTRIA,da pre-trapianto a trapianto
Bollettino 9 del 8 aprile 2026 di Bologna e Ferrara,2751,ACTINIDIA,germogliamento
Bollettino 9 del 8 aprile 2026 di Bologna e Ferrara,2776,ALBICOCCO,da scamiciatura ad accrescimento frutti
Bollettino 9 del 8 aprile 2026 di Bologna e Ferrara,2804,CILIEGIO,caduta petali
Bollettino 9 del 8 aprile 2026 di Bologna e Ferrara,2832,KAKI,da germogliamento a comparsa abbozzi fiorali
Bollettino 9 del 8 aprile 2026 di Bologna e Ferrara,2836,MELO,da fioritura a caduta petali
Bollettino 9 del 8 aprile 2026 di Bologna e Ferrara,2889,NOCE,inizio germogliamento
Bollettino 9 del 8 aprile 2026 di Bologna e Ferrara,2895,OLIVO,ripresa vegetativa
Bollettino 9 del 8 aprile 2026 di Bologna e Ferrara,2901,PERO,da caduta petali ad inizio allegagione
Bollettino 9 del 8 aprile 2026 di Bologna e Ferrara,2954,PESCO,da scamiciatura a ingrossamento frutti
Bollettino 9 del 8 aprile 2026 di Bologna e Ferrara,2995,SUSINO,da caduta petali a scamiciatura
Bollettino 9 del 8 aprile 2026 di Bologna e Ferrara,3030,VITE,da inizio germogliamento a grappolini visibili
Bollettino 9 del 8 aprile 2026 di Bologna e Ferrara,3066,BARBABIETOLA,da 2 a 6 foglie
Bollettino 9 del 8 aprile 2026 di Bologna e Ferrara,3085,ERBA_MEDICA,Medica in produzione: accrescimento ; Medica nuovo impianto: da emergenza a prime foglie
Bollettino 9 del 8 aprile 2026 di Bologna e Ferrara,3089,FRUMENTO,levata
Bollettino 9 del 8 aprile 2026 di Bologna e Ferrara,3107,GIRASOLE,da pre-semina a semina
Bollettino 9 del 8 aprile 2026 di Bologna e Ferrara,3132,MAIS,pre-emergenza
Bollettino 9 del 8 aprile 2026 di Bologna e Ferrara,3140,SOIA,Pre-semina
Bollettino 9 del 8 aprile 2026 di Bologna e Ferrara,3150,SORGO,da pre-semina a semina
Bollettino 9 del 8 aprile 2026 di Bologna e Ferrara,3191,ANGURIA,pre-trapianto – trapianto
Bollettino 9 del 8 aprile 2026 di Bologna e Ferrara,3195,ASPARAGO,impianti in produzione: emissione turione – nuovi impianti: messa a dimora delle zampe
Bollettino 9 del 8 aprile 2026 di Bologna e Ferrara,3204,CAROTA,da emergenza a sviluppo vegetativo
Bollettino 9 del 8 aprile 2026 di Bologna e Ferrara,3207,CIPOLLA,Autunnale: 6/10 foglie – Primaverile: da emergenza a prime foglie vere
Bollettino 9 del 8 aprile 2026 di Bologna e Ferrara,3228,MELONE,Pre-trapianto – Trapianto
Bollettino 9 del 8 aprile 2026 di Bologna e Ferrara,3232,PATATA,da pre-emergenza a emergenza
Bollettino 9 del 8 aprile 2026 di Bologna e Ferrara,3250,PISELLO,da emergenza a sviluppo vegetativo
Bollettino 9 del 8 aprile 2026 di Bologna e Ferrara,3257,POMODORO_INDUSTRIA,pre-trapianto
"Bollettino 9 del 8 aprile 2026 di Forlì-Cesena, Ravenna, Rimini",951,ACTINIDIA,germogliamento
"Bollettino 9 del 8 aprile 2026 di Forlì-Cesena, Ravenna, Rimini",976,ALBICOCCO,da scamiciatura ad accrescimento frutti
"Bollettino 9 del 8 aprile 2026 di Forlì-Cesena, Ravenna, Rimini",1031,CILIEGIO,da fioritura a caduta petali
"Bollettino 9 del 8 aprile 2026 di Forlì-Cesena, Ravenna, Rimini",1067,KAKI,da germogliamento a comparsa bottoni fiorali
"Bollettino 9 del 8 aprile 2026 di Forlì-Cesena, Ravenna, Rimini",1071,MELO,da fioritura a caduta petali
"Bollettino 9 del 8 aprile 2026 di Forlì-Cesena, Ravenna, Rimini",1166,NOCE,inizio germogliamento
"Bollettino 9 del 8 aprile 2026 di Forlì-Cesena, Ravenna, Rimini",1173,OLIVO,ripresa vegetativa
"Bollettino 9 del 8 aprile 2026 di Forlì-Cesena, Ravenna, Rimini",1198,PERO,da caduta petali ad inizio allegagione
"Bollettino 9 del 8 aprile 2026 di Forlì-Cesena, Ravenna, Rimini",1287,PESCO,da scamiciatura a ingrossamento frutti
"Bollettino 9 del 8 aprile 2026 di Forlì-Cesena, Ravenna, Rimini",1338,SUSINO,da caduta petali a scamiciatura
"Bollettino 9 del 8 aprile 2026 di Forlì-Cesena, Ravenna, Rimini",1368,VITE,da prime foglie distese a grappolini visibili
"Bollettino 9 del 8 aprile 2026 di Forlì-Cesena, Ravenna, Rimini",1456,BARBABIETOLA,da 2 a 6 foglie
"Bollettino 9 del 8 aprile 2026 di Forlì-Cesena, Ravenna, Rimini",1517,COLZA,fioritura
"Bollettino 9 del 8 aprile 2026 di Forlì-Cesena, Ravenna, Rimini",1530,ERBA_MEDICA,Medica in produzione: accrescimento; Medica nuovo impianto: sviluppo vegetativo
"Bollettino 9 del 8 aprile 2026 di Forlì-Cesena, Ravenna, Rimini",1601,FRUMENTO,levata
"Bollettino 9 del 8 aprile 2026 di Forlì-Cesena, Ravenna, Rimini",1652,GIRASOLE,da pre-semina a semina
"Bollettino 9 del 8 aprile 2026 di Forlì-Cesena, Ravenna, Rimini",1701,MAIS,da pre-semina a pre-emergenza
"Bollettino 9 del 8 aprile 2026 di Forlì-Cesena, Ravenna, Rimini",1809,SOIA,pre-semina
"Bollettino 9 del 8 aprile 2026 di Forlì-Cesena, Ravenna, Rimini",1839,SORGO,pre-semina
"Bollettino 9 del 8 aprile 2026 di Forlì-Cesena, Ravenna, Rimini",1873,CIPOLLA,Autunnale: 6-10 foglie – Primaverile: da emergenza a prime foglie vere
"Bollettino 9 del 8 aprile 2026 di Forlì-Cesena, Ravenna, Rimini",1889,FRAGOLA,da allegagione ad invaiatura
"Bollettino 9 del 8 aprile 2026 di Forlì-Cesena, Ravenna, Rimini",1903,FRAGOLA,inizio fioritura
"Bollettino 9 del 8 aprile 2026 di Forlì-Cesena, Ravenna, Rimini",1928,PATATA,pre-emergenza
"Bollettino 9 del 8 aprile 2026 di Forlì-Cesena, Ravenna, Rimini",1983,PISELLO,da emergenza a sviluppo vegetativo
"Bollettino 9 del 8 aprile 2026 di Forlì-Cesena, Ravenna, Rimini",2021,POMODORO_INDUSTRIA,da pre-trapianto a trapianto
"Bollettino 9 del 8 aprile 2026 di Forlì-Cesena, Ravenna, Rimini",2712,ACTINIDIA,germogliamento
"Bollettino 9 del 8 aprile 2026 di Forlì-Cesena, Ravenna, Rimini",2736,ALBICOCCO,da scamiciatura ad accrescimento frutti
"Bollettino 9 del 8 aprile 2026 di Forlì-Cesena, Ravenna, Rimini",2766,CILIEGIO,da fioritura a caduta petali
"Bollettino 9 del 8 aprile 2026 di Forlì-Cesena, Ravenna, Rimini",2792,KAKI,inizio germogliamento
"Bollettino 9 del 8 aprile 2026 di Forlì-Cesena, Ravenna, Rimini",2796,MELO,da fioritura a caduta petali
"Bollettino 9 del 8 aprile 2026 di Forlì-Cesena, Ravenna, Rimini",2852,NOCE,inizio germogliamento
"Bollettino 9 del 8 aprile 2026 di Forlì-Cesena, Ravenna, Rimini",2858,OLIVO,ripresa vegetativa
"Bollettino 9 del 8 aprile 2026 di Forlì-Cesena, Ravenna, Rimini",2892,PERO,da caduta petali ad inizio allegagione
"Bollettino 9 del 8 aprile 2026 di Forlì-Cesena, Ravenna, Rimini",2946,PESCO,da scamiciatura a ingrossamento frutti
"Bollettino 9 del 8 aprile 2026 di Forlì-Cesena, Ravenna, Rimini",2974,SUSINO,da caduta petali a scamiciatura
"Bollettino 9 del 8 aprile 2026 di Forlì-Cesena, Ravenna, Rimini",3014,VITE,da prime foglie distese a grappolini visibili
"Bollettino 9 del 8 aprile 2026 di Forlì-Cesena, Ravenna, Rimini",3062,BARBABIETOLA,da 2 a 6 foglie
"Bollettino 9 del 8 aprile 2026 di Forlì-Cesena, Ravenna, Rimini",3071,ERBA_MEDICA,Medica in produzione: accrescimento; Medica nuovo impianto: sviluppo vegetativo
"Bollettino 9 del 8 aprile 2026 di Forlì-Cesena, Ravenna, Rimini",3075,FRUMENTO,levata
"Bollettino 9 del 8 aprile 2026 di Forlì-Cesena, Ravenna, Rimini",3104,GIRASOLE,da pre-semina a semina
"Bollettino 9 del 8 aprile 2026 di Forlì-Cesena, Ravenna, Rimini",3117,MAIS,da pre-semina a pre-emergenza
"Bollettino 9 del 8 aprile 2026 di Forlì-Cesena, Ravenna, Rimini",3135,SOIA,Pre-semina
"Bollettino 9 del 8 aprile 2026 di Forlì-Cesena, Ravenna, Rimini",3145,SORGO,da pre-semina a semina
"Bollettino 9 del 8 aprile 2026 di Forlì-Cesena, Ravenna, Rimini",3189,CIPOLLA,Autunnale: 6-10 foglie – Primaverile: da emergenza a foglia frusta
"Bollettino 9 del 8 aprile 2026 di Forlì-Cesena, Ravenna, Rimini",3198,FRAGOLA,da fioritura ad allegagione
"Bollettino 9 del 8 aprile 2026 di Forlì-Cesena, Ravenna, Rimini",3208,FRAGOLA,inizio fioritura
"Bollettino 9 del 8 aprile 2026 di Forlì-Cesena, Ravenna, Rimini",3215,PATATA,pre-emergenza
"Bollettino 9 del 8 aprile 2026 di Forlì-Cesena, Ravenna, Rimini",3244,PISELLO,da emergenza a sviluppo vegetativo
"Bollettino 9 del 8 aprile 2026 di Forlì-Cesena, Ravenna, Rimini",3251,POMODORO_INDUSTRIA,pre-trapianto
Bollettino n. 1 del 5 febbraio 2026 di Reggio Emilia,826,MELO,gemma ferma
Bollettino n. 1 del 5 febbraio 2026 di Reggio Emilia,833,PERO,gemma ferma
Bollettino n. 1 del 5 febbraio 2026 di Reggio Emilia,872,BARBABIETOLA,pre-semina
Bollettino n. 1 del 5 febbraio 2026 di Reggio Emilia,918,COLZA,sviluppo fogliare – rosetta
Bollettino n. 1 del 5 febbraio 2026 di Reggio Emilia,952,ERBA_MEDICA,Medica in produzione: riposo vegetativo; Medica nuovo impianto: pre-semina
Bollettino n. 1 del 5 febbraio 2026 di Reggio Emilia,983,FRUMENTO,Accestimento
Bollettino n. 1 del 5 febbraio 2026 di Reggio Emilia,1542,MELO,gemma ferma
Bollettino n. 1 del 5 febbraio 2026 di Reggio Emilia,1559,PERO,gemma ferma
Bollettino n. 1 del 5 febbraio 2026 di Reggio Emilia,1578,BARBABIETOLA,Pre-Semina
Bollettino n. 1 del 5 febbraio 2026 di Reggio Emilia,1592,ERBA_MEDICA,Medica in produzione: riposo vegetativo; Medica nuovo impianto: pre-semina
Bollettino n. 1 del 5 febbraio 2026 di Reggio Emilia,1613,FRUMENTO,Accestimento
Bollettino n. 1 del 6 febbraio 2026 di Parma,766,ALBICOCCO,da gemma ferma a inizio rigonfiamento gemme
Bollettino n. 1 del 6 febbraio 2026 di Parma,779,MELO,gemma ferma
Bollettino n. 1 del 6 febbraio 2026 di Parma,799,PERO,gemma ferma
Bollettino n. 1 del 6 febbraio 2026 di Parma,809,PESCO,da gemma ferma a inizio rigonfiamento gemme
Bollettino n. 1 del 6 febbraio 2026 di Parma,824,SUSINO_EUROPEO,gemma ferma
Bollettino n. 1 del 6 febbraio 2026 di Parma,839,VITE,gemma ferma
Bollettino n. 1 del 6 febbraio 2026 di Parma,899,BARBABIETOLA,pre-semina
Bollettino n. 1 del 6 febbraio 2026 di Parma,951,COLZA,sviluppo fogliare - rosetta
Bollettino n. 1 del 6 febbraio 2026 di Parma,982,ERBA_MEDICA,medica in produzione: riposo vegetativo; medica nuovo impianto: pre-semina
Bollettino n. 1 del 6 febbraio 2026 di Parma,1015,CIPOLLA,pre-semina
Bollettino n. 1 del 6 febbraio 2026 di Parma,1586,ALBICOCCO,da gemma ferma a inizio rigonfiamento gemme
Bollettino n. 1 del 6 febbraio 2026 di Parma,1599,MELO,gemma ferma
Bollettino n. 1 del 6 febbraio 2026 di Parma,1608,PERO,gemma ferma
Bollettino n. 1 del 6 febbraio 2026 di Parma,1628,PESCO,da gemma ferma a inizio rigonfiamento gemme
Bollettino n. 1 del 6 febbraio 2026 di Parma,1641,SUSINO_EUROPEO,gemma ferma
Bollettino n. 1 del 6 febbraio 2026 di Parma,1647,VITE,gemma ferma
Bollettino n. 1 del 6 febbraio 2026 di Parma,1697,ERBA_MEDICA,medica in produzione: riposo vegetativo; medica nuovo impianto: pre-semina
"Bollettino n. 24 del 22 luglio 2026 di Forlì-Cesena, Ravenna e Rimini",1018,ACTINIDIA,ingrossamento frutti
"Bollettino n. 24 del 22 luglio 2026 di Forlì-Cesena, Ravenna e Rimini",1052,ALBICOCCO,da maturazione a post-raccolta
"Bollettino n. 24 del 22 luglio 2026 di Forlì-Cesena, Ravenna e Rimini",1112,KAKI,accrescimento frutti
"Bollettino n. 24 del 22 luglio 2026 di Forlì-Cesena, Ravenna e Rimini",1130,MELO,ingrossamento frutti
"Bollettino n. 24 del 22 luglio 2026 di Forlì-Cesena, Ravenna e Rimini",1246,NOCE,indurimento guscio
"Bollettino n. 24 del 22 luglio 2026 di Forlì-Cesena, Ravenna e Rimini",1269,OLIVO,accrescimento frutti
"Bollettino n. 24 del 22 luglio 2026 di Forlì-Cesena, Ravenna e Rimini",1309,PERO,da accrescimento frutti a maturazione
"Bollettino n. 24 del 22 luglio 2026 di Forlì-Cesena, Ravenna e Rimini",1405,PESCO,da ingrossamento frutti a maturazione
"Bollettino n. 24 del 22 luglio 2026 di Forlì-Cesena, Ravenna e Rimini",1506,SUSINO,da ingrossamento frutti a maturazione
"Bollettino n. 24 del 22 luglio 2026 di Forlì-Cesena, Ravenna e Rimini",1568,VITE,invaiatura
"Bollettino n. 24 del 22 luglio 2026 di Forlì-Cesena, Ravenna e Rimini",1788,BARBABIETOLA,accrescimento fittone
"Bollettino n. 24 del 22 luglio 2026 di Forlì-Cesena, Ravenna e Rimini",1815,FRUMENTO,post-raccolta
"Bollettino n. 24 del 22 luglio 2026 di Forlì-Cesena, Ravenna e Rimini",1825,ERBA_MEDICA,accrescimento-sfalcio
"Bollettino n. 24 del 22 luglio 2026 di Forlì-Cesena, Ravenna e Rimini",1832,MAIS,maturazione lattea-cerosa
"Bollettino n. 24 del 22 luglio 2026 di Forlì-Cesena, Ravenna e Rimini",1842,SOIA,formazione baccelli
"Bollettino n. 24 del 22 luglio 2026 di Forlì-Cesena, Ravenna e Rimini",1869,PATATA,da ingrossamento tuberi a maturazione
"Bollettino n. 24 del 22 luglio 2026 di Forlì-Cesena, Ravenna e Rimini",1899,POMODORO_INDUSTRIA,invaiatura – maturazione cv precoci
"Bollettino n. 24 del 22 luglio 2026 di Forlì-Cesena, Ravenna e Rimini",2720,ACTINIDIA,ingrossamento frutti
"Bollettino n. 24 del 22 luglio 2026 di Forlì-Cesena, Ravenna e Rimini",2759,ALBICOCCO,da maturazione a post-raccolta
"Bollettino n. 24 del 22 luglio 2026 di Forlì-Cesena, Ravenna e Rimini",2790,KAKI,accrescimento frutti
"Bollettino n. 24 del 22 luglio 2026 di Forlì-Cesena, Ravenna e Rimini",2809,MELO,ingrossamento frutti
"Bollettino n. 24 del 22 luglio 2026 di Forlì-Cesena, Ravenna e Rimini",2887,NOCE,indurimento guscio
"Bollettino n. 24 del 22 luglio 2026 di Forlì-Cesena, Ravenna e Rimini",2919,OLIVO,accrescimento frutti
"Bollettino n. 24 del 22 luglio 2026 di Forlì-Cesena, Ravenna e Rimini",2945,PERO,da accrescimento frutti a maturazione
"Bollettino n. 24 del 22 luglio 2026 di Forlì-Cesena, Ravenna e Rimini",3029,PESCO,da ingrossamento frutti a maturazione
"Bollettino n. 24 del 22 luglio 2026 di Forlì-Cesena, Ravenna e Rimini",3085,SUSINO,da ingrossamento frutti a maturazione
"Bollettino n. 24 del 22 luglio 2026 di Forlì-Cesena, Ravenna e Rimini",3110,VITE,invaiatura
"Bollettino n. 24 del 22 luglio 2026 di Forlì-Cesena, Ravenna e Rimini",3278,ERBA_MEDICA,accrescimento-sfalcio
"Bollettino n. 24 del 22 luglio 2026 di Forlì-Cesena, Ravenna e Rimini",3285,MAIS,maturazione lattea-cerosa
"Bollettino n. 24 del 22 luglio 2026 di Forlì-Cesena, Ravenna e Rimini",3315,PATATA,ingrossamento tuberi a maturazione
"Bollettino n. 24 del 22 luglio 2026 di Forlì-Cesena, Ravenna e Rimini",3324,POMODORO_INDUSTRIA,invaiatura – maturazione cv precoci
