{
"type": "FeatureCollection",
"name": "aree_bollettini_er",
"crs": { "type": "name", "properties": { "name": "urn:ogc:def:crs:OGC:1.3:CRS84" } },
"features": [
{ "type": "Feature", "properties": { "area": "Bologna e Ferrara" }, "geometry": { "type": "Polygon", "coordinates": [ [ [ 11.129529931935796, 44.56816496735388 ], [ 11.129180351962132, 44.568291347185891 ], [ 11.128672886084839, 44.568487544260613 ], [ 11.127584102845095, 44.568913064340769 ], [ 11.127477552593993, 44.569255999290149 ], [ 11.129116373066081, 44.572253044155573 ], [ 11.129156734859041, 44.572324307815926 ], [ 11.12922486468759, 44.572422061968176 ], [ 11.132657076383889, 44.575873447721939 ], [ 11.134457593826525, 44.577406220313485 ], [ 11.140887549532554, 44.582381183195466 ], [ 11.143630114407548, 44.583743093748801 ], [ 11.149444724064423, 44.583647274539778 ], [ 11.150001287870104, 44.58364579102502 ], [ 11.150635877309128, 44.583966919863094 ], [ 11.150845755367131, 44.58410701275357 ], [ 11.151209684866165, 44.584496254874956 ], [ 11.151425846831351, 44.584807268259446 ], [ 11.152454875692912, 44.586619857841413 ], [ 11.15227635375583, 44.589149839752743 ], [ 11.148127975527276, 44.592440408575591 ], [ 11.143647432250983, 44.596076080613159 ], [ 11.140126130113781, 44.601228505401401 ], [ 11.141826791590587, 44.604131375716186 ], [ 11.142421243477743, 44.605047467989209 ], [ 11.142790539534657, 44.605676591852436 ], [ 11.139948669606568, 44.606646765909595 ], [ 11.132226788172458, 44.609121789410175 ], [ 11.128341564410992, 44.610286906941276 ], [ 11.124397457541056, 44.611595947573022 ], [ 11.124206919130135, 44.611659637616384 ], [ 11.118291639747364, 44.617840037051799 ], [ 11.119802027994867, 44.620292144278928 ], [ 11.121870566099066, 44.623616097894903 ], [ 11.123596253519462, 44.626217213508269 ], [ 11.127792788760047, 44.631355936179901 ], [ 11.123355457914903, 44.632532341349844 ], [ 11.098581307226244, 44.640489409631762 ], [ 11.08527214052779, 44.644505280387079 ], [ 11.081570292790339, 44.645716143846641 ], [ 11.079880824843665, 44.646341652733994 ], [ 11.079336459860118, 44.646546796260175 ], [ 11.078091087721079, 44.647029852290103 ], [ 11.083443784348102, 44.656061648095914 ], [ 11.084691271019421, 44.658140903654648 ], [ 11.091607734714952, 44.669357313314649 ], [ 11.095476350623347, 44.675515945986838 ], [ 11.103210282735237, 44.687714182064532 ], [ 11.105361688018652, 44.690516426535609 ], [ 11.110202623546407, 44.698430059197911 ], [ 11.114839019611905, 44.705802628905722 ], [ 11.115780748375647, 44.707396575194906 ], [ 11.116179821890832, 44.708280403990649 ], [ 11.116555538755625, 44.709236677451884 ], [ 11.116750857392605, 44.709746183439016 ], [ 11.116863256198068, 44.710059180271848 ], [ 11.116947018005098, 44.710300694915162 ], [ 11.116993528330745, 44.710435898796291 ], [ 11.117885453507759, 44.716072696335495 ], [ 11.119077276935675, 44.724993324148897 ], [ 11.121351178857115, 44.741659202039813 ], [ 11.121796842306226, 44.744626148001679 ], [ 11.122794252086939, 44.749982285152576 ], [ 11.127199748488172, 44.770303335424735 ], [ 11.127479994611603, 44.771396388740136 ], [ 11.129890215042243, 44.782919204642376 ], [ 11.131968547019802, 44.784437784891274 ], [ 11.135857356691576, 44.785688397413331 ], [ 11.141974245108667, 44.78668105437076 ], [ 11.142295092491578, 44.78669321350867 ], [ 11.142797016671061, 44.786710614981558 ], [ 11.14410508694691, 44.786533013183409 ], [ 11.145046490057183, 44.786353289271723 ], [ 11.146709468597875, 44.786223005754557 ], [ 11.149768405959609, 44.786219458559522 ], [ 11.152089283448486, 44.786304377119308 ], [ 11.15329346863777, 44.786513096553207 ], [ 11.174144435643393, 44.791411118227181 ], [ 11.175088737883234, 44.791645190700763 ], [ 11.175969530202442, 44.791871468293678 ], [ 11.176790221930867, 44.792179895064429 ], [ 11.177369883801891, 44.792465906157318 ], [ 11.177778101665131, 44.792899227607336 ], [ 11.17814423660457, 44.793558402824374 ], [ 11.178268680678093, 44.794177167268778 ], [ 11.17819336627362, 44.79618608423349 ], [ 11.180861150715677, 44.794532767422034 ], [ 11.185092132372018, 44.796427828105372 ], [ 11.186018416291226, 44.796851182826821 ], [ 11.187112705607918, 44.797370350590342 ], [ 11.190207229502615, 44.798625326418225 ], [ 11.194735293397011, 44.8001497469604 ], [ 11.207845044931473, 44.804303456952297 ], [ 11.209037654407878, 44.804428924219579 ], [ 11.214432623106225, 44.804666475632445 ], [ 11.215824848801612, 44.804720469432226 ], [ 11.216492806880261, 44.804662496734714 ], [ 11.222794176658658, 44.80218140583554 ], [ 11.224349923671804, 44.801556951010767 ], [ 11.235657864762642, 44.804648823274519 ], [ 11.236204923081385, 44.80475514218611 ], [ 11.253531496705023, 44.804612429853414 ], [ 11.258202182166164, 44.804430097977338 ], [ 11.263566232425232, 44.804215833729643 ], [ 11.293347287414607, 44.802807643434328 ], [ 11.295167164423242, 44.804120401605502 ], [ 11.301567377461968, 44.810421302434378 ], [ 11.304156454346893, 44.814588784242652 ], [ 11.308068504374541, 44.821991411168504 ], [ 11.309157011059796, 44.824771911519868 ], [ 11.311609347632455, 44.827494404600309 ], [ 11.32339548132167, 44.832554489912035 ], [ 11.335737577832111, 44.831906050189509 ], [ 11.33634351950106, 44.831801457207213 ], [ 11.33757178567094, 44.831589431576624 ], [ 11.338581019596482, 44.8312266908043 ], [ 11.340080362006082, 44.83076385302374 ], [ 11.341585511707128, 44.830444919632889 ], [ 11.343369865165098, 44.830158498190471 ], [ 11.344871022599138, 44.830044401196858 ], [ 11.346297871566733, 44.829979072284281 ], [ 11.347490727045516, 44.830139221153381 ], [ 11.347967867311567, 44.830313807876458 ], [ 11.348431304449891, 44.830511331123326 ], [ 11.348875131822641, 44.830731747869855 ], [ 11.349352187560639, 44.830991982286044 ], [ 11.349936108568867, 44.831313049406191 ], [ 11.350234695540735, 44.831517387990971 ], [ 11.350446860046212, 44.831662612286038 ], [ 11.351046305669792, 44.83213187668423 ], [ 11.351118589348529, 44.83220057476872 ], [ 11.35147302206892, 44.832541238601408 ], [ 11.351733939947183, 44.833572072094647 ], [ 11.351750387660156, 44.833777723703584 ], [ 11.351793161144602, 44.834312247151892 ], [ 11.351863346067624, 44.835189248294164 ], [ 11.352059291572399, 44.835612804002913 ], [ 11.352147386312362, 44.835795534196095 ], [ 11.352271881128337, 44.835901005043773 ], [ 11.352527338276376, 44.836116292488718 ], [ 11.362342027944592, 44.838479167035821 ], [ 11.362418914683536, 44.838464061715037 ], [ 11.363285048382584, 44.838257085249381 ], [ 11.362976764649757, 44.837718844326375 ], [ 11.366411696506121, 44.837306000617446 ], [ 11.367032355572018, 44.838273958355849 ], [ 11.368296852609548, 44.840417227049734 ], [ 11.368501962196826, 44.840791062199628 ], [ 11.368592057376947, 44.842679623649524 ], [ 11.356345788229188, 44.861513307487272 ], [ 11.347918972626321, 44.86899661974487 ], [ 11.341128644899014, 44.872594274017025 ], [ 11.326057334298051, 44.875505163476134 ], [ 11.311713241595998, 44.881469757070512 ], [ 11.306482494063481, 44.883312975581688 ], [ 11.294201915267886, 44.885522899469343 ], [ 11.293468411345357, 44.885546635618198 ], [ 11.287085121239055, 44.888366314450288 ], [ 11.286149938602616, 44.889033206303758 ], [ 11.285266505356249, 44.890068108420685 ], [ 11.284466303765678, 44.890966328457445 ], [ 11.283825038352816, 44.891402251390275 ], [ 11.282104878927438, 44.892075797376584 ], [ 11.269686149728205, 44.896521235033418 ], [ 11.264419267595223, 44.897631179147979 ], [ 11.253452468198656, 44.899891666845171 ], [ 11.250297927724883, 44.900521011336259 ], [ 11.249644052448369, 44.900317866043324 ], [ 11.248436226209822, 44.899855543129441 ], [ 11.245382604649073, 44.898250525535538 ], [ 11.23474353423248, 44.905975731046581 ], [ 11.236627772288264, 44.909485606866092 ], [ 11.243283642151795, 44.916781614898689 ], [ 11.243464830263315, 44.916899584954763 ], [ 11.246871801975166, 44.919146069999165 ], [ 11.249213953200123, 44.92070229011869 ], [ 11.254862807194064, 44.924533693579981 ], [ 11.256512059411859, 44.92620246653118 ], [ 11.260433758974621, 44.933101379257884 ], [ 11.249863062445124, 44.946912139416781 ], [ 11.248449965016871, 44.948704376343123 ], [ 11.246205680020312, 44.951438576311944 ], [ 11.249156701974158, 44.950037150094587 ], [ 11.250275962761199, 44.949528320935009 ], [ 11.256656828257046, 44.946755536433848 ], [ 11.258111988828473, 44.946366770292897 ], [ 11.261750189616217, 44.945431078557426 ], [ 11.263189054484908, 44.945266906371998 ], [ 11.266693166990754, 44.94399017674062 ], [ 11.270584044490901, 44.941197040638571 ], [ 11.271300800265417, 44.939405961027568 ], [ 11.27163601032127, 44.938867056251972 ], [ 11.272257162042978, 44.938322653126278 ], [ 11.276707927216139, 44.944825797076867 ], [ 11.279766179195061, 44.949414144868896 ], [ 11.28189623465954, 44.952756986297132 ], [ 11.283808714945343, 44.95575815230832 ], [ 11.284352129316414, 44.95661084703373 ], [ 11.285372871735589, 44.956761269505627 ], [ 11.293268811074496, 44.957683312120125 ], [ 11.296804350280366, 44.957639231258938 ], [ 11.301583514420189, 44.962358973165564 ], [ 11.304329992390258, 44.962249377918923 ], [ 11.306061857424686, 44.962124564297397 ], [ 11.308656811874037, 44.960460605086794 ], [ 11.310234992024288, 44.95933968327293 ], [ 11.311420869054109, 44.958551359325192 ], [ 11.312456917549992, 44.958206817576617 ], [ 11.313537859388104, 44.958291692216442 ], [ 11.329319188598507, 44.960698110358322 ], [ 11.336404032487383, 44.956890169571722 ], [ 11.336920677821396, 44.956659266171535 ], [ 11.337611439334205, 44.956352669973725 ], [ 11.357155462134566, 44.950080514966459 ], [ 11.358121019986966, 44.950132581434602 ], [ 11.359338679623566, 44.950458492247165 ], [ 11.360044424185897, 44.950903286757239 ], [ 11.361266980049203, 44.952966492146047 ], [ 11.361700291014628, 44.953947412803053 ], [ 11.362131842526741, 44.954577617751013 ], [ 11.362763763865717, 44.955465799299944 ], [ 11.372857085328533, 44.957667845357605 ], [ 11.374079209022922, 44.957777231356602 ], [ 11.378192691041221, 44.957925883674591 ], [ 11.398480106029593, 44.954985330776744 ], [ 11.399192702454755, 44.954827326404057 ], [ 11.399937826234787, 44.953968366253797 ], [ 11.408821088492324, 44.950037002824075 ], [ 11.41003335300473, 44.950227107015657 ], [ 11.42631345803872, 44.952104706510376 ], [ 11.42674203208362, 44.950083525538574 ], [ 11.426501823811144, 44.949604029669096 ], [ 11.426163354354555, 44.948792047067023 ], [ 11.425372185435743, 44.946261325122258 ], [ 11.4249299394657, 44.944780899071304 ], [ 11.424673350119997, 44.943805138724784 ], [ 11.424235355050081, 44.940938326610812 ], [ 11.424066251871908, 44.93933057455331 ], [ 11.423929700881533, 44.937893167630953 ], [ 11.424000295901397, 44.936559388764969 ], [ 11.424621640899728, 44.933557542900282 ], [ 11.424972660801943, 44.932262808921983 ], [ 11.425555356423276, 44.931053174149618 ], [ 11.426351595301497, 44.930100042492569 ], [ 11.427494802447951, 44.929562623416274 ], [ 11.429373425682746, 44.929045548368052 ], [ 11.431093016257028, 44.928954928750692 ], [ 11.432556973063068, 44.929112776947136 ], [ 11.434076896437322, 44.929395433737305 ], [ 11.452614218054887, 44.933130483381426 ], [ 11.456299144882889, 44.93418548714854 ], [ 11.459652022094859, 44.934945959930069 ], [ 11.461886088840952, 44.935325380258206 ], [ 11.464226597711484, 44.935713874137356 ], [ 11.465820273111854, 44.935994526719952 ], [ 11.467515990209462, 44.936202143064548 ], [ 11.469601804442513, 44.93637307013352 ], [ 11.477425496180004, 44.936761647318974 ], [ 11.485032849799939, 44.937127383916739 ], [ 11.490071682952541, 44.937296628010451 ], [ 11.497700756076693, 44.937282973104509 ], [ 11.499892819313436, 44.937270989710257 ], [ 11.503068588948032, 44.937147375535559 ], [ 11.506484508754061, 44.937009398974055 ], [ 11.512668609002525, 44.936702397110579 ], [ 11.515838411454459, 44.936443532153362 ], [ 11.518059276632298, 44.936511587895545 ], [ 11.519926409824997, 44.93660540686637 ], [ 11.523689573321532, 44.936899109271778 ], [ 11.534130503841567, 44.936245910947811 ], [ 11.549101241555684, 44.928826804502528 ], [ 11.551752673220193, 44.926581362190504 ], [ 11.552803081326497, 44.925693691660712 ], [ 11.554626999215309, 44.924194570911297 ], [ 11.556462729641353, 44.922767180295104 ], [ 11.557605975825799, 44.92194039868253 ], [ 11.558542808723768, 44.92135228096393 ], [ 11.560063751988231, 44.92050800834857 ], [ 11.561207858982232, 44.920023245938204 ], [ 11.563743288601511, 44.919183153904129 ], [ 11.565099454788824, 44.918909627128649 ], [ 11.566412588652108, 44.918808094749167 ], [ 11.569317710203231, 44.918607708400003 ], [ 11.570028510438254, 44.918636712679479 ], [ 11.571429828344771, 44.918524137358318 ], [ 11.572741734244268, 44.918395552764579 ], [ 11.575576080539122, 44.917746498604458 ], [ 11.578974968524399, 44.916850579247175 ], [ 11.581705533966401, 44.915202124669065 ], [ 11.583334556830128, 44.914195445030316 ], [ 11.584686696649337, 44.913183623580046 ], [ 11.585430490640734, 44.912442431829405 ], [ 11.585509698084806, 44.912357748592719 ], [ 11.586428680547799, 44.911339161814553 ], [ 11.58707498933641, 44.910120624854578 ], [ 11.587610570658661, 44.908770521035635 ], [ 11.587623142898426, 44.90872731339978 ], [ 11.587917844368409, 44.907133134525147 ], [ 11.588129127907516, 44.905640625731102 ], [ 11.588133320556006, 44.904787134946098 ], [ 11.588137086142838, 44.903887475991425 ], [ 11.588134320510951, 44.90215074567692 ], [ 11.588135495726073, 44.902113528898944 ], [ 11.588233106892815, 44.900654364691924 ], [ 11.588313355565781, 44.899520628847334 ], [ 11.588331611824058, 44.899262830190786 ], [ 11.588810744506059, 44.898073718581983 ], [ 11.588836430358308, 44.898012942862643 ], [ 11.589082348147523, 44.897459840986919 ], [ 11.589385779248618, 44.896786017017959 ], [ 11.590229082477627, 44.895081312957856 ], [ 11.591254787934428, 44.893234978970028 ], [ 11.592083579366156, 44.892039155417024 ], [ 11.593535832879477, 44.890892170933903 ], [ 11.595141639306714, 44.89025293984978 ], [ 11.595205493824805, 44.890230240297477 ], [ 11.596777211092185, 44.889738234624055 ], [ 11.599287741930738, 44.889213290487454 ], [ 11.600853464503203, 44.888988283239904 ], [ 11.614653599857711, 44.888123856147054 ], [ 11.615379816743078, 44.888099332088785 ], [ 11.617372896062991, 44.888034520731509 ], [ 11.619590289705988, 44.888064659422739 ], [ 11.621441275338062, 44.888391243948213 ], [ 11.623269047565309, 44.888781337358061 ], [ 11.624808733599162, 44.88922304053763 ], [ 11.63181657848833, 44.892941500200699 ], [ 11.64302862961007, 44.899114281019656 ], [ 11.650109711692737, 44.903270997685105 ], [ 11.6569334866687, 44.907058325162261 ], [ 11.663382296348511, 44.910772813075631 ], [ 11.664518764575874, 44.911385653734875 ], [ 11.665477931538279, 44.911897919856976 ], [ 11.665881700263844, 44.91211058843367 ], [ 11.669590075205793, 44.914062633216162 ], [ 11.67127772198412, 44.914756209991396 ], [ 11.672844863527709, 44.915165703183973 ], [ 11.675412163570828, 44.91536149155823 ], [ 11.675469418170774, 44.915366429116339 ], [ 11.678040152453521, 44.915613285758162 ], [ 11.687522417097538, 44.916849790638381 ], [ 11.689476587857182, 44.917365280983518 ], [ 11.693759896058529, 44.918698827375756 ], [ 11.693835529306879, 44.918723188435727 ], [ 11.694941928946941, 44.919098686965484 ], [ 11.69499673591773, 44.919118084736091 ], [ 11.696165143815636, 44.919545846344114 ], [ 11.697680200616453, 44.920152039101296 ], [ 11.698716569856002, 44.920711908889388 ], [ 11.699761708760247, 44.921227230429068 ], [ 11.701297578431934, 44.921918738357242 ], [ 11.701343797081101, 44.921939271665117 ], [ 11.706659219756038, 44.924099820635227 ], [ 11.707573659413621, 44.92446520881898 ], [ 11.710322344504695, 44.925169396594896 ], [ 11.715532227275075, 44.926337547718738 ], [ 11.7181288307714, 44.926623329928525 ], [ 11.718449872487842, 44.926657418850617 ], [ 11.721452113019671, 44.926738898870042 ], [ 11.723805636547784, 44.926700760517868 ], [ 11.725326780751548, 44.926458440011366 ], [ 11.726212062832779, 44.926238648484002 ], [ 11.727845263316354, 44.926208622184625 ], [ 11.729609290993869, 44.926265461567283 ], [ 11.731187306360718, 44.926407747235302 ], [ 11.732932462485588, 44.926609023406627 ], [ 11.734072551118391, 44.927135330885278 ], [ 11.737046950224494, 44.928670871743762 ], [ 11.738707493194743, 44.929747274845155 ], [ 11.740043116706095, 44.930660419311387 ], [ 11.74302909372696, 44.932731144128446 ], [ 11.744023053528336, 44.93364344790821 ], [ 11.744846859474954, 44.934973922062532 ], [ 11.744884684603191, 44.935605536521095 ], [ 11.744907136502817, 44.935980684805891 ], [ 11.744746369310427, 44.93712779668531 ], [ 11.744027269284084, 44.938792449074256 ], [ 11.743398678985152, 44.940229861126177 ], [ 11.741324218711259, 44.944051517411374 ], [ 11.739972133509328, 44.949780699575683 ], [ 11.74000323754275, 44.950159536427094 ], [ 11.740404275121612, 44.951626216382991 ], [ 11.741232730020254, 44.953091631358276 ], [ 11.742356172722319, 44.954585964000827 ], [ 11.743958361964323, 44.956023761441756 ], [ 11.745631000401303, 44.957333813566883 ], [ 11.747036296701275, 44.958096663787153 ], [ 11.74853379370869, 44.9584709755066 ], [ 11.748678761173462, 44.958507206854129 ], [ 11.750312654765775, 44.958737902467398 ], [ 11.752119150558478, 44.958874382663524 ], [ 11.753987360508935, 44.959000354631179 ], [ 11.756153059447998, 44.959052326764308 ], [ 11.756192946193339, 44.959053341150899 ], [ 11.756330796094966, 44.959056846882966 ], [ 11.756400724120734, 44.959059106124045 ], [ 11.758436199046034, 44.959243967854043 ], [ 11.760372362937416, 44.959431205382671 ], [ 11.762440390321558, 44.959732236397919 ], [ 11.764182152951193, 44.96009513869916 ], [ 11.772244693472151, 44.961972995762494 ], [ 11.780673070219768, 44.963470785246663 ], [ 11.782516412382529, 44.963839941892026 ], [ 11.783826507166237, 44.964186070522324 ], [ 11.787074226730656, 44.965529100131469 ], [ 11.788447234515365, 44.966386737008605 ], [ 11.790036961587576, 44.96754513609838 ], [ 11.791602154033006, 44.968735610848015 ], [ 11.793271900507934, 44.970225071897872 ], [ 11.795528118866935, 44.972298771374696 ], [ 11.797315530741677, 44.973848295407343 ], [ 11.799070727292507, 44.975002510972168 ], [ 11.800684360058559, 44.975845097594885 ], [ 11.802577783985448, 44.976482761784041 ], [ 11.804719119685785, 44.976961254991714 ], [ 11.806468006074461, 44.977161310695884 ], [ 11.808818732998395, 44.977292514851051 ], [ 11.811266651293684, 44.977295246282736 ], [ 11.813598388728016, 44.977264786462058 ], [ 11.815864533737772, 44.977181880430898 ], [ 11.81775671062559, 44.976973141299879 ], [ 11.81951912296474, 44.976704561625795 ], [ 11.824008692056195, 44.975936400437469 ], [ 11.825580430739997, 44.975402395236692 ], [ 11.827584133876691, 44.974691120594677 ], [ 11.833644224345337, 44.973348048061368 ], [ 11.835457546351211, 44.973086957656619 ], [ 11.836842896479771, 44.972899492216285 ], [ 11.83792775235804, 44.97278249621673 ], [ 11.838317927322219, 44.972789300742058 ], [ 11.853331424530632, 44.974293268687425 ], [ 11.870003906032194, 44.974775336443976 ], [ 11.875804099216822, 44.974404258813401 ], [ 11.87727787413381, 44.974457118510408 ], [ 11.881186705104783, 44.975033637182825 ], [ 11.883206901119884, 44.975360680742575 ], [ 11.887364379271913, 44.976371790744111 ], [ 11.889778499276794, 44.97697231865218 ], [ 11.891667614788247, 44.977464574632009 ], [ 11.893672627717883, 44.977746812028009 ], [ 11.895634615376425, 44.977922088951033 ], [ 11.897599818922179, 44.977917215193287 ], [ 11.89955998255782, 44.977804410503602 ], [ 11.904432272171739, 44.976888327782618 ], [ 11.906201860701305, 44.97651920486657 ], [ 11.907682835366545, 44.976211416390562 ], [ 11.90954475847947, 44.97592090970933 ], [ 11.91140794908028, 44.975648338731112 ], [ 11.915394513990723, 44.97524048284199 ], [ 11.921183377058528, 44.974651335647728 ], [ 11.922867906841697, 44.974608199455275 ], [ 11.924583086031831, 44.974676778914109 ], [ 11.926377187102926, 44.974792814737071 ], [ 11.926941091189475, 44.974877398954888 ], [ 11.927808526737676, 44.975012651230408 ], [ 11.930241762989477, 44.975517310773441 ], [ 11.9322578004011, 44.976005626152798 ], [ 11.936596582567709, 44.977289339212952 ], [ 11.938747522113685, 44.97797211492869 ], [ 11.941636109573864, 44.979157941126033 ], [ 11.943140394938906, 44.979803297259089 ], [ 11.944896516297982, 44.980667173662525 ], [ 11.946324940070651, 44.981323443797727 ], [ 11.950387110895432, 44.983126879396984 ], [ 11.951241607146294, 44.983464854560303 ], [ 11.958894147054712, 44.985998730667411 ], [ 11.960990027367572, 44.986547485249567 ], [ 11.962678867873576, 44.986827714374208 ], [ 11.964173225776472, 44.986779903027227 ], [ 11.975007741719395, 44.985831788010245 ], [ 11.983163126431769, 44.984349590690634 ], [ 11.985793961689904, 44.983716665904815 ], [ 11.988402534292691, 44.983388822215225 ], [ 11.996561857069896, 44.982238637128553 ], [ 11.99926685976531, 44.981573436193614 ], [ 12.002432903354116, 44.980508961395628 ], [ 12.00559931174819, 44.979453398877311 ], [ 12.013162574790025, 44.977111469817771 ], [ 12.015454369389522, 44.976555825592278 ], [ 12.023225184916647, 44.976728260866885 ], [ 12.034655698864027, 44.976793895981707 ], [ 12.039545275036989, 44.976681742151108 ], [ 12.043110254043384, 44.976703741056518 ], [ 12.047486844557808, 44.976963509317173 ], [ 12.050791684940586, 44.974473188566044 ], [ 12.051343361070051, 44.974071202387627 ], [ 12.051637562398593, 44.973856828616178 ], [ 12.052293524069572, 44.973379800747054 ], [ 12.053713357309032, 44.972414615058177 ], [ 12.055367533119355, 44.971326108424428 ], [ 12.056842892244164, 44.970623094227747 ], [ 12.056888799992178, 44.970601221013254 ], [ 12.059035314710384, 44.969949562947683 ], [ 12.061057312375761, 44.969580275381325 ], [ 12.064034537817509, 44.969527357856606 ], [ 12.066465426308577, 44.969930151666858 ], [ 12.069181932190579, 44.970694283522363 ], [ 12.072348111476311, 44.972040368509752 ], [ 12.091563584372311, 44.970207037874708 ], [ 12.099811916273643, 44.966076417634788 ], [ 12.101231129197021, 44.96182646394324 ], [ 12.107085168058783, 44.961755710977911 ], [ 12.108963345747725, 44.961551511592361 ], [ 12.111240355281387, 44.960985332421004 ], [ 12.113134080800533, 44.960366563649352 ], [ 12.114929430114902, 44.959102304493499 ], [ 12.11618323554401, 44.957672768984963 ], [ 12.117058674064449, 44.956046518300354 ], [ 12.117474437356794, 44.954828901821656 ], [ 12.117532820788631, 44.953098943463367 ], [ 12.117531792195187, 44.951208572681367 ], [ 12.122467134997803, 44.943106920023219 ], [ 12.127962260360439, 44.937168171351566 ], [ 12.138890914421808, 44.929567455046225 ], [ 12.140603523563426, 44.928440098975138 ], [ 12.142424359394445, 44.927903858805095 ], [ 12.144342418495762, 44.928220086941273 ], [ 12.158029250918851, 44.930551632686772 ], [ 12.158908584299597, 44.93110341029162 ], [ 12.15914359775247, 44.931691025374022 ], [ 12.158792288761111, 44.933141060036611 ], [ 12.158722816600804, 44.934646305502341 ], [ 12.159154921090234, 44.936515743721543 ], [ 12.159876616708242, 44.937657001864146 ], [ 12.161068856116538, 44.938596186315493 ], [ 12.163247439576846, 44.93972405449707 ], [ 12.165034093443106, 44.940637706599922 ], [ 12.167340169452986, 44.941545911743844 ], [ 12.169144604547231, 44.942089931580846 ], [ 12.170675930200387, 44.942047382613751 ], [ 12.17232614977264, 44.941632425157195 ], [ 12.173617074744316, 44.940678333416599 ], [ 12.174890598184467, 44.939409634653344 ], [ 12.175856656801233, 44.93739332403301 ], [ 12.176557908409661, 44.935402377508495 ], [ 12.177886584892487, 44.933528988263831 ], [ 12.179338978212279, 44.931832165390283 ], [ 12.180654618029724, 44.930643247763044 ], [ 12.182167431212331, 44.929583843416715 ], [ 12.1831492717256, 44.928942755278321 ], [ 12.184185536960056, 44.928267267970433 ], [ 12.186053990006586, 44.927224892136799 ], [ 12.187670104335224, 44.926432590147442 ], [ 12.189139148159637, 44.925959438118966 ], [ 12.191272010603125, 44.92557572634847 ], [ 12.194173928031271, 44.925350488986837 ], [ 12.19805430299323, 44.925403814652086 ], [ 12.199962524990756, 44.925539347075926 ], [ 12.201449105366899, 44.925839708739431 ], [ 12.2020575878604, 44.926079185406721 ], [ 12.202483739142236, 44.926215760378803 ], [ 12.203789709303994, 44.926458155292742 ], [ 12.206422997069435, 44.926870276122514 ], [ 12.208983546814954, 44.927113349516809 ], [ 12.211196607293626, 44.927033071117052 ], [ 12.213550167539214, 44.926291657425779 ], [ 12.215872845037067, 44.92545204270597 ], [ 12.217937799884876, 44.924763676782568 ], [ 12.220155531663455, 44.924088970588429 ], [ 12.221951636320661, 44.923579163331404 ], [ 12.223701621208171, 44.923151643507246 ], [ 12.224971806218679, 44.922980719297954 ], [ 12.225133593070863, 44.923007057722685 ], [ 12.226762040046388, 44.923272163669907 ], [ 12.22848540581815, 44.923952564372208 ], [ 12.229590429736772, 44.924677452880481 ], [ 12.231719016843135, 44.92648057029156 ], [ 12.233186812165307, 44.928248372626278 ], [ 12.233911882995249, 44.929200026744944 ], [ 12.235150576357519, 44.930947289451872 ], [ 12.235813959080835, 44.931927687311841 ], [ 12.236417673019178, 44.932747738163471 ], [ 12.237545706437166, 44.933876976267555 ], [ 12.238538410809406, 44.934507992346596 ], [ 12.23880742057513, 44.93467833920333 ], [ 12.239564579818447, 44.935070929752484 ], [ 12.256183144383801, 44.942528489027488 ], [ 12.256904014974241, 44.942723959739872 ], [ 12.257760020774322, 44.942843545808074 ], [ 12.274488933675679, 44.943471831145011 ], [ 12.276164314190973, 44.943288704097192 ], [ 12.280868808441037, 44.941767201366311 ], [ 12.281853966972417, 44.941261769864454 ], [ 12.283117680246789, 44.940307210418602 ], [ 12.28383041327657, 44.939692567700462 ], [ 12.292279105820116, 44.931626392008461 ], [ 12.293307818304699, 44.930336423690974 ], [ 12.294010133208655, 44.929100896226146 ], [ 12.294737316053075, 44.927414530273822 ], [ 12.294871313100165, 44.926213407861979 ], [ 12.294747074496531, 44.92537081951717 ], [ 12.294133888132254, 44.924398316120751 ], [ 12.293182899790878, 44.923057478339189 ], [ 12.291910051526525, 44.921626899433228 ], [ 12.290401059266427, 44.920275138774372 ], [ 12.289347848401054, 44.919360306149848 ], [ 12.284089559545086, 44.914245667608462 ], [ 12.283306119768127, 44.913169983318951 ], [ 12.28218536329396, 44.911509869004078 ], [ 12.28187220011336, 44.910015554627364 ], [ 12.282328513467183, 44.907796948044997 ], [ 12.283390793829749, 44.905542902375601 ], [ 12.283980456223668, 44.903887577947813 ], [ 12.284880164162564, 44.899450715198086 ], [ 12.285149543075288, 44.897066445842313 ], [ 12.285282018814307, 44.895613308485281 ], [ 12.285156310109967, 44.894518691280211 ], [ 12.284551915834509, 44.893691417030418 ], [ 12.284049138734424, 44.888645287762863 ], [ 12.284023821856596, 44.886422526702312 ], [ 12.284704896411043, 44.878373158606834 ], [ 12.285995979472982, 44.872367667693595 ], [ 12.286650719688128, 44.870305355244589 ], [ 12.287909289614799, 44.868621719426606 ], [ 12.294108695908474, 44.860359092613791 ], [ 12.295149530240378, 44.859302806127005 ], [ 12.297879107908987, 44.857234489486615 ], [ 12.299854010848859, 44.856358193495346 ], [ 12.301932203844164, 44.855739938918227 ], [ 12.303835739267306, 44.855387754810408 ], [ 12.306116995692562, 44.855222640048716 ], [ 12.309621747756283, 44.854985987481001 ], [ 12.317435871648316, 44.854200892072498 ], [ 12.322599661149694, 44.853546494768167 ], [ 12.327059327104864, 44.852808876407494 ], [ 12.332500041698751, 44.852735589489832 ], [ 12.334391500235448, 44.852617302723125 ], [ 12.33631841712938, 44.852236883893475 ], [ 12.338428897751074, 44.85131094721482 ], [ 12.340533753612759, 44.850070073441337 ], [ 12.341574576027012, 44.849031360543783 ], [ 12.342466012267511, 44.847816979105808 ], [ 12.343091974461542, 44.846826424170295 ], [ 12.343452114096419, 44.84583464770968 ], [ 12.343587663883685, 44.843805225524981 ], [ 12.343624748733951, 44.84182369290113 ], [ 12.34373904734143, 44.840082958196639 ], [ 12.343892646828289, 44.838584117364057 ], [ 12.344555319552137, 44.835170931546394 ], [ 12.346144992941348, 44.829417033432676 ], [ 12.351747408435859, 44.81935932048664 ], [ 12.353168303666461, 44.817198778428178 ], [ 12.353281638907738, 44.817027717038044 ], [ 12.355192217652906, 44.815081111092148 ], [ 12.357370209188737, 44.813603711788602 ], [ 12.358972731330056, 44.813106432721973 ], [ 12.360562602430342, 44.812609504663769 ], [ 12.362046743206127, 44.812034648850762 ], [ 12.363119478450791, 44.811561925341806 ], [ 12.364037555732979, 44.811039748072183 ], [ 12.368858175006542, 44.808043836354479 ], [ 12.37403809508605, 44.804713014013537 ], [ 12.376228365654065, 44.803243888622468 ], [ 12.377636943371272, 44.802247979354178 ], [ 12.37935261170006, 44.801098908200608 ], [ 12.381693531155342, 44.799832266557566 ], [ 12.388286073313198, 44.796683965037133 ], [ 12.390226478000098, 44.795924151864831 ], [ 12.393481946436363, 44.794738101571163 ], [ 12.394310614891349, 44.79444018653291 ], [ 12.395227947187101, 44.794114514186532 ], [ 12.398107696608706, 44.792777479806048 ], [ 12.396763299630523, 44.790683970678309 ], [ 12.39672107234377, 44.790262192785441 ], [ 12.395616110926417, 44.78909780630562 ], [ 12.394376097187353, 44.78821651267257 ], [ 12.392945289000313, 44.787313855207437 ], [ 12.390705782260536, 44.786248443980533 ], [ 12.389473217399173, 44.785761087687206 ], [ 12.387283583436218, 44.784921062742214 ], [ 12.376031314686754, 44.78351596664028 ], [ 12.375195292629545, 44.783516889625446 ], [ 12.373944421448746, 44.783674355275863 ], [ 12.372801815889957, 44.784394113299072 ], [ 12.37024845947334, 44.784680882503707 ], [ 12.368205970442881, 44.784736033538763 ], [ 12.364841460208572, 44.784754082838688 ], [ 12.344092676273876, 44.786000718134687 ], [ 12.330415811762297, 44.7869018975994 ], [ 12.32869688797677, 44.787101030235718 ], [ 12.325565068184357, 44.787530919871379 ], [ 12.324493101875877, 44.787738209328722 ], [ 12.322526988263746, 44.788269450052297 ], [ 12.321932700812425, 44.788516966061195 ], [ 12.31714490202628, 44.790579205102304 ], [ 12.31544324805443, 44.791414088126317 ], [ 12.315205741260762, 44.791583491608442 ], [ 12.314104972553192, 44.792617553286632 ], [ 12.313980593969227, 44.792770124839535 ], [ 12.31396780674695, 44.792878828876695 ], [ 12.318394578174745, 44.793467830221523 ], [ 12.320812900904908, 44.79120371805179 ], [ 12.321879860941698, 44.79057681973692 ], [ 12.322531898758395, 44.790341164900468 ], [ 12.323373775256206, 44.790099974222507 ], [ 12.32809219368062, 44.789149906328213 ], [ 12.330656894158215, 44.788777134003681 ], [ 12.344961763472012, 44.786869802052017 ], [ 12.350815265278344, 44.78860359948596 ], [ 12.350823528774036, 44.788746262950639 ], [ 12.350627325969191, 44.788823477706543 ], [ 12.349924391104253, 44.78903987256237 ], [ 12.349772700445262, 44.789086568578341 ], [ 12.348982378064424, 44.789300504066468 ], [ 12.344842698900081, 44.790303033925369 ], [ 12.340325046608124, 44.79141213081423 ], [ 12.337654651462968, 44.792085552896282 ], [ 12.332353524978284, 44.793479435948647 ], [ 12.332032927535039, 44.793578820985189 ], [ 12.331660793071705, 44.793716280537858 ], [ 12.326667183043655, 44.795845828005397 ], [ 12.326446446898169, 44.795978292767394 ], [ 12.326411501113403, 44.796249933758936 ], [ 12.326443981202807, 44.796375013763466 ], [ 12.326674027179736, 44.796404311338051 ], [ 12.326798175427838, 44.796364683314962 ], [ 12.327690885646364, 44.796032014719252 ], [ 12.331515116937664, 44.794712437402147 ], [ 12.336863247488154, 44.79287105860741 ], [ 12.338835186519599, 44.792265362873707 ], [ 12.347791274693289, 44.790097821176587 ], [ 12.362553562814183, 44.787182436794041 ], [ 12.364205632133201, 44.786871541941338 ], [ 12.365018051559279, 44.786726612750222 ], [ 12.366647552611111, 44.786517058667435 ], [ 12.369585113688846, 44.786168135742315 ], [ 12.375746787291675, 44.785522348319603 ], [ 12.377524458956662, 44.785429777102934 ], [ 12.380187700299464, 44.785471850326552 ], [ 12.386466268832747, 44.788359621824668 ], [ 12.387572877603887, 44.789304190244962 ], [ 12.387654435163867, 44.789725421161684 ], [ 12.384664577805616, 44.790032477583424 ], [ 12.37969024601313, 44.790627820681152 ], [ 12.374382504151336, 44.79136052614389 ], [ 12.373654683983382, 44.791629044625687 ], [ 12.372747387529545, 44.792220747341425 ], [ 12.372688316875474, 44.793131689086891 ], [ 12.37314972487089, 44.79588107558169 ], [ 12.373167744436516, 44.796189982720989 ], [ 12.364554775953952, 44.80307203569874 ], [ 12.364024644700374, 44.803440998075928 ], [ 12.362419795317932, 44.804313681405333 ], [ 12.360652262405468, 44.805229956440193 ], [ 12.356064173047564, 44.807958158812838 ], [ 12.351375058337473, 44.810846116079865 ], [ 12.350736313461724, 44.811689121087809 ], [ 12.353402876533099, 44.812081105630227 ], [ 12.354596612684924, 44.812139962029399 ], [ 12.355463851084412, 44.812279300841311 ], [ 12.350397991659772, 44.817250956131268 ], [ 12.345365235666055, 44.819459441766085 ], [ 12.339747931696769, 44.81745709944073 ], [ 12.333478445371115, 44.824577364013592 ], [ 12.333065011979695, 44.827394045872154 ], [ 12.333006383886042, 44.828773454738517 ], [ 12.316610934375841, 44.838534349319978 ], [ 12.308601320945785, 44.842309586799161 ], [ 12.287534948940811, 44.842225691174811 ], [ 12.284776890713866, 44.840730621243701 ], [ 12.266131242726223, 44.823350555314043 ], [ 12.264481462921426, 44.821687396805686 ], [ 12.258928443694803, 44.815625761248292 ], [ 12.25834909863096, 44.815467306680432 ], [ 12.257775451104001, 44.815190566137616 ], [ 12.258107101785816, 44.814736061103957 ], [ 12.259746499025489, 44.813545974586567 ], [ 12.267748014249921, 44.808601134662887 ], [ 12.266309654086177, 44.804351137628011 ], [ 12.272590102982321, 44.81020081412175 ], [ 12.280432510674414, 44.816975040263316 ], [ 12.282263314651706, 44.81795049136165 ], [ 12.283414437993288, 44.81809500387709 ], [ 12.28418681139741, 44.818045410215781 ], [ 12.285624284171485, 44.817701583990335 ], [ 12.286070548915475, 44.817216321239599 ], [ 12.285973732668319, 44.816763589738649 ], [ 12.28133630904331, 44.811447502087169 ], [ 12.27804243771042, 44.80850527841838 ], [ 12.276130918283471, 44.807379167059338 ], [ 12.275785520813434, 44.8071360115608 ], [ 12.275235649885174, 44.806628783440118 ], [ 12.27397933422229, 44.804522131778285 ], [ 12.272469324514287, 44.800255476730769 ], [ 12.265791856350425, 44.79085066237198 ], [ 12.264389685321561, 44.789130444504238 ], [ 12.257096327666888, 44.779880834517961 ], [ 12.248307327934032, 44.762765017864375 ], [ 12.247418637942342, 44.758915669706063 ], [ 12.247625124682775, 44.758177778262286 ], [ 12.24807765701445, 44.757407641234856 ], [ 12.24848423634376, 44.756449489662842 ], [ 12.247634543185848, 44.752031099326977 ], [ 12.245741077113644, 44.745424194996176 ], [ 12.244508683879387, 44.74117183966645 ], [ 12.243783845739173, 44.73752621811726 ], [ 12.242621660673091, 44.729396055492792 ], [ 12.242304141733788, 44.72710505091144 ], [ 12.240848593017457, 44.710338197167346 ], [ 12.240773616802208, 44.709272379248162 ], [ 12.240227929207508, 44.699640720287256 ], [ 12.240172134283869, 44.693988123073233 ], [ 12.240177825509448, 44.691763363375046 ], [ 12.240243685105163, 44.69100450920169 ], [ 12.241095646580673, 44.68669296399721 ], [ 12.244093784776343, 44.679040235943653 ], [ 12.24472764036283, 44.677970834470209 ], [ 12.245869444146873, 44.676436222114077 ], [ 12.246116447685115, 44.676232438219863 ], [ 12.246605484176039, 44.676218707141956 ], [ 12.246786533372699, 44.676251922465617 ], [ 12.249570113691775, 44.676845343189655 ], [ 12.250367839938887, 44.676590759791225 ], [ 12.25044593730105, 44.67653047915082 ], [ 12.250905439914904, 44.676170004495845 ], [ 12.250967181229056, 44.674292313837185 ], [ 12.250916684546592, 44.673886805375346 ], [ 12.25054377659418, 44.670949544976288 ], [ 12.25050076255714, 44.66695078537321 ], [ 12.250503782535278, 44.663774527698827 ], [ 12.250782672413559, 44.661056892248844 ], [ 12.254827204087654, 44.651211211637055 ], [ 12.255536106055313, 44.649526110424013 ], [ 12.258874155646895, 44.642875560192749 ], [ 12.259418166495571, 44.641861125226143 ], [ 12.260434304952133, 44.640302111447546 ], [ 12.261000070883643, 44.639612933815613 ], [ 12.263474270284396, 44.637135787607754 ], [ 12.264560302268729, 44.636215814428496 ], [ 12.26512176680612, 44.635767999087847 ], [ 12.265314835247214, 44.635724381924362 ], [ 12.26626946460903, 44.634681162144801 ], [ 12.266585296366197, 44.634291164464074 ], [ 12.266998000283188, 44.633726969074324 ], [ 12.268943156480971, 44.631017228219648 ], [ 12.269579893804027, 44.629804826418464 ], [ 12.26873132678147, 44.629220939704162 ], [ 12.267164045949023, 44.627866532156304 ], [ 12.265932033840343, 44.627028591853779 ], [ 12.265053980377932, 44.626432565439501 ], [ 12.260868392726318, 44.623725574399153 ], [ 12.252574347945885, 44.622272395155932 ], [ 12.247054035064346, 44.621708951679267 ], [ 12.246318118520692, 44.621749986350892 ], [ 12.245784746270482, 44.621779112748939 ], [ 12.244705169633882, 44.621638496211816 ], [ 12.242838991498092, 44.621394762255981 ], [ 12.237084043897744, 44.620585955738534 ], [ 12.23045825544548, 44.614985307839106 ], [ 12.199497744743621, 44.588490826190622 ], [ 12.176524887489064, 44.568481449403201 ], [ 12.164085535966956, 44.557394132525751 ], [ 12.157109353076168, 44.551339512521643 ], [ 12.153781137252341, 44.548452030161066 ], [ 12.152281287342111, 44.548236673535605 ], [ 12.130722114301726, 44.545711201172232 ], [ 12.130633375822365, 44.545709541664522 ], [ 12.128542708051331, 44.545680955181226 ], [ 12.127502419456592, 44.545709474204031 ], [ 12.12599100883039, 44.545750892782699 ], [ 12.117017183315724, 44.546725587520342 ], [ 12.116811940906182, 44.546760849900245 ], [ 12.114135990542815, 44.547227368469123 ], [ 12.112896691538372, 44.547594266870533 ], [ 12.100723665647859, 44.552020592879721 ], [ 12.096002180844723, 44.555808768734828 ], [ 12.095928329024591, 44.556493727114919 ], [ 12.095643392152116, 44.557355155732843 ], [ 12.095275746409994, 44.557811686002168 ], [ 12.094986726134504, 44.558134740837318 ], [ 12.094511038927475, 44.558401554748883 ], [ 12.094129901710412, 44.558604517081491 ], [ 12.093578500965616, 44.558829612274145 ], [ 12.093157468694075, 44.558972369976743 ], [ 12.092724179116585, 44.559115459253576 ], [ 12.079324228505797, 44.561225576416462 ], [ 12.075991189481936, 44.561297465494384 ], [ 12.07505550179415, 44.561223661031477 ], [ 12.074694539742964, 44.561183868682427 ], [ 12.073890172725982, 44.561093019529437 ], [ 12.071142036969755, 44.560554865347491 ], [ 12.069199114703041, 44.560003984068963 ], [ 12.067703102271579, 44.558612836843729 ], [ 12.067086340598886, 44.557180043344857 ], [ 12.067508247785362, 44.55538623061198 ], [ 12.067937626497852, 44.552652380401909 ], [ 12.067904980550693, 44.552402259856542 ], [ 12.067840396113258, 44.551915956146594 ], [ 12.067632921782961, 44.551308012794301 ], [ 12.067411839271161, 44.550811975752936 ], [ 12.067223428821901, 44.550566043061416 ], [ 12.066744067569347, 44.549979343713069 ], [ 12.066052016263871, 44.549426233567672 ], [ 12.064168897894175, 44.548093780922471 ], [ 12.063833704085694, 44.548080527675104 ], [ 12.063460113027682, 44.548068048653477 ], [ 12.06152129607927, 44.548066083723839 ], [ 12.059542758628412, 44.548506252628037 ], [ 12.057729139475255, 44.549212029888245 ], [ 12.05260979352753, 44.551221601325103 ], [ 12.051995914321589, 44.55153509610026 ], [ 12.050733750563213, 44.55218100581569 ], [ 12.048646469686446, 44.553677169822159 ], [ 12.04735849514303, 44.554809856066726 ], [ 12.044940776484227, 44.556008706454023 ], [ 12.040549844606264, 44.557278096803472 ], [ 12.038791495384597, 44.557604016689368 ], [ 12.033412145582364, 44.558861323176643 ], [ 12.030253882905779, 44.559770931140527 ], [ 12.028087484672222, 44.560476626677023 ], [ 12.027983449458263, 44.563042969274797 ], [ 12.028043933181531, 44.563192160079318 ], [ 12.028152514812822, 44.563432294271543 ], [ 12.02883770501904, 44.564017266859395 ], [ 12.029860549280148, 44.564557246960433 ], [ 12.030964990579182, 44.56925221342339 ], [ 12.027033352963075, 44.576803456457853 ], [ 12.026150661809146, 44.577754109846651 ], [ 12.025055942375193, 44.57850331430717 ], [ 12.023797699299704, 44.579013790451953 ], [ 12.022167179454637, 44.579390066752055 ], [ 12.02031068984161, 44.57978131614891 ], [ 12.018453711048341, 44.580163551230221 ], [ 12.015224539001563, 44.580827324636367 ], [ 12.015177351220686, 44.580835964305329 ], [ 12.005019370801271, 44.583545624243662 ], [ 12.007094328001315, 44.594912525396737 ], [ 12.007214501114404, 44.595123131600104 ], [ 12.007357413031681, 44.595492304049721 ], [ 12.007393797132128, 44.595586312121391 ], [ 12.007433156488947, 44.595918352889072 ], [ 12.007217005246318, 44.596891572124434 ], [ 12.007004227940421, 44.597499913006111 ], [ 12.006683036837879, 44.598158676019338 ], [ 12.0063717388414, 44.598579272538387 ], [ 12.005542700486531, 44.599291070398237 ], [ 12.003884749458631, 44.599858146962639 ], [ 12.002196525918281, 44.600202578528865 ], [ 12.001725182949809, 44.600207385212443 ], [ 12.001536982701953, 44.600207836491037 ], [ 12.001467000905006, 44.600200312134035 ], [ 12.000662735044081, 44.600113793493243 ], [ 11.999813640998733, 44.600019102317347 ], [ 11.997653213170732, 44.59966177149655 ], [ 11.966099733263045, 44.594409770829877 ], [ 11.960379902559845, 44.593171938738763 ], [ 11.960067354158648, 44.593093578842463 ], [ 11.956724124083987, 44.592136734287287 ], [ 11.956550248819569, 44.591986778234428 ], [ 11.955737525988436, 44.591698924529062 ], [ 11.954691732760704, 44.591405227813993 ], [ 11.95025471842065, 44.590468527728881 ], [ 11.949162767083068, 44.590247249977239 ], [ 11.948240470234426, 44.590092873046977 ], [ 11.917682615577508, 44.585157475078169 ], [ 11.897777617982102, 44.582292627534216 ], [ 11.893344568044455, 44.581405858547633 ], [ 11.893146551586678, 44.581365874135336 ], [ 11.888966255737639, 44.580382497649019 ], [ 11.883930350981643, 44.579159510958192 ], [ 11.880734137302134, 44.578457046464351 ], [ 11.874934124774347, 44.577568053175177 ], [ 11.870825069068772, 44.577436541090485 ], [ 11.866409256952036, 44.573377801436159 ], [ 11.866009992080652, 44.572957328216106 ], [ 11.864088480371146, 44.570797706302365 ], [ 11.863565043282783, 44.569949842868382 ], [ 11.861639901558366, 44.566747831551048 ], [ 11.861527076046659, 44.566464687694356 ], [ 11.861427886087334, 44.566196558162424 ], [ 11.860735910613803, 44.563489438356811 ], [ 11.860440551539648, 44.560975328108157 ], [ 11.86032227537393, 44.559791327494892 ], [ 11.860315046570742, 44.559643902887231 ], [ 11.858821983148575, 44.559017111240841 ], [ 11.858261321781278, 44.558809766202017 ], [ 11.857176145265504, 44.558431035039391 ], [ 11.84958577639793, 44.556068534235905 ], [ 11.844403117036528, 44.555798082521576 ], [ 11.843820319290602, 44.556193919140156 ], [ 11.84036297219288, 44.558500190560594 ], [ 11.840044867964492, 44.558680308007105 ], [ 11.83785705484881, 44.559503496508128 ], [ 11.835389506763438, 44.560413536053034 ], [ 11.83198990121557, 44.561617253671905 ], [ 11.800345209322352, 44.556601772770058 ], [ 11.798847007713231, 44.556341433145427 ], [ 11.793614453307276, 44.555398369276254 ], [ 11.791272101355228, 44.554861518712812 ], [ 11.789194771203439, 44.554343272530801 ], [ 11.787613389577904, 44.548736885146781 ], [ 11.784519398214705, 44.537515272743171 ], [ 11.782739477491004, 44.531031864938669 ], [ 11.780614347665191, 44.522556306153838 ], [ 11.779128100302003, 44.5081829434965 ], [ 11.77868844195989, 44.503516401471423 ], [ 11.773796124786216, 44.505670803624611 ], [ 11.763112643171128, 44.510359177069091 ], [ 11.757815150480603, 44.506373185199053 ], [ 11.749772774569019, 44.497569292467197 ], [ 11.750188089741393, 44.497473755004876 ], [ 11.751151520624459, 44.497265996698737 ], [ 11.751735391012327, 44.497143881331255 ], [ 11.759468041252054, 44.495568681650923 ], [ 11.760792516433691, 44.495300195955274 ], [ 11.761801646627605, 44.495095742488843 ], [ 11.76379988583655, 44.49469627181535 ], [ 11.768179612278979, 44.493824911716104 ], [ 11.772391092489794, 44.492988981992255 ], [ 11.778475345732243, 44.491171065415436 ], [ 11.796705822333383, 44.485693400089374 ], [ 11.796299129314418, 44.485406270047562 ], [ 11.795276350805823, 44.484562591140879 ], [ 11.792886989727974, 44.482586540954507 ], [ 11.790924586206762, 44.480924067944066 ], [ 11.790691782607434, 44.480722712191486 ], [ 11.790008951765548, 44.480082218580634 ], [ 11.789675538555221, 44.479729112931921 ], [ 11.787581043270986, 44.477454306966116 ], [ 11.78411177168875, 44.473546405976059 ], [ 11.782358149351831, 44.47153658888481 ], [ 11.781855867520132, 44.470954677771708 ], [ 11.781674503669359, 44.470743034259549 ], [ 11.780381328088637, 44.467241077267516 ], [ 11.788249331949451, 44.463533582109918 ], [ 11.788282816147849, 44.463519316031871 ], [ 11.788612827246927, 44.463421241814281 ], [ 11.789163372827916, 44.463268237961287 ], [ 11.790284613928135, 44.462957249062164 ], [ 11.791134173188659, 44.463242567990264 ], [ 11.791255232138653, 44.463343132293232 ], [ 11.791419341202399, 44.463456157280604 ], [ 11.797642245811282, 44.461327728624362 ], [ 11.798231750051317, 44.461070219849177 ], [ 11.798648669663148, 44.460884438798814 ], [ 11.798874829847687, 44.460782134910247 ], [ 11.798911666971275, 44.460765467120261 ], [ 11.798369394238893, 44.459874000399118 ], [ 11.798244459611094, 44.459692507428755 ], [ 11.79773097947005, 44.458975909565581 ], [ 11.793452355616704, 44.453044530381277 ], [ 11.781334455061538, 44.436267221437078 ], [ 11.785875812714689, 44.434729548651688 ], [ 11.793027596750269, 44.432442439542058 ], [ 11.797332098373802, 44.431141151599931 ], [ 11.799092006118512, 44.43048558179715 ], [ 11.799526324749841, 44.430240851555034 ], [ 11.801474601480987, 44.427730848290118 ], [ 11.802256160078008, 44.42739207235568 ], [ 11.807967743175077, 44.425199113918239 ], [ 11.827318952548971, 44.417748908064382 ], [ 11.840427720460978, 44.423570089480123 ], [ 11.836857380634187, 44.414045304414955 ], [ 11.836598069231233, 44.413465287760268 ], [ 11.836211444278151, 44.412608367451419 ], [ 11.835491465341102, 44.411712489705629 ], [ 11.835402005207158, 44.411615686157667 ], [ 11.826295995774284, 44.402195321427968 ], [ 11.825012802241215, 44.4010387550018 ], [ 11.823898865674201, 44.400071541006902 ], [ 11.823602557127499, 44.399817781255344 ], [ 11.822874827296314, 44.399340651541479 ], [ 11.822675727491369, 44.399215040310288 ], [ 11.819454097355427, 44.397305106865637 ], [ 11.817211427888479, 44.39596958070728 ], [ 11.816570996944781, 44.395445230553491 ], [ 11.815847493735848, 44.394792390714592 ], [ 11.81444662990708, 44.393503480746737 ], [ 11.810869133967763, 44.388896887580586 ], [ 11.81071418749063, 44.388545103305638 ], [ 11.809944071434302, 44.383223963377219 ], [ 11.809279126021565, 44.381022767630327 ], [ 11.809334249155386, 44.380305710969274 ], [ 11.809188199240408, 44.379647610184641 ], [ 11.808904447015792, 44.378898386433988 ], [ 11.808622275409745, 44.378248133396269 ], [ 11.808294730509028, 44.377797067259692 ], [ 11.807855347057099, 44.37753329093168 ], [ 11.80722414376803, 44.377589325236372 ], [ 11.806408134138236, 44.377915487983749 ], [ 11.805678003766708, 44.378397065117774 ], [ 11.804472972785918, 44.379119886466349 ], [ 11.803669332538476, 44.379409718581741 ], [ 11.80267010625507, 44.379645811798341 ], [ 11.80166701092895, 44.379701948765039 ], [ 11.800623698844836, 44.379606016670252 ], [ 11.799972101842046, 44.379432947811537 ], [ 11.799343014477595, 44.379007266529158 ], [ 11.798924618889867, 44.378459357048698 ], [ 11.799533518516201, 44.37211109145877 ], [ 11.794541007615893, 44.366566302020722 ], [ 11.793765738173073, 44.364712747075913 ], [ 11.788805623193225, 44.360485787062274 ], [ 11.788406261086964, 44.353559017084976 ], [ 11.785967023804584, 44.348059470604952 ], [ 11.774431257493099, 44.336038343011481 ], [ 11.771384184862885, 44.334462634612144 ], [ 11.769640995474635, 44.333669962593156 ], [ 11.768562776641964, 44.333180710448417 ], [ 11.765210276876193, 44.333637838644776 ], [ 11.758869858343369, 44.33233510117924 ], [ 11.758829962895566, 44.332320299904168 ], [ 11.758762283791327, 44.332281430651193 ], [ 11.749886389660329, 44.321793245123608 ], [ 11.743381842014747, 44.316919984967832 ], [ 11.742869260383133, 44.316482152572014 ], [ 11.742828795829082, 44.316404360773362 ], [ 11.742831442046594, 44.316343525916871 ], [ 11.742872079377022, 44.31600495974137 ], [ 11.742891758792826, 44.315956093449287 ], [ 11.742972980642993, 44.315781966705508 ], [ 11.742494413832036, 44.314695126848491 ], [ 11.740497571155744, 44.312136818677978 ], [ 11.736498591398703, 44.30917276339224 ], [ 11.732972000616119, 44.306073891668625 ], [ 11.727309269996633, 44.304368275485665 ], [ 11.724735136937737, 44.304245212751354 ], [ 11.724583807442459, 44.304226311802054 ], [ 11.724495315647124, 44.304210412191516 ], [ 11.724027936202969, 44.304032507077039 ], [ 11.722088361703539, 44.302957943876642 ], [ 11.713881598845301, 44.298332425875905 ], [ 11.713179832418639, 44.297826958273404 ], [ 11.712984897362023, 44.297574996191564 ], [ 11.711042927456157, 44.295010360796411 ], [ 11.710904511828653, 44.294590524568065 ], [ 11.710924800618374, 44.294486497206165 ], [ 11.710993610128858, 44.29438133637926 ], [ 11.711035915848521, 44.294245294349139 ], [ 11.711028440704958, 44.29415094265778 ], [ 11.709097345272738, 44.290456159989269 ], [ 11.709014951330964, 44.290368085765515 ], [ 11.708608394459601, 44.290044640459271 ], [ 11.708543735310142, 44.290001168004871 ], [ 11.702658594427238, 44.287939495039637 ], [ 11.696115905985748, 44.28868389211403 ], [ 11.691106196920298, 44.289517839319089 ], [ 11.691091727577064, 44.289783755637615 ], [ 11.691089865895538, 44.289914337324007 ], [ 11.691561143989244, 44.298374787584756 ], [ 11.692266186676981, 44.298749775378347 ], [ 11.692377755753366, 44.298859668727779 ], [ 11.694952264106497, 44.301598766686908 ], [ 11.695623316197041, 44.302325640670048 ], [ 11.697318452955423, 44.304608301752765 ], [ 11.697640127985455, 44.305266884496376 ], [ 11.698098628822356, 44.306962071132141 ], [ 11.698142023536889, 44.307190611533819 ], [ 11.697864638481008, 44.308592577376622 ], [ 11.697771966487409, 44.308963884765944 ], [ 11.697550916154604, 44.309338229637341 ], [ 11.695770331774989, 44.31015452529445 ], [ 11.684974369568197, 44.313811998963338 ], [ 11.683942776774801, 44.314115348062749 ], [ 11.683195096414945, 44.314285976555198 ], [ 11.682419429632777, 44.314358211212777 ], [ 11.680483857881507, 44.314394683922956 ], [ 11.675320625487423, 44.31583470678072 ], [ 11.672782392522244, 44.315475546302011 ], [ 11.667597979689988, 44.311856200910299 ], [ 11.667632318976873, 44.311369255110399 ], [ 11.67133341346779, 44.289284573028631 ], [ 11.671446586365427, 44.289016349162175 ], [ 11.671539022715137, 44.288221941393381 ], [ 11.671492402789092, 44.288092493692709 ], [ 11.670713501137659, 44.286877338313758 ], [ 11.670186977747708, 44.286079415598302 ], [ 11.66965882602725, 44.2854525744726 ], [ 11.669318112786028, 44.2851589412628 ], [ 11.668915882238851, 44.284821756553455 ], [ 11.668577417513092, 44.284577590245028 ], [ 11.665572664291235, 44.28281478191974 ], [ 11.665800536572139, 44.279970054074042 ], [ 11.665442359822791, 44.278718023763467 ], [ 11.665127278027752, 44.278401282048932 ], [ 11.664210538551727, 44.278080592171271 ], [ 11.656071561746108, 44.275438890635222 ], [ 11.64991126285946, 44.274150621846104 ], [ 11.64784589179394, 44.273919477283549 ], [ 11.639944735312195, 44.273742357079556 ], [ 11.633401446989245, 44.263625860410578 ], [ 11.632435420158258, 44.259947996331825 ], [ 11.634415865332763, 44.258308813530171 ], [ 11.634306167028752, 44.257816202192558 ], [ 11.633176808143226, 44.255528550731185 ], [ 11.632946002530293, 44.25512874363298 ], [ 11.629072168111186, 44.249910884881174 ], [ 11.627023305318776, 44.247779380907907 ], [ 11.625992316329517, 44.247127894902498 ], [ 11.621132919520804, 44.245439023639221 ], [ 11.618538928546048, 44.244841342077528 ], [ 11.615062271332308, 44.244371872494071 ], [ 11.611562651022169, 44.243965839457736 ], [ 11.610684474191194, 44.243931904409557 ], [ 11.6097969469267, 44.24368662161779 ], [ 11.608082095919123, 44.243140637227732 ], [ 11.603839143371115, 44.240644689833218 ], [ 11.602262063554033, 44.239528293095248 ], [ 11.60105568033215, 44.238645143244732 ], [ 11.601115419169934, 44.238622619041287 ], [ 11.601258862389701, 44.238538334601202 ], [ 11.601285409385383, 44.238501720889886 ], [ 11.601274049921571, 44.238456954560206 ], [ 11.60117095300766, 44.238319767295501 ], [ 11.601097975131847, 44.238226898143175 ], [ 11.600876600950487, 44.2380338850149 ], [ 11.59934959503329, 44.237091851851154 ], [ 11.598694391617968, 44.236751160539853 ], [ 11.594563393189997, 44.23521561607533 ], [ 11.594524589796089, 44.23523714698495 ], [ 11.59025989792989, 44.236663780694229 ], [ 11.578810477774645, 44.232201011070288 ], [ 11.577268492947862, 44.228216069325114 ], [ 11.577371479369363, 44.227241445402719 ], [ 11.577912679827184, 44.225550207462284 ], [ 11.57782089049879, 44.224881568954679 ], [ 11.573035041240713, 44.222185148511151 ], [ 11.56821249687837, 44.219498369285262 ], [ 11.565587127220949, 44.218715622999817 ], [ 11.563566764102799, 44.218783522735698 ], [ 11.562620917299965, 44.220353258031878 ], [ 11.56040363319971, 44.221366309229609 ], [ 11.555558467250055, 44.223203420277457 ], [ 11.555441233176664, 44.223170016727252 ], [ 11.55187156618878, 44.21983780304393 ], [ 11.551362057232302, 44.219273009332397 ], [ 11.55132024975266, 44.219210923300189 ], [ 11.551204382002997, 44.218774628976114 ], [ 11.550931323540635, 44.216783334260683 ], [ 11.554165237512967, 44.214245545086605 ], [ 11.554365221789517, 44.213970132473115 ], [ 11.554121034865831, 44.211046081103831 ], [ 11.553462809301362, 44.209435178850576 ], [ 11.553151319869157, 44.208764800773892 ], [ 11.551727182717299, 44.209037608011066 ], [ 11.550955166509519, 44.208550715496379 ], [ 11.549242009788994, 44.206284253048089 ], [ 11.549041338956025, 44.205694537092675 ], [ 11.549129107006911, 44.205027682473009 ], [ 11.557677831703829, 44.190794914217413 ], [ 11.558976014599919, 44.191599145466654 ], [ 11.562254250781631, 44.188022159095716 ], [ 11.562382694108074, 44.187661858469355 ], [ 11.562209360225655, 44.18692066757859 ], [ 11.56167682936503, 44.185493255397482 ], [ 11.560838584824392, 44.185156454492869 ], [ 11.556645114310079, 44.184505361108386 ], [ 11.553235433090048, 44.185823908572239 ], [ 11.549366607187459, 44.188225687261664 ], [ 11.547581167676888, 44.189012457965141 ], [ 11.546802638836834, 44.189201706832627 ], [ 11.54576454615615, 44.189449434692939 ], [ 11.539581775443169, 44.190621128455021 ], [ 11.536373688300573, 44.190435731370073 ], [ 11.535634877684998, 44.19038947320734 ], [ 11.535601281516971, 44.185597836880213 ], [ 11.535733544599596, 44.185180764294842 ], [ 11.536279264132412, 44.185069612356145 ], [ 11.537340601457894, 44.184777655678182 ], [ 11.536214656526603, 44.179829018611073 ], [ 11.53135554758588, 44.174118827788973 ], [ 11.528466159889678, 44.163965113059014 ], [ 11.525476348774117, 44.158300381437058 ], [ 11.525184984376848, 44.157919701992029 ], [ 11.524947072228189, 44.157663034367971 ], [ 11.523968794800046, 44.156300553314708 ], [ 11.522369235069453, 44.155360966529933 ], [ 11.516132499646989, 44.157552376753259 ], [ 11.515341656495796, 44.158088595848298 ], [ 11.516128174573026, 44.159518487088242 ], [ 11.516351348445829, 44.159923197393269 ], [ 11.51642687641737, 44.16111105187516 ], [ 11.516388007347597, 44.161354982084113 ], [ 11.516153598412235, 44.161522200357133 ], [ 11.515475322835325, 44.161968165532031 ], [ 11.513162152471612, 44.163470826439436 ], [ 11.513085220490172, 44.163494181954214 ], [ 11.512654349265649, 44.163624920267452 ], [ 11.509803835402456, 44.164201919501778 ], [ 11.505981065229282, 44.163474498560682 ], [ 11.497552639088044, 44.168704202003745 ], [ 11.487375456120064, 44.17534859838738 ], [ 11.487347919729622, 44.179433376029799 ], [ 11.480162809026302, 44.183786164463484 ], [ 11.467723307839075, 44.185801158653604 ], [ 11.458360376271148, 44.19209023308197 ], [ 11.447627004684868, 44.199485294647218 ], [ 11.446254078083578, 44.20177198667232 ], [ 11.446602352029927, 44.203446885355469 ], [ 11.446811031703827, 44.203915057276369 ], [ 11.450602543390788, 44.208406070139333 ], [ 11.452316070997396, 44.20963091681476 ], [ 11.451297227596207, 44.220568337692413 ], [ 11.447910411702816, 44.222874041267083 ], [ 11.443846750036101, 44.225512277537383 ], [ 11.439366979389652, 44.227955440163974 ], [ 11.427703498528995, 44.234217948702764 ], [ 11.426106860938285, 44.235053142541823 ], [ 11.421064893564797, 44.239244270201212 ], [ 11.418658763845041, 44.235323715734332 ], [ 11.408984679707389, 44.228708595869293 ], [ 11.40277576575393, 44.225040228508696 ], [ 11.398886756032201, 44.222972377420142 ], [ 11.398332282850772, 44.222675990938249 ], [ 11.395896981392363, 44.220280543795582 ], [ 11.394590767992769, 44.21864578257965 ], [ 11.394313778390556, 44.218209153059632 ], [ 11.393460289804777, 44.216382514265916 ], [ 11.39314404201123, 44.215910853206083 ], [ 11.390719248844178, 44.213603107586643 ], [ 11.38998233466222, 44.213024342259374 ], [ 11.389235476755234, 44.212457838739894 ], [ 11.389165537507056, 44.212402167793222 ], [ 11.388808376766436, 44.211774989086351 ], [ 11.387376509854025, 44.209247393011054 ], [ 11.387242018182674, 44.208701330246519 ], [ 11.387236631887566, 44.207954509212449 ], [ 11.387287246293566, 44.207350316874077 ], [ 11.387355650253049, 44.206871709236594 ], [ 11.387494867959324, 44.206301782953553 ], [ 11.387586150497938, 44.205805512745663 ], [ 11.387388490822687, 44.205223599407311 ], [ 11.387062334782357, 44.204888654928901 ], [ 11.384512174770265, 44.202789907325133 ], [ 11.383775095095698, 44.202202103930468 ], [ 11.383040208332787, 44.201668270413307 ], [ 11.382203114920445, 44.201082543266118 ], [ 11.380545127404194, 44.200000764930891 ], [ 11.379856328367918, 44.199670841927755 ], [ 11.378891600999182, 44.199360072312274 ], [ 11.377782403026538, 44.199167507993842 ], [ 11.376770177943065, 44.199188597432745 ], [ 11.375613353453925, 44.199357015908426 ], [ 11.373709585993655, 44.199936275338189 ], [ 11.372783494911459, 44.200243872165366 ], [ 11.372022664115367, 44.20061044581783 ], [ 11.371152625293364, 44.201078243046474 ], [ 11.369494934213405, 44.201869053370146 ], [ 11.368341688144781, 44.202406259054868 ], [ 11.367420058081098, 44.202830497216993 ], [ 11.365220854485475, 44.203542293242855 ], [ 11.363548558158552, 44.203964047727133 ], [ 11.362851507909447, 44.204059506483325 ], [ 11.344133395988312, 44.205737043112642 ], [ 11.342809365390293, 44.205819212674733 ], [ 11.330122308341824, 44.198224010354629 ], [ 11.324863309550594, 44.195035187082155 ], [ 11.324406817341913, 44.194638764412545 ], [ 11.324228775750447, 44.194165340494571 ], [ 11.324143650467505, 44.193581891900536 ], [ 11.324242517851344, 44.192932145190994 ], [ 11.324341217237606, 44.192273242117786 ], [ 11.32426415689843, 44.190942262440217 ], [ 11.324133175513978, 44.190152521608098 ], [ 11.323222305608544, 44.185138924324299 ], [ 11.322621016764009, 44.18224265136741 ], [ 11.317405132657777, 44.177806657884446 ], [ 11.316784701839381, 44.177297082161402 ], [ 11.313849830634245, 44.175122664384588 ], [ 11.312637289358785, 44.174257147097137 ], [ 11.311852318570484, 44.173696854998958 ], [ 11.310671626215317, 44.17325259887992 ], [ 11.309529858353292, 44.172843553431036 ], [ 11.308681540674209, 44.172581625549206 ], [ 11.307532565435178, 44.172307747403387 ], [ 11.306818374603669, 44.172277167948828 ], [ 11.303854387974347, 44.172292001557786 ], [ 11.302931569259101, 44.172364629468589 ], [ 11.299947824487422, 44.172514801721505 ], [ 11.298699329613797, 44.172575953459329 ], [ 11.295802804731006, 44.172395656599377 ], [ 11.295882541049741, 44.171871885473465 ], [ 11.295957499486624, 44.171551499406419 ], [ 11.296637106722653, 44.170899021751971 ], [ 11.297202751947848, 44.170124639765604 ], [ 11.298038564827934, 44.168336484678392 ], [ 11.298099955581478, 44.167924496963572 ], [ 11.280713653565758, 44.155339220957792 ], [ 11.278192696272027, 44.155714778848186 ], [ 11.276743401615166, 44.157049109915661 ], [ 11.275040461464926, 44.157866317086985 ], [ 11.273259422443967, 44.158645658157297 ], [ 11.271495784502381, 44.159202879440826 ], [ 11.251234509808077, 44.158589116088891 ], [ 11.241593808651478, 44.158891316014788 ], [ 11.239291318441605, 44.158916243447749 ], [ 11.234639631485779, 44.158412047509856 ], [ 11.233845038424201, 44.157923426963031 ], [ 11.230292361955108, 44.154991512176849 ], [ 11.226849576446863, 44.153558582028161 ], [ 11.216470358225346, 44.150713006322349 ], [ 11.214016269963988, 44.150145039099961 ], [ 11.208330263689762, 44.150213509540507 ], [ 11.20742672631715, 44.15029400119731 ], [ 11.204486504491223, 44.151107058371061 ], [ 11.202388035323853, 44.151965693930769 ], [ 11.200214637945351, 44.152386844308992 ], [ 11.195730599430343, 44.151414557227817 ], [ 11.193883631195449, 44.147629646949909 ], [ 11.193600067843619, 44.146660532843249 ], [ 11.193843221888613, 44.145609793671532 ], [ 11.19585469621763, 44.143544295934831 ], [ 11.197407969658787, 44.142465564123242 ], [ 11.202313607437612, 44.139293154385335 ], [ 11.218360298092502, 44.129403334102015 ], [ 11.222752458536677, 44.128114887523424 ], [ 11.230285129604656, 44.12608751199064 ], [ 11.241048035954197, 44.121661117932462 ], [ 11.242980337691778, 44.1198192004681 ], [ 11.250808221888509, 44.115882764295499 ], [ 11.255031715748336, 44.115071322446447 ], [ 11.255162927198601, 44.115050720493102 ], [ 11.25736483392474, 44.115218787128875 ], [ 11.258495427843188, 44.115435008154755 ], [ 11.260226123504276, 44.115841913823864 ], [ 11.260660076707822, 44.11493302149821 ], [ 11.261993976309332, 44.111737537829761 ], [ 11.262943695276117, 44.108035352240918 ], [ 11.263687926949073, 44.104271957991514 ], [ 11.257696970176202, 44.104417571363122 ], [ 11.252962340182725, 44.104416559686747 ], [ 11.251219770227085, 44.101979583170021 ], [ 11.251178628877906, 44.101759818675113 ], [ 11.251071455593085, 44.101343289895802 ], [ 11.250957532838497, 44.101057437505702 ], [ 11.250675313658107, 44.100513816108773 ], [ 11.248036195242928, 44.097572291143535 ], [ 11.24425494460314, 44.097027178615299 ], [ 11.242136840614034, 44.097346158557798 ], [ 11.241591289912675, 44.097527924812461 ], [ 11.241283887541679, 44.097637500057907 ], [ 11.241233072987775, 44.097656499150055 ], [ 11.238774540477932, 44.099176771340403 ], [ 11.238621143549709, 44.09935979884574 ], [ 11.238593176396577, 44.099434477953466 ], [ 11.235443765196095, 44.101312685683745 ], [ 11.228925925008946, 44.10234039950226 ], [ 11.228353650251114, 44.10240558972847 ], [ 11.220855572825958, 44.101397307416796 ], [ 11.220431635059942, 44.101141919164931 ], [ 11.219993085194604, 44.100857847627033 ], [ 11.214578528968463, 44.098878775644366 ], [ 11.213585901795046, 44.098726967359049 ], [ 11.209804610257114, 44.098868673497478 ], [ 11.208568185537096, 44.099087692904007 ], [ 11.202592161819815, 44.100668136726874 ], [ 11.202419315695735, 44.100737712814571 ], [ 11.194091251015363, 44.104456367804609 ], [ 11.192900910012774, 44.104982557700609 ], [ 11.192458079607357, 44.105170317399249 ], [ 11.192375530331297, 44.105188269948719 ], [ 11.191602545664118, 44.105349593870656 ], [ 11.186884171669792, 44.106151300484804 ], [ 11.186318995913688, 44.106072090307833 ], [ 11.175244694556392, 44.106985819659833 ], [ 11.173413827929483, 44.107146724940208 ], [ 11.172878566689185, 44.107201923064189 ], [ 11.170899833829878, 44.107419621153198 ], [ 11.170292953384129, 44.107566200830853 ], [ 11.165954268563253, 44.108854989391531 ], [ 11.165262567558127, 44.109075172503488 ], [ 11.165175366777476, 44.109149282161894 ], [ 11.164874821458001, 44.109406633818431 ], [ 11.164396044254893, 44.109982904528877 ], [ 11.164205301933652, 44.110257761301192 ], [ 11.163917552637406, 44.110664637603321 ], [ 11.163003155016456, 44.111683862249556 ], [ 11.162494407797025, 44.111974844192474 ], [ 11.162427114472926, 44.111999593242118 ], [ 11.161708179715177, 44.112259827490739 ], [ 11.161126808604852, 44.112358604593027 ], [ 11.160391466629346, 44.112397529139592 ], [ 11.160340465298466, 44.112399945295707 ], [ 11.160291919881404, 44.112401412856144 ], [ 11.15920238487193, 44.112422020768349 ], [ 11.142573464832996, 44.11037642827376 ], [ 11.141734963592935, 44.110232352639954 ], [ 11.141146062547341, 44.110035884493342 ], [ 11.140767105060545, 44.109532149696165 ], [ 11.14054353865787, 44.109067783304042 ], [ 11.140513967081988, 44.109001966505623 ], [ 11.140304601318931, 44.108512901620344 ], [ 11.140162618740677, 44.108278908034151 ], [ 11.139861821554742, 44.107977694662758 ], [ 11.13941772232481, 44.107806700966812 ], [ 11.138807528249171, 44.107820379989036 ], [ 11.132489933677626, 44.10845890039429 ], [ 11.131360322466685, 44.10862390042152 ], [ 11.130523356365355, 44.10880127140981 ], [ 11.127642600601826, 44.109684564851413 ], [ 11.127450648377765, 44.109398741551615 ], [ 11.127043529714818, 44.108848139909782 ], [ 11.126362677864694, 44.108329635324793 ], [ 11.125412516125628, 44.10761807383836 ], [ 11.124610708127154, 44.107209851965791 ], [ 11.123988543187487, 44.106933327720718 ], [ 11.115127451222628, 44.103019407155919 ], [ 11.099986289182146, 44.096735383570376 ], [ 11.099125564000323, 44.096400301748496 ], [ 11.093220805811608, 44.094457474362351 ], [ 11.092761093086061, 44.093164015339461 ], [ 11.092397815188399, 44.092670440839328 ], [ 11.092124230598722, 44.092351342831648 ], [ 11.090232161478598, 44.090414307521947 ], [ 11.089859366907669, 44.090115029688 ], [ 11.089428921149397, 44.089951851148996 ], [ 11.082887315240486, 44.090062341349231 ], [ 11.076696629862024, 44.091633591518644 ], [ 11.075980746220612, 44.091880685117687 ], [ 11.075373758601943, 44.09202676226986 ], [ 11.074803905268855, 44.092163160180135 ], [ 11.074116667121066, 44.092157643742041 ], [ 11.054281790580346, 44.091498811408627 ], [ 11.052462591478037, 44.091270432268011 ], [ 11.05161994524264, 44.091105508877703 ], [ 11.050937730919191, 44.090883684573342 ], [ 11.050038940157656, 44.090539700556647 ], [ 11.049427128498804, 44.090246071601037 ], [ 11.04713069387752, 44.094949370214572 ], [ 11.042127850392854, 44.095867226587181 ], [ 11.036362755997635, 44.096420326654972 ], [ 11.032200060300351, 44.096007427022755 ], [ 11.031481122193343, 44.095823266389637 ], [ 11.030030665692154, 44.095786894094175 ], [ 11.029975942288937, 44.095786957500103 ], [ 11.029689946475255, 44.095794874939969 ], [ 11.029107254614814, 44.095811513602946 ], [ 11.02833785184909, 44.095933090666698 ], [ 11.027674561776273, 44.096117662627449 ], [ 11.023992601145096, 44.097450508316001 ], [ 11.012695011395698, 44.103592223857611 ], [ 11.011459791286567, 44.104379241809561 ], [ 11.002009019916434, 44.110892493871219 ], [ 11.001989304418446, 44.110936543505389 ], [ 11.001811614091254, 44.111337107986174 ], [ 11.001603518077935, 44.111835920820873 ], [ 11.004753998515781, 44.121485974059141 ], [ 11.005309364006445, 44.121647287716144 ], [ 11.006167268063367, 44.12151517672504 ], [ 11.007295076641167, 44.121603392257157 ], [ 11.008296727258738, 44.121685016494062 ], [ 11.009381945693741, 44.12196283270535 ], [ 11.011945352481215, 44.12273697358382 ], [ 11.012766421254947, 44.122992602238511 ], [ 11.013525350900832, 44.12325831201489 ], [ 11.014202663351879, 44.123696520344957 ], [ 11.014537829097314, 44.123996716828771 ], [ 11.014738347867967, 44.124380310646821 ], [ 11.014929192363416, 44.125214226063903 ], [ 11.015012202143991, 44.126185098870835 ], [ 11.015338884842947, 44.132897013258351 ], [ 11.014544558038967, 44.137060031536784 ], [ 11.014309068985538, 44.137487326539151 ], [ 11.012382027992258, 44.138169526544736 ], [ 11.006952850024627, 44.138545714322312 ], [ 10.99616298969884, 44.136176406419722 ], [ 10.993558906610431, 44.133466960359186 ], [ 10.994211728169798, 44.132807345488665 ], [ 10.994372340466777, 44.132586993667132 ], [ 10.994629900169665, 44.132232847292613 ], [ 10.994875285562854, 44.131724396802696 ], [ 10.994974986988828, 44.131344524684387 ], [ 10.994956505218401, 44.130795662085639 ], [ 10.994904921249539, 44.130635713275119 ], [ 10.994817045963304, 44.130365947067624 ], [ 10.994541674002955, 44.12998362581623 ], [ 10.994039930094273, 44.129560245564008 ], [ 10.993465958490166, 44.129219146660184 ], [ 10.988189117629906, 44.126925321246411 ], [ 10.978701732346568, 44.121670253542035 ], [ 10.970312047638279, 44.115927294842763 ], [ 10.969898022224243, 44.115502284775779 ], [ 10.968655087229216, 44.11420026689121 ], [ 10.968492368854228, 44.113815939561491 ], [ 10.968554150099848, 44.113418742011163 ], [ 10.96889446278848, 44.112377514050898 ], [ 10.969233097704761, 44.112038564852917 ], [ 10.969793534649469, 44.111605757619117 ], [ 10.970241859275319, 44.111183880474883 ], [ 10.970565899612494, 44.110782147926493 ], [ 10.970616373450794, 44.110421156844922 ], [ 10.969855445956311, 44.107076128265803 ], [ 10.969615423988582, 44.106621113701046 ], [ 10.966948705383619, 44.103259394436407 ], [ 10.952043481004356, 44.088502511559511 ], [ 10.944732258065029, 44.081676760244825 ], [ 10.944143019652408, 44.081227634927714 ], [ 10.943457412094707, 44.080897087314199 ], [ 10.942635196454919, 44.080569047431801 ], [ 10.938338545064006, 44.079030493568574 ], [ 10.932426288450255, 44.077049951840536 ], [ 10.928628678682202, 44.076160814953539 ], [ 10.92754912227212, 44.075989973257336 ], [ 10.926883130564699, 44.075479031928722 ], [ 10.92397059508184, 44.070920186818867 ], [ 10.920319800306871, 44.06522694153702 ], [ 10.919629300283766, 44.064338233903015 ], [ 10.9188149007822, 44.063478615085494 ], [ 10.918250419705721, 44.063010928347168 ], [ 10.917716422396831, 44.062778307456512 ], [ 10.916953751540023, 44.062488008637473 ], [ 10.916148426025567, 44.062294454274358 ], [ 10.91523572357192, 44.062255739136646 ], [ 10.913128255531872, 44.062336073398967 ], [ 10.912006030071721, 44.062381877327347 ], [ 10.910897435909673, 44.062463454214999 ], [ 10.910063373167556, 44.062540427677035 ], [ 10.904729810023809, 44.063250726369951 ], [ 10.902698803147556, 44.063770748944229 ], [ 10.901795594183978, 44.064028872380291 ], [ 10.900947199786836, 44.064439141312739 ], [ 10.900260733735319, 44.064837700356406 ], [ 10.899517046282217, 44.065399262515506 ], [ 10.899334094223494, 44.065717540858209 ], [ 10.899209560780236, 44.065935567893632 ], [ 10.899139471256206, 44.066476923946908 ], [ 10.899463167962113, 44.067227802000041 ], [ 10.901927157820204, 44.072813772805709 ], [ 10.905281694484831, 44.078114732129521 ], [ 10.90562442870417, 44.078676215025233 ], [ 10.905548263772031, 44.079415743321285 ], [ 10.904042534628772, 44.084257542429974 ], [ 10.903774182954018, 44.084847217322405 ], [ 10.903621417511937, 44.085146865064765 ], [ 10.903371381047974, 44.085529166177047 ], [ 10.903082169017413, 44.085858097561164 ], [ 10.902802246278114, 44.086087839051771 ], [ 10.892075317925023, 44.092433204921768 ], [ 10.889714530978114, 44.093615682764344 ], [ 10.881621423860024, 44.09761165059259 ], [ 10.881385499096426, 44.097718484266338 ], [ 10.881152640586542, 44.097799438581916 ], [ 10.880596460928215, 44.097988655653886 ], [ 10.879780610432721, 44.098263175677687 ], [ 10.878707279434005, 44.098619523232934 ], [ 10.869825281020876, 44.099903119130488 ], [ 10.856718559479933, 44.099072584222398 ], [ 10.855886425797289, 44.098779832048962 ], [ 10.855780714880042, 44.098746270732789 ], [ 10.855000338572985, 44.098562358836681 ], [ 10.853899934868782, 44.098438878622645 ], [ 10.848664830564156, 44.098058533391018 ], [ 10.84838779151122, 44.098299703324109 ], [ 10.84674166424163, 44.100874113054907 ], [ 10.846173730678757, 44.101867940160652 ], [ 10.845979937555947, 44.102465273517076 ], [ 10.842804309470639, 44.109628792795128 ], [ 10.830884846244841, 44.116581377166547 ], [ 10.830313926816487, 44.116816728368548 ], [ 10.829773192896351, 44.116969546264833 ], [ 10.82262441231997, 44.114526430599874 ], [ 10.822201992258721, 44.114200059585286 ], [ 10.821839537603566, 44.113791700021899 ], [ 10.821602548303048, 44.11339934550432 ], [ 10.821377769597918, 44.112997787154114 ], [ 10.819149572047699, 44.112451441803884 ], [ 10.81618302339259, 44.114719474019161 ], [ 10.815036924984009, 44.115621440383563 ], [ 10.814762022892625, 44.116184944088459 ], [ 10.814081044778248, 44.120383929628133 ], [ 10.811010116300777, 44.128679510562243 ], [ 10.808292064725462, 44.13463761277697 ], [ 10.805601607282, 44.141108382870847 ], [ 10.806913033440868, 44.147852317469741 ], [ 10.808859364510772, 44.154849510489264 ], [ 10.809745174548171, 44.15560073832026 ], [ 10.810609602916365, 44.156469344148178 ], [ 10.811294377359882, 44.157187736931341 ], [ 10.811980822312474, 44.157960105123131 ], [ 10.816967643846493, 44.164381071384845 ], [ 10.817192878221691, 44.164791629048068 ], [ 10.818543653684118, 44.167385515651716 ], [ 10.819713744702316, 44.173556454317527 ], [ 10.819703397890278, 44.174033781517167 ], [ 10.823011239650794, 44.182326831649647 ], [ 10.832073108183671, 44.194164808536883 ], [ 10.832555417633488, 44.194787285611049 ], [ 10.833431313013769, 44.195592487940431 ], [ 10.834279411190851, 44.196308116376173 ], [ 10.83507529727423, 44.196952556511057 ], [ 10.836017926302842, 44.197486585287656 ], [ 10.836958060598109, 44.197939628708809 ], [ 10.837982660372075, 44.198292256005139 ], [ 10.839322800708652, 44.198729826603746 ], [ 10.840446671538649, 44.199053837135757 ], [ 10.841604719606499, 44.199269240643311 ], [ 10.844260514447138, 44.199757564579151 ], [ 10.845290689082475, 44.199884980367749 ], [ 10.846531550696064, 44.199945941015017 ], [ 10.84743301384281, 44.19995837251377 ], [ 10.848196976032272, 44.200052076285615 ], [ 10.848714640432529, 44.200522821032315 ], [ 10.849271085324654, 44.201108016049403 ], [ 10.855200010265438, 44.207385958120128 ], [ 10.855413013877861, 44.208588902696434 ], [ 10.85555639502442, 44.209567883891182 ], [ 10.855861006236079, 44.212092768185009 ], [ 10.855869141292489, 44.21274986126123 ], [ 10.855651574158632, 44.212996466143537 ], [ 10.855229580302041, 44.213111369686807 ], [ 10.854620229770832, 44.213238294165961 ], [ 10.85429774797479, 44.213333563046085 ], [ 10.852880710486813, 44.215247186092427 ], [ 10.850133638756914, 44.227454717231751 ], [ 10.850282853194186, 44.227821428750502 ], [ 10.850882862341241, 44.22818983311835 ], [ 10.851835545510864, 44.228624533686762 ], [ 10.853396009733599, 44.229274437296695 ], [ 10.855005997332196, 44.229905500903648 ], [ 10.858301428278706, 44.231175366362862 ], [ 10.860315660532827, 44.231916820400663 ], [ 10.861250433964479, 44.232190106349442 ], [ 10.869880309727971, 44.22830347629111 ], [ 10.871958718644199, 44.227513170325196 ], [ 10.872934601326886, 44.227204468574122 ], [ 10.874215412001925, 44.226818949927605 ], [ 10.876315965617582, 44.226334308962784 ], [ 10.881674379005384, 44.225147768483637 ], [ 10.884569575734972, 44.225244081685609 ], [ 10.885530245289349, 44.225138190123332 ], [ 10.888386016430623, 44.224784894137791 ], [ 10.889083315470947, 44.224665332306898 ], [ 10.889702929564978, 44.224466016523323 ], [ 10.890093848061023, 44.224162454719554 ], [ 10.893222107464137, 44.215908951158085 ], [ 10.893340205820893, 44.212954008911211 ], [ 10.893323765117428, 44.212441113236579 ], [ 10.893542713782995, 44.211852295848807 ], [ 10.893763412266102, 44.211317453664904 ], [ 10.894247954894873, 44.210814263155022 ], [ 10.89678374149752, 44.208314357772835 ], [ 10.897391891581119, 44.207764075495817 ], [ 10.897891767159079, 44.207350646712662 ], [ 10.898318619033672, 44.207001433782288 ], [ 10.898844955052548, 44.206632568920483 ], [ 10.899363703034297, 44.206416864177235 ], [ 10.900071815560132, 44.206252030137136 ], [ 10.907243230778809, 44.20543403343828 ], [ 10.921603732452899, 44.214612790375291 ], [ 10.935515679950377, 44.223351536603509 ], [ 10.936085033721552, 44.223653045252441 ], [ 10.940291806808345, 44.225610673345294 ], [ 10.940499873120963, 44.225679729100406 ], [ 10.942657622471854, 44.226214158504128 ], [ 10.942976743596356, 44.226138959516796 ], [ 10.943085729097987, 44.226050464695355 ], [ 10.9431553200375, 44.225953052824288 ], [ 10.943259144313624, 44.22582694017543 ], [ 10.943363560865532, 44.225789706719347 ], [ 10.944295447011214, 44.225478430194634 ], [ 10.945855291365643, 44.225012980934267 ], [ 10.946070871232999, 44.224953586766773 ], [ 10.946348070339216, 44.224888109275874 ], [ 10.947174548806979, 44.224798607718796 ], [ 10.948437398621454, 44.224819271573672 ], [ 10.953564529951096, 44.225157056573728 ], [ 10.956258661324078, 44.225723131112161 ], [ 10.956413255059557, 44.225760439775215 ], [ 10.956790702906794, 44.225886761433863 ], [ 10.957055047987598, 44.226024037667294 ], [ 10.957159488566957, 44.226106085467599 ], [ 10.961048127942501, 44.232783694351063 ], [ 10.96220613772039, 44.238897027928296 ], [ 10.964235655031148, 44.240567628412649 ], [ 10.966986390792199, 44.242978068223522 ], [ 10.967076604846202, 44.243142501208425 ], [ 10.966564692628491, 44.251362526999905 ], [ 10.966507413191142, 44.251428784039483 ], [ 10.965900132211836, 44.252084254415223 ], [ 10.96504360993916, 44.252372856435365 ], [ 10.964811458608759, 44.252547899385902 ], [ 10.964397374907787, 44.252901637651178 ], [ 10.963806699982428, 44.253501479789556 ], [ 10.963732944469928, 44.253637787228826 ], [ 10.966363870131085, 44.256892088831307 ], [ 10.968078842242335, 44.259765961174736 ], [ 10.968243698210015, 44.260717429153679 ], [ 10.96841622220942, 44.261898334410766 ], [ 10.968071071737354, 44.26272355300506 ], [ 10.965866372860672, 44.26789766309458 ], [ 10.967300932142088, 44.272261853831175 ], [ 10.969996690030783, 44.273768380772665 ], [ 10.970263771571121, 44.273745758757357 ], [ 10.9706451961494, 44.273770686198731 ], [ 10.971058633811827, 44.273862579977951 ], [ 10.971389278003914, 44.273960400428955 ], [ 10.971421169405419, 44.273977863809144 ], [ 10.97372082572358, 44.27698110334633 ], [ 10.972251837191029, 44.277785226728589 ], [ 10.971660634389513, 44.278092543857099 ], [ 10.971387970331834, 44.278182766773853 ], [ 10.971235890707913, 44.278225918915261 ], [ 10.97021866688466, 44.278441533794748 ], [ 10.969296388669658, 44.278592482614492 ], [ 10.967940836585049, 44.278714882924476 ], [ 10.960209561509039, 44.279203476311146 ], [ 10.949178699974192, 44.286211968484196 ], [ 10.94906070455901, 44.28629182723131 ], [ 10.948892172232433, 44.286405921319407 ], [ 10.949724261173294, 44.292851261108773 ], [ 10.949744778489851, 44.29294994008805 ], [ 10.949906790965098, 44.293158747404938 ], [ 10.950173364951628, 44.293401759690404 ], [ 10.951747637444077, 44.2943831889785 ], [ 10.958488839864858, 44.298551473650029 ], [ 10.965077700709836, 44.301644917845756 ], [ 10.966705586301615, 44.302247094841441 ], [ 10.983341175720525, 44.302985670414678 ], [ 10.990733924753192, 44.303104584977618 ], [ 10.99585284815022, 44.304055058992539 ], [ 10.999076051285197, 44.30487643982795 ], [ 11.002230556483227, 44.305991542215303 ], [ 11.00367416819015, 44.299862302232398 ], [ 11.004021927202775, 44.298708336724751 ], [ 11.00406885705061, 44.298567975402804 ], [ 11.004589210765431, 44.297190407636769 ], [ 11.007866317799921, 44.296934769601044 ], [ 11.012143756032831, 44.299680176282692 ], [ 11.013479345735846, 44.300887206464459 ], [ 11.029284456123102, 44.315444024219389 ], [ 11.030691617807628, 44.316841458064943 ], [ 11.031747286039913, 44.322494433376406 ], [ 11.031622198422328, 44.32336486132278 ], [ 11.0324236288916, 44.323490699350913 ], [ 11.032546462074954, 44.323552104531167 ], [ 11.034386788769892, 44.32452538279167 ], [ 11.034476429988262, 44.32460199789805 ], [ 11.038890505745607, 44.328650475524434 ], [ 11.04013084888742, 44.331019677925802 ], [ 11.040149805630849, 44.331080396503381 ], [ 11.040193581367131, 44.331698261847698 ], [ 11.040189174448198, 44.331774876464472 ], [ 11.040187096356785, 44.331805298192563 ], [ 11.040179318877518, 44.331852140311419 ], [ 11.040168433867724, 44.331888619864415 ], [ 11.040153563456567, 44.331923492496756 ], [ 11.040121600558269, 44.331996653524321 ], [ 11.040099072455481, 44.332047685332746 ], [ 11.040074329874324, 44.332102713452265 ], [ 11.039856830554537, 44.332499349249218 ], [ 11.03965165198114, 44.332934584774122 ], [ 11.039403050986786, 44.333565280131452 ], [ 11.039255432132697, 44.333965727022786 ], [ 11.039226101551842, 44.334046713749288 ], [ 11.039207133861384, 44.334110072388036 ], [ 11.0391597604028, 44.334303352355967 ], [ 11.038448452666803, 44.337214382184392 ], [ 11.0384060191251, 44.337392380373551 ], [ 11.038360229200489, 44.337609268591457 ], [ 11.038316503703541, 44.337818229845453 ], [ 11.038230010981499, 44.338330680246827 ], [ 11.038025888323615, 44.339612718158982 ], [ 11.037604220972788, 44.342588458268096 ], [ 11.036301425414468, 44.34548741091384 ], [ 11.036184726633266, 44.345695136412637 ], [ 11.036092385335763, 44.345859116648391 ], [ 11.035745235061576, 44.346068987441789 ], [ 11.02970529201049, 44.349363500701259 ], [ 11.029168560974059, 44.349625120484717 ], [ 11.028751302779233, 44.349758574613666 ], [ 11.028087163893197, 44.34991890709172 ], [ 11.028035135485352, 44.349910832904335 ], [ 11.027836730601626, 44.349797314701377 ], [ 11.027585860764127, 44.349662234282484 ], [ 11.027333730814508, 44.349547991103734 ], [ 11.027299063948517, 44.349532289019571 ], [ 11.02705083439135, 44.349473677311565 ], [ 11.026773209021895, 44.349564137007036 ], [ 11.026460173435581, 44.34967322113107 ], [ 11.026060741354414, 44.34986936878645 ], [ 11.025896047871926, 44.350187390676666 ], [ 11.022625130777506, 44.357816679782395 ], [ 11.022562207650729, 44.357993357306277 ], [ 11.0222158544496, 44.361375510544917 ], [ 11.022213248399927, 44.362302838330919 ], [ 11.022217701350334, 44.363981780310802 ], [ 11.022314051003223, 44.371794436659769 ], [ 11.02235014815534, 44.373207221736145 ], [ 11.022354019851539, 44.373319677210553 ], [ 11.022373526480962, 44.373521904337572 ], [ 11.022398142082295, 44.37355297898992 ], [ 11.022516617043911, 44.373667904056575 ], [ 11.022600637415918, 44.373738451517525 ], [ 11.022659911780146, 44.373773409938195 ], [ 11.022811823628352, 44.373811225863371 ], [ 11.023007811284328, 44.373807753515734 ], [ 11.02314641447772, 44.373823293327305 ], [ 11.02344704479588, 44.374124066155026 ], [ 11.030081865244389, 44.381649595163331 ], [ 11.032149180732437, 44.384745448618261 ], [ 11.032661522350589, 44.385636909109621 ], [ 11.035428918885323, 44.391362830098075 ], [ 11.035606378179738, 44.392678554610775 ], [ 11.035603049171476, 44.39289918427442 ], [ 11.035644583314145, 44.393101015757054 ], [ 11.03570053015275, 44.393356595097295 ], [ 11.035848073319071, 44.393628535012901 ], [ 11.035995936351375, 44.393864479595671 ], [ 11.037794982618562, 44.396182077903461 ], [ 11.041941749153503, 44.401460080729457 ], [ 11.042296427070459, 44.401683301645043 ], [ 11.044366775084228, 44.402942644100129 ], [ 11.04764113589051, 44.404918577718753 ], [ 11.049158993612357, 44.405814105189791 ], [ 11.049558007158829, 44.406900783155152 ], [ 11.048166596800121, 44.416107326242738 ], [ 11.038839727751023, 44.426677950405725 ], [ 11.038064539317602, 44.427258963273943 ], [ 11.028059289896019, 44.429201642165559 ], [ 11.018089780260523, 44.430057991554158 ], [ 11.015275273805102, 44.43023374448174 ], [ 11.013286684043804, 44.430268828376093 ], [ 10.996665602924478, 44.42953992902418 ], [ 10.990229565706571, 44.440505672038235 ], [ 10.990232257870593, 44.440584943387115 ], [ 10.990396887703163, 44.440969184161304 ], [ 10.990849704015275, 44.441375411661717 ], [ 10.99775479323133, 44.44280324254111 ], [ 11.00079447356053, 44.443415086835053 ], [ 11.001974490011817, 44.443652562385019 ], [ 11.003268542326325, 44.443912988491583 ], [ 11.004638703469624, 44.444199535339209 ], [ 11.006940772271705, 44.444681237330038 ], [ 11.00845042365764, 44.445020673550054 ], [ 11.009131736323685, 44.445173865978454 ], [ 11.009503258786671, 44.445288866649783 ], [ 11.013476588629386, 44.447226433154668 ], [ 11.017101914623435, 44.450775795220558 ], [ 11.020836215796891, 44.454505769013281 ], [ 11.021327987035773, 44.454996917427259 ], [ 11.026867095856304, 44.460164821961705 ], [ 11.026919999997352, 44.460195392990265 ], [ 11.028028492085722, 44.46076086992305 ], [ 11.03702538653013, 44.46368860195912 ], [ 11.037909472247259, 44.463942893834144 ], [ 11.039181611789994, 44.464284777399044 ], [ 11.044593854858329, 44.46573643772836 ], [ 11.044844510267918, 44.465758957533566 ], [ 11.047533242535117, 44.466928368923284 ], [ 11.050560761403812, 44.470700691832164 ], [ 11.051204957064627, 44.478208523259937 ], [ 11.050674958043588, 44.479051334735608 ], [ 11.050597109518725, 44.479251910072804 ], [ 11.050538456635257, 44.479461710394396 ], [ 11.050535385029962, 44.4796885240062 ], [ 11.050551614468819, 44.479792331817535 ], [ 11.050563299869665, 44.479856817594865 ], [ 11.050668868041129, 44.480267915652753 ], [ 11.050700328595239, 44.480335992971781 ], [ 11.050726527763622, 44.480388418275126 ], [ 11.055136412577811, 44.488180164743184 ], [ 11.056362701788789, 44.489166931537063 ], [ 11.056620517271774, 44.489368233398601 ], [ 11.057244824046823, 44.489776727422971 ], [ 11.059357706137337, 44.491116595324883 ], [ 11.060635340814011, 44.491861563094119 ], [ 11.062662324600735, 44.494417692231345 ], [ 11.065363510702044, 44.500076464731769 ], [ 11.064983314625067, 44.502757104437045 ], [ 11.06482263685502, 44.50339548186173 ], [ 11.064774136872753, 44.503512590730764 ], [ 11.061751674665683, 44.510773754896334 ], [ 11.058078874445807, 44.512451470057137 ], [ 11.056148385017165, 44.513098423408152 ], [ 11.055785053926996, 44.516674456788628 ], [ 11.055804548956624, 44.516737122946772 ], [ 11.055964177351376, 44.517004316086869 ], [ 11.057483178795813, 44.519546664975024 ], [ 11.058510299093989, 44.521244337979262 ], [ 11.059085402990355, 44.522228057859429 ], [ 11.059101396432055, 44.522365960778473 ], [ 11.057973465643334, 44.525268440787201 ], [ 11.054986488600068, 44.526282563102619 ], [ 11.056142631301487, 44.534069237921869 ], [ 11.059754417390355, 44.532073489335204 ], [ 11.063433233946816, 44.528959955610375 ], [ 11.068042977177987, 44.523171102277693 ], [ 11.06863708072742, 44.523050158229893 ], [ 11.072955133483765, 44.522215616377892 ], [ 11.073322025219174, 44.523068695526632 ], [ 11.074422497707101, 44.525798970528982 ], [ 11.075102592250044, 44.528338825178281 ], [ 11.076803117055794, 44.530465986007172 ], [ 11.077484585056519, 44.53131133720904 ], [ 11.088960364640197, 44.531250477583185 ], [ 11.089203555798797, 44.531232512824566 ], [ 11.089500057815314, 44.531209092163493 ], [ 11.089814089254803, 44.531104316884409 ], [ 11.094128554412741, 44.529503827425792 ], [ 11.097261319605474, 44.527987925043838 ], [ 11.097663459915433, 44.527665446983995 ], [ 11.098350571075041, 44.527130661119948 ], [ 11.09922972693581, 44.526556350406644 ], [ 11.10004155755572, 44.526122806651372 ], [ 11.101050261418591, 44.525739635081429 ], [ 11.102444810470287, 44.525281850067636 ], [ 11.108151681237469, 44.524670213666482 ], [ 11.111140639521587, 44.528290253361675 ], [ 11.111367640801664, 44.528695672061318 ], [ 11.111669525193111, 44.529518320792135 ], [ 11.113652248251269, 44.534993491186128 ], [ 11.113586872775954, 44.53637873622948 ], [ 11.112204126459746, 44.53800227073328 ], [ 11.111783313165903, 44.53810458336109 ], [ 11.110511701780034, 44.538182120028146 ], [ 11.105842966782026, 44.539083050701635 ], [ 11.105191278380993, 44.539238308452433 ], [ 11.104505055163697, 44.539418313332447 ], [ 11.107712011245924, 44.545138730396488 ], [ 11.109201326991798, 44.546988245216291 ], [ 11.115723760892868, 44.553452861516888 ], [ 11.127560004335933, 44.564629989374133 ], [ 11.127985253667838, 44.564982156767989 ], [ 11.128402739319109, 44.565293961395518 ], [ 11.13076818734643, 44.566919784540964 ], [ 11.131606577108458, 44.567427504054123 ], [ 11.129529931935796, 44.56816496735388 ] ] ] } },
{ "type": "Feature", "properties": { "area": "Forli-Cesena, Ravenna, Rimini" }, "geometry": { "type": "Polygon", "coordinates": [ [ [ 12.458681352290105, 44.155807196070867 ], [ 12.47890084010951, 44.138931958153442 ], [ 12.483937416255756, 44.134279009017462 ], [ 12.488854590227277, 44.129281072929928 ], [ 12.491880751962523, 44.126121397823219 ], [ 12.494282060333825, 44.123738803265255 ], [ 12.501596123064088, 44.117209323707506 ], [ 12.503714242857679, 44.115562437758676 ], [ 12.508925629185009, 44.111639155611087 ], [ 12.509163800837817, 44.111351384268815 ], [ 12.511719520384659, 44.109002191003547 ], [ 12.514764883888688, 44.106290467004378 ], [ 12.521426797998306, 44.101100221565453 ], [ 12.522501665215925, 44.100296443038609 ], [ 12.525561498956755, 44.098019041396249 ], [ 12.529180847728448, 44.095347037843901 ], [ 12.536109695526157, 44.090533262979413 ], [ 12.538349382628668, 44.089076344537531 ], [ 12.544866161023545, 44.084838800780567 ], [ 12.547664008350475, 44.083106546817639 ], [ 12.555346169043814, 44.078604214823393 ], [ 12.556534815314061, 44.078020734083715 ], [ 12.560896338599909, 44.076357202886655 ], [ 12.561254277980993, 44.076251681729651 ], [ 12.561730267507272, 44.076166902892687 ], [ 12.561853365918822, 44.076149063721431 ], [ 12.563983867276507, 44.07591601074418 ], [ 12.568067599980072, 44.07609185891193 ], [ 12.568373955902853, 44.076109432138196 ], [ 12.568654326413688, 44.076156402967186 ], [ 12.568883247309266, 44.076237852478229 ], [ 12.569432016835492, 44.076495091096447 ], [ 12.569571889306271, 44.076612195853805 ], [ 12.569736106738755, 44.07677141380146 ], [ 12.569829431035515, 44.076971440903314 ], [ 12.569925157376863, 44.07724427862351 ], [ 12.569990083235087, 44.077499500810653 ], [ 12.575472785086777, 44.07850908586434 ], [ 12.575646221046272, 44.078326090527916 ], [ 12.592757531226274, 44.060480856064594 ], [ 12.601938067504225, 44.051645356576202 ], [ 12.60503907159752, 44.048800793247416 ], [ 12.613413862341371, 44.041214362736781 ], [ 12.617722493464395, 44.037369204905247 ], [ 12.620537996440135, 44.034965843177162 ], [ 12.625428323465128, 44.031012287929229 ], [ 12.630211230010833, 44.027099889524493 ], [ 12.632142640976692, 44.025515187473545 ], [ 12.632253573803778, 44.025073904897788 ], [ 12.632453428486498, 44.025251115292235 ], [ 12.636368725934989, 44.022087656108226 ], [ 12.642434595040795, 44.017576389880709 ], [ 12.655697552884897, 44.008169159969071 ], [ 12.668543200113046, 43.99970720124373 ], [ 12.680203538992606, 43.992216282674384 ], [ 12.688202027910071, 43.987123863004406 ], [ 12.689833776875531, 43.986218641031527 ], [ 12.690153488643675, 43.98620830207976 ], [ 12.690364048414528, 43.986201492433167 ], [ 12.690730527086865, 43.986189638433572 ], [ 12.690989735395481, 43.986085359267676 ], [ 12.691045808494659, 43.985981990532423 ], [ 12.690814675959558, 43.986034602698581 ], [ 12.690769743457347, 43.985940141425459 ], [ 12.690761709593032, 43.985810657515906 ], [ 12.690775560049845, 43.985781999069815 ], [ 12.690819554480385, 43.985735440230876 ], [ 12.690902543138229, 43.98568761916146 ], [ 12.690995076056076, 43.985667701554284 ], [ 12.691638560962717, 43.985460719275416 ], [ 12.691794153317533, 43.985450043233499 ], [ 12.691834542821333, 43.985471304818994 ], [ 12.691860036482238, 43.985504330721653 ], [ 12.692013532028271, 43.985459869680589 ], [ 12.691895531142501, 43.985446763195199 ], [ 12.691889240947873, 43.985345411792032 ], [ 12.69189645234354, 43.985209790808327 ], [ 12.691960349023603, 43.985106168486176 ], [ 12.692189379831152, 43.985019788369286 ], [ 12.692451589310714, 43.985090272153336 ], [ 12.692512120623999, 43.985184225281436 ], [ 12.692508516272353, 43.985252046101323 ], [ 12.692663289101029, 43.985165228526171 ], [ 12.69260150768587, 43.985113630259747 ], [ 12.692605460087744, 43.985051458268813 ], [ 12.692611161608639, 43.985017423919686 ], [ 12.69283575946257, 43.98473371820112 ], [ 12.692886500028203, 43.98467001306485 ], [ 12.692960613696735, 43.984605555053605 ], [ 12.693051396148123, 43.984557499083479 ], [ 12.69315882289351, 43.984525811696493 ], [ 12.693330358883198, 43.984520259614918 ], [ 12.693408691754858, 43.984523367130379 ], [ 12.693519614246309, 43.984547986254789 ], [ 12.693623414094052, 43.984584102007183 ], [ 12.693679747533395, 43.984610487119632 ], [ 12.693698840647537, 43.984666289062716 ], [ 12.693686040557401, 43.984711837432592 ], [ 12.69402539952821, 43.984514686955237 ], [ 12.693962838452721, 43.984513891677999 ], [ 12.693874112301812, 43.984468806673313 ], [ 12.693864565780135, 43.984440907065775 ], [ 12.693858621982026, 43.984345184844798 ], [ 12.69385233116081, 43.984243853372838 ], [ 12.693880375662754, 43.984192168494111 ], [ 12.69394633820429, 43.984122328921742 ], [ 12.694035372195865, 43.984046120118762 ], [ 12.694073313936187, 43.984027966423184 ], [ 12.694165493299554, 43.984002413797583 ], [ 12.694344824712196, 43.983996607813374 ], [ 12.694438754825013, 43.983999208735682 ], [ 12.694486240688647, 43.984008955440807 ], [ 12.694638577523953, 43.984071707391934 ], [ 12.694791638877144, 43.984145737863962 ], [ 12.695019786191772, 43.984045258786054 ], [ 12.694987196165986, 43.984023764670965 ], [ 12.69493761062091, 43.983980234524886 ], [ 12.694886623797387, 43.983914182270794 ], [ 12.694884875151086, 43.983886028442235 ], [ 12.694879981538634, 43.983807219244461 ], [ 12.694899179919176, 43.983738894291193 ], [ 12.694940370509929, 43.983647287928243 ], [ 12.694982962519729, 43.983578206331693 ], [ 12.695048949204709, 43.983508385144766 ], [ 12.695139381109506, 43.983454678766385 ], [ 12.695208136902712, 43.983429884732118 ], [ 12.69530881510528, 43.983415340135714 ], [ 12.695480369879155, 43.983409784211581 ], [ 12.695614312460336, 43.983428014567451 ], [ 12.695790068486584, 43.983490024491971 ], [ 12.695831155086003, 43.983522546265142 ], [ 12.695890263385335, 43.983593958226287 ], [ 12.695893061896564, 43.983639003404555 ], [ 12.695864667098636, 43.983685058033352 ], [ 12.695728874647916, 43.983762801623655 ], [ 12.695620751190937, 43.983783229817725 ], [ 12.69560830141333, 43.983834391142835 ], [ 12.695656839196037, 43.98386102956097 ], [ 12.695702929622446, 43.983848252592743 ], [ 12.696436558106125, 43.983457800097625 ], [ 12.696424561452273, 43.983390484543598 ], [ 12.696353677223717, 43.983381495718561 ], [ 12.69631713611979, 43.98342217406293 ], [ 12.696287692292133, 43.98345133830896 ], [ 12.696242654298855, 43.983481006792637 ], [ 12.696159349277208, 43.983523197207433 ], [ 12.696105462287312, 43.98353620890073 ], [ 12.696050175788255, 43.983526735351418 ], [ 12.695977193827005, 43.983483963499154 ], [ 12.695943205871606, 43.983439928569531 ], [ 12.695931209889565, 43.98337261474083 ], [ 12.695921413830225, 43.983214976011993 ], [ 12.695974353657826, 43.983060929316395 ], [ 12.696032190501224, 43.982985728548186 ], [ 12.696322894271688, 43.98288604115367 ], [ 12.696432064175868, 43.98288250466728 ], [ 12.696659579099174, 43.982897699797654 ], [ 12.696907240573767, 43.982985588922922 ], [ 12.697107189881564, 43.982933976568248 ], [ 12.697002767859109, 43.982762477573118 ], [ 12.697066651912218, 43.982658853693593 ], [ 12.697133657483231, 43.982605903852154 ], [ 12.697396613549762, 43.982436607791541 ], [ 12.697674613163858, 43.982258359141383 ], [ 12.698210264458355, 43.982077383592156 ], [ 12.69836737231878, 43.981965112536528 ], [ 12.698951303446727, 43.981681031731881 ], [ 12.699133170943055, 43.981590505543323 ], [ 12.69965631514288, 43.981333781589811 ], [ 12.699846333551839, 43.98124865188209 ], [ 12.699961897330144, 43.981222337232722 ], [ 12.700199749458962, 43.981152562346374 ], [ 12.700300862412881, 43.981019518937117 ], [ 12.700483080938294, 43.980934641107844 ], [ 12.700883024596525, 43.980707294950513 ], [ 12.70099471277377, 43.980619042855132 ], [ 12.70117160427753, 43.980573810635626 ], [ 12.701257379555535, 43.980571029263835 ], [ 12.701434948853253, 43.980537057931201 ], [ 12.701467981760567, 43.980440093344036 ], [ 12.701661936479775, 43.980292751912984 ], [ 12.702189876451717, 43.979987905227219 ], [ 12.702711215774121, 43.979703033359101 ], [ 12.703038071501412, 43.97955701807583 ], [ 12.703626247434411, 43.979216357349387 ], [ 12.703732962307786, 43.979173417826196 ], [ 12.704053768909711, 43.979055808233483 ], [ 12.704186737561068, 43.978933029465971 ], [ 12.704299490172668, 43.978861664048225 ], [ 12.704655425419709, 43.978680870050361 ], [ 12.704728841122247, 43.978605141058843 ], [ 12.704919892659502, 43.978536876715836 ], [ 12.705120169886564, 43.978490879950158 ], [ 12.705383934926139, 43.978335642163167 ], [ 12.705633508872262, 43.978203414988734 ], [ 12.705734871536748, 43.978200123139466 ], [ 12.706002842029093, 43.978112450636374 ], [ 12.706049587730481, 43.978027213005461 ], [ 12.70615498722128, 43.977921344344814 ], [ 12.706276938434872, 43.977872247463949 ], [ 12.706724592454989, 43.977784359079173 ], [ 12.707143217632192, 43.97760716289784 ], [ 12.707406623845269, 43.977446271990026 ], [ 12.7078766893087, 43.977216622031079 ], [ 12.708025265482242, 43.977093331612302 ], [ 12.708052569108661, 43.977030384032673 ], [ 12.708373179585807, 43.976909947159584 ], [ 12.708803552346843, 43.976670299181812 ], [ 12.7091544732475, 43.976534788144974 ], [ 12.709454744157464, 43.976338859614621 ], [ 12.709758175052885, 43.976193588374059 ], [ 12.709902790414379, 43.976163500332461 ], [ 12.710126088329876, 43.976080091159808 ], [ 12.710184250550553, 43.976010496708028 ], [ 12.710932725750217, 43.975611003641312 ], [ 12.711045816351785, 43.975545265347805 ], [ 12.711130178782964, 43.975519954133091 ], [ 12.711403115196219, 43.975386953585456 ], [ 12.71155308298346, 43.975286181667457 ], [ 12.711658701409609, 43.975226326107069 ], [ 12.712018877604233, 43.974988950241986 ], [ 12.712354184332014, 43.974853937304822 ], [ 12.71267600455062, 43.974753194940021 ], [ 12.713124747296744, 43.974558070564605 ], [ 12.713353706212272, 43.974471631350788 ], [ 12.713712046274804, 43.97433022364617 ], [ 12.713813405154983, 43.97432692473793 ], [ 12.713939530668677, 43.9743453690892 ], [ 12.714366502135835, 43.974427383919839 ], [ 12.714545098932421, 43.974410285892418 ], [ 12.714615621477451, 43.974413630392391 ], [ 12.714844673539664, 43.974387379162948 ], [ 12.717018010824127, 43.97335377116945 ], [ 12.717154809833538, 43.97329289749333 ], [ 12.717573395405916, 43.9731156624905 ], [ 12.718033071377041, 43.972970938704918 ], [ 12.718301348133147, 43.97288885049241 ], [ 12.718627016890515, 43.972850028017362 ], [ 12.71877401256322, 43.972952434440955 ], [ 12.720587963208665, 43.972905009194122 ], [ 12.721346532315788, 43.972704191609566 ], [ 12.722732389170586, 43.973292043153585 ], [ 12.72236081914952, 43.972606832745917 ], [ 12.722321334606647, 43.972501292910025 ], [ 12.722345260115155, 43.972358080902403 ], [ 12.722383292469061, 43.972309363628725 ], [ 12.72246234168586, 43.972259307348345 ], [ 12.722794557227132, 43.972052623468365 ], [ 12.72584000824593, 43.971080802350677 ], [ 12.737089546252999, 43.968327144282846 ], [ 12.738387071118989, 43.968183749467322 ], [ 12.73895998184739, 43.968147167401987 ], [ 12.748600296037838, 43.968433237619969 ], [ 12.750621437533924, 43.968544500728441 ], [ 12.754442080626943, 43.96492455539655 ], [ 12.754747428372053, 43.964448449048945 ], [ 12.75547880589763, 43.9631439018913 ], [ 12.755607003212896, 43.962731178857396 ], [ 12.755640040511093, 43.962501645831921 ], [ 12.755640592249431, 43.961954709655856 ], [ 12.750017169734361, 43.954585201199464 ], [ 12.748308846635902, 43.952993814828403 ], [ 12.741470263595309, 43.940924932063602 ], [ 12.739757607602259, 43.938509806354638 ], [ 12.739538287004329, 43.938278424961787 ], [ 12.733547007366703, 43.929804898470373 ], [ 12.733341894111112, 43.929708072521763 ], [ 12.728515257322067, 43.924986359331712 ], [ 12.727907581132268, 43.924182452501483 ], [ 12.728790954224285, 43.918652857464267 ], [ 12.729681566161887, 43.916215495248096 ], [ 12.730048310633615, 43.913106529223747 ], [ 12.729864209181246, 43.912689417380165 ], [ 12.729696110240072, 43.912415828737991 ], [ 12.72931933889601, 43.912153552134328 ], [ 12.729198411296533, 43.912096603037696 ], [ 12.72899534575417, 43.912013340495989 ], [ 12.728524523391346, 43.911927447855433 ], [ 12.727117922344792, 43.911704818422315 ], [ 12.728833904831736, 43.908435483121892 ], [ 12.731234826359271, 43.903220883629622 ], [ 12.733048923564546, 43.901306964947004 ], [ 12.733220474615454, 43.901076282519057 ], [ 12.733352711005475, 43.900851385720479 ], [ 12.734701737789816, 43.896494874543826 ], [ 12.734831054339264, 43.8960247490865 ], [ 12.734680272993447, 43.895741592171554 ], [ 12.734504210363497, 43.895477263749562 ], [ 12.734313755772101, 43.895206664623586 ], [ 12.72520557024726, 43.88380739190378 ], [ 12.722774197037442, 43.881077629987473 ], [ 12.722653233043538, 43.880566371936183 ], [ 12.727712551365748, 43.87608884485217 ], [ 12.73173371846878, 43.873369091831876 ], [ 12.731939052625931, 43.873207075359829 ], [ 12.733362099967533, 43.871434227029532 ], [ 12.733574178699179, 43.871094185977697 ], [ 12.73373408933001, 43.870827863252714 ], [ 12.73382813378629, 43.870640233947974 ], [ 12.733992521182898, 43.870258981312531 ], [ 12.733545585656696, 43.869952501701775 ], [ 12.732896833777952, 43.869370531825311 ], [ 12.727959115334064, 43.863740094127245 ], [ 12.727211811177227, 43.86321757720129 ], [ 12.725837567901602, 43.862330055989332 ], [ 12.725694127134842, 43.86223855773909 ], [ 12.724974541047894, 43.861823155607283 ], [ 12.724811385048831, 43.861738450575409 ], [ 12.724180636668828, 43.861450692017932 ], [ 12.724004077879421, 43.861375424362521 ], [ 12.723632264320615, 43.861236755559105 ], [ 12.72343510242885, 43.861180168793915 ], [ 12.723024895726263, 43.861074270017696 ], [ 12.722822989451478, 43.861029087965825 ], [ 12.722399515787938, 43.860934869819943 ], [ 12.721862857660879, 43.860986771923685 ], [ 12.714346363685452, 43.860177690038313 ], [ 12.701405732973702, 43.858664778564091 ], [ 12.701216146322567, 43.858633209458283 ], [ 12.7010629172748, 43.858603866763559 ], [ 12.700873866122267, 43.858564987313557 ], [ 12.700518811312266, 43.858394190682155 ], [ 12.700244693622308, 43.858187003957589 ], [ 12.699917575440242, 43.857927532359192 ], [ 12.699344743842795, 43.857266387072954 ], [ 12.699180545232563, 43.857051136713629 ], [ 12.698981589400816, 43.856751479032603 ], [ 12.698964194471555, 43.856646261509709 ], [ 12.698919947797517, 43.856346102331209 ], [ 12.69888302041802, 43.856000686526784 ], [ 12.699004586037159, 43.855753664255865 ], [ 12.699316770204863, 43.855432941665981 ], [ 12.699385727558377, 43.855228143962513 ], [ 12.699106342994442, 43.854721787906151 ], [ 12.696914159602464, 43.852821179908396 ], [ 12.696664136157166, 43.852676244476889 ], [ 12.685426181548149, 43.852211437256265 ], [ 12.682295035094919, 43.852796654608952 ], [ 12.681246049327319, 43.847565797133605 ], [ 12.67916307910537, 43.841261150942657 ], [ 12.681317061618611, 43.8280706697564 ], [ 12.673460439319449, 43.823893631653057 ], [ 12.673024622224398, 43.8237072071231 ], [ 12.672885327442325, 43.82365330719545 ], [ 12.672567449121576, 43.823564508838174 ], [ 12.672406008014118, 43.823542690165645 ], [ 12.669944866995541, 43.82327974302855 ], [ 12.669793435892784, 43.823268861537244 ], [ 12.669215924557907, 43.823242410050881 ], [ 12.66891416073185, 43.82327687216587 ], [ 12.667587493419489, 43.823517575214581 ], [ 12.667166872594617, 43.82364138167825 ], [ 12.666857791165544, 43.823759346875356 ], [ 12.666462417926056, 43.824003881191793 ], [ 12.658417514719545, 43.827431082883557 ], [ 12.644464193862166, 43.826892243107977 ], [ 12.644317770497434, 43.826882845989289 ], [ 12.643648536325355, 43.826805107911134 ], [ 12.64350038952294, 43.826785151996326 ], [ 12.642953470438183, 43.826636057068491 ], [ 12.637182763884226, 43.824533217936633 ], [ 12.634715987392964, 43.823392562649531 ], [ 12.632677035454513, 43.822322584978743 ], [ 12.631867528825827, 43.821981369326146 ], [ 12.631745685789465, 43.821933588850392 ], [ 12.630114432146442, 43.821307259212645 ], [ 12.629992873524658, 43.821262357777364 ], [ 12.629548229433155, 43.821119035606991 ], [ 12.629416212519001, 43.821082633687027 ], [ 12.628804263342358, 43.820949057307161 ], [ 12.623627971705881, 43.821043730641136 ], [ 12.623274694683221, 43.821151727050648 ], [ 12.618949885704751, 43.826411627727225 ], [ 12.611227568938505, 43.830782588701148 ], [ 12.610015542960031, 43.833899193603976 ], [ 12.610007672804484, 43.834023336833376 ], [ 12.609992650639475, 43.83615966358343 ], [ 12.610013182711876, 43.836564151313191 ], [ 12.610174848116005, 43.836937153200225 ], [ 12.610328785914664, 43.837092095686131 ], [ 12.616458839796266, 43.84139404056544 ], [ 12.618902501933652, 43.84262745939003 ], [ 12.615854957614317, 43.846466279112114 ], [ 12.608955726656196, 43.84529219091889 ], [ 12.607348939859779, 43.845025632010049 ], [ 12.606985228020008, 43.844976365789641 ], [ 12.606571287102401, 43.845009698434524 ], [ 12.606063965269049, 43.845131510526855 ], [ 12.605585242406251, 43.845263676966169 ], [ 12.605137194251176, 43.845595185184322 ], [ 12.604757213066087, 43.845985313122632 ], [ 12.60099939919156, 43.850510878434633 ], [ 12.60105848834997, 43.85258869477552 ], [ 12.601104174147501, 43.852933868501019 ], [ 12.601213983204616, 43.853362549363148 ], [ 12.60144619841016, 43.853758097904652 ], [ 12.601742132319396, 43.85407512392424 ], [ 12.602085221167544, 43.854271596056286 ], [ 12.602202310727209, 43.854330683963468 ], [ 12.602755490697412, 43.85461992255815 ], [ 12.602864805748879, 43.854678887871067 ], [ 12.603369578287058, 43.854964555851943 ], [ 12.603681954469289, 43.855283297574083 ], [ 12.603775566169332, 43.85564946704519 ], [ 12.603779188025044, 43.856121999989305 ], [ 12.603761918457305, 43.856622212409142 ], [ 12.602966382434069, 43.862812093236386 ], [ 12.60256142388406, 43.863434826636947 ], [ 12.602296225853641, 43.863447698020408 ], [ 12.601685987698465, 43.863464706642581 ], [ 12.598909108080335, 43.863534297011839 ], [ 12.598294938046632, 43.863537912333641 ], [ 12.594565432384316, 43.863466374461844 ], [ 12.589359664002329, 43.865251487463468 ], [ 12.593020490883898, 43.87315716283598 ], [ 12.592433420578663, 43.876500443376301 ], [ 12.590338264688629, 43.878172926430764 ], [ 12.590100721387854, 43.878297440612741 ], [ 12.59002682693041, 43.878452816875324 ], [ 12.589674462798408, 43.87955325454498 ], [ 12.589455039220002, 43.880975863999332 ], [ 12.589506194214628, 43.881451410132776 ], [ 12.590540284364881, 43.883964452304816 ], [ 12.590689118020579, 43.884317634140515 ], [ 12.58949226383309, 43.885644964128609 ], [ 12.58874229831483, 43.88536889730964 ], [ 12.584400319589557, 43.884103453977268 ], [ 12.583788835516533, 43.884025868562929 ], [ 12.58248395053227, 43.883918285019753 ], [ 12.581410015072915, 43.884055523257281 ], [ 12.579822761295995, 43.884571226711635 ], [ 12.579149544747045, 43.884826414498768 ], [ 12.575594148356645, 43.884904100717819 ], [ 12.574918376630967, 43.884896008680215 ], [ 12.572454443782762, 43.884856121905997 ], [ 12.565896345319086, 43.882243299575407 ], [ 12.565624164369721, 43.882062741169435 ], [ 12.565559372458717, 43.882019758455506 ], [ 12.565103821480028, 43.881478059509604 ], [ 12.564848038319571, 43.881024642576328 ], [ 12.564720040871483, 43.880652766019551 ], [ 12.564652163007743, 43.879945906772598 ], [ 12.564621691719015, 43.879422440708623 ], [ 12.564776521779608, 43.879070990971002 ], [ 12.564778980354443, 43.878199881567966 ], [ 12.564712807751441, 43.876635437049146 ], [ 12.564548541606412, 43.874443846208706 ], [ 12.564425651571481, 43.87384449611681 ], [ 12.564299965051557, 43.873328494819333 ], [ 12.564119240629763, 43.872854731941004 ], [ 12.563428749662005, 43.871294030367096 ], [ 12.562981750408824, 43.87051572504388 ], [ 12.562619168413061, 43.870004875959296 ], [ 12.562452370667124, 43.869816520292538 ], [ 12.562065955840589, 43.869544985973306 ], [ 12.561485830058034, 43.869338017504887 ], [ 12.551090604380468, 43.866382600059467 ], [ 12.549816235527281, 43.865805853614155 ], [ 12.549672469190035, 43.865744744247792 ], [ 12.549476213978595, 43.865687827531694 ], [ 12.549254846733362, 43.865627190782114 ], [ 12.541692224843725, 43.864027769312671 ], [ 12.53521396474088, 43.868156148897178 ], [ 12.535020728008307, 43.868294934987979 ], [ 12.534762680417241, 43.868521241408196 ], [ 12.534131110133432, 43.870571718986888 ], [ 12.533054083738485, 43.870088891331321 ], [ 12.532477507466121, 43.869861408102651 ], [ 12.531356704756206, 43.869479705096957 ], [ 12.521664708986851, 43.873740470768325 ], [ 12.521320722946804, 43.873922140601422 ], [ 12.519117948564109, 43.875137957431349 ], [ 12.518714498848892, 43.875578037246008 ], [ 12.518620284727751, 43.875774505009865 ], [ 12.518519824554831, 43.876340285660014 ], [ 12.518488126042106, 43.878020315081912 ], [ 12.518496469160736, 43.879640589270537 ], [ 12.518539268379003, 43.880102921852057 ], [ 12.518507790557353, 43.880572045719724 ], [ 12.51837934860535, 43.880927120313189 ], [ 12.518174487457483, 43.881041470647411 ], [ 12.517564438027469, 43.881091784251474 ], [ 12.515950954679031, 43.880641836350378 ], [ 12.512138067548351, 43.879566340686274 ], [ 12.51119165756681, 43.879293860827723 ], [ 12.508760681391742, 43.878486331606588 ], [ 12.507949646174634, 43.878187156237864 ], [ 12.506936345243339, 43.877781652211212 ], [ 12.506091103914144, 43.877429496372756 ], [ 12.505273294764628, 43.877067488714594 ], [ 12.502830246955503, 43.875945099580115 ], [ 12.50239103789267, 43.87572450098363 ], [ 12.50184406824221, 43.875417177533834 ], [ 12.499338864964455, 43.873603391684803 ], [ 12.496685937989911, 43.875800394909653 ], [ 12.493721926099587, 43.879703917799766 ], [ 12.489681932870466, 43.882508143774686 ], [ 12.489103602584418, 43.882942211938044 ], [ 12.488628385491319, 43.883330361127108 ], [ 12.48828852971196, 43.883691863869885 ], [ 12.487943114111062, 43.884224590336459 ], [ 12.487417601261807, 43.885510067304999 ], [ 12.487062597281476, 43.893657332175174 ], [ 12.487086003036497, 43.894271068615602 ], [ 12.487404311781644, 43.896469315118445 ], [ 12.48830781012672, 43.899572478960245 ], [ 12.488461471750824, 43.900017929493075 ], [ 12.488711861069527, 43.900626977094468 ], [ 12.489496663528024, 43.902390068679217 ], [ 12.493318384362402, 43.910137219751689 ], [ 12.493945299816525, 43.91556480805297 ], [ 12.493416156216893, 43.915581011058279 ], [ 12.493029783076668, 43.91562884694482 ], [ 12.492792291659912, 43.915933206818053 ], [ 12.492377745445467, 43.917494406609791 ], [ 12.492379529341083, 43.917737419339382 ], [ 12.492391211063813, 43.918043169949172 ], [ 12.492406449696203, 43.918276774260448 ], [ 12.494417795559075, 43.920799051678394 ], [ 12.49643678905176, 43.92222718896511 ], [ 12.49726837281278, 43.922575335755177 ], [ 12.497970060015074, 43.922778904825279 ], [ 12.503546338616314, 43.926978779502107 ], [ 12.50753237473401, 43.933513992469798 ], [ 12.510700717668152, 43.936648614662531 ], [ 12.51545171985906, 43.941314405272628 ], [ 12.515665508624718, 43.941532892837735 ], [ 12.515762552215927, 43.942200617650556 ], [ 12.515685819184517, 43.943143777286615 ], [ 12.515559868741509, 43.944097468455823 ], [ 12.514901180723882, 43.946449507687483 ], [ 12.513663197844366, 43.949571112449192 ], [ 12.513226286076527, 43.950165247361376 ], [ 12.51110062400641, 43.952764972511083 ], [ 12.510252761176725, 43.953682342754782 ], [ 12.50950967065371, 43.954474941366286 ], [ 12.508844972096812, 43.955170595744818 ], [ 12.508243765883286, 43.955859792989841 ], [ 12.506790859512769, 43.957853572484517 ], [ 12.506750596387253, 43.958201423170898 ], [ 12.506556296821344, 43.970932962241513 ], [ 12.511241463294198, 43.977212435347781 ], [ 12.515849052163246, 43.984772522585445 ], [ 12.514366498911158, 43.990782566430504 ], [ 12.51428156714217, 43.990875215535247 ], [ 12.51346049413347, 43.9913029463249 ], [ 12.509471054667959, 43.99120347034723 ], [ 12.504149221285779, 43.989107639202921 ], [ 12.503537523596361, 43.988189682575452 ], [ 12.502232552521011, 43.986856257767656 ], [ 12.501991775808559, 43.98674434441174 ], [ 12.49255760243417, 43.982968526244989 ], [ 12.48555211838184, 43.98129756044635 ], [ 12.483387674419394, 43.980900013990187 ], [ 12.483146428226256, 43.980876092972288 ], [ 12.483043045840445, 43.980867123084586 ], [ 12.48288752861537, 43.980896092635732 ], [ 12.48274143904268, 43.981019188033223 ], [ 12.481926524539201, 43.981076446596099 ], [ 12.481572944756099, 43.981082975400426 ], [ 12.479433249916246, 43.980871974022314 ], [ 12.478892324642588, 43.980784569780361 ], [ 12.478846202294998, 43.980776154435112 ], [ 12.475937523242228, 43.979872990238938 ], [ 12.474492765585095, 43.979383528186538 ], [ 12.470922762131696, 43.978001098438376 ], [ 12.463629994229791, 43.974686265786367 ], [ 12.462798920699344, 43.974276722905408 ], [ 12.452949907529881, 43.969389671688923 ], [ 12.451564662638797, 43.96808092710679 ], [ 12.436867357127211, 43.956622642011581 ], [ 12.43597521545035, 43.956496469614081 ], [ 12.434546037657215, 43.956566481413191 ], [ 12.427929305277447, 43.957017492844798 ], [ 12.416226726114397, 43.953326082113264 ], [ 12.414049473933355, 43.952301880466038 ], [ 12.411937727092191, 43.952202979157285 ], [ 12.406052340140025, 43.954323403994636 ], [ 12.404920363918501, 43.95501438323155 ], [ 12.404592592127001, 43.95569608726894 ], [ 12.403845483928142, 43.953106311808448 ], [ 12.403686639447367, 43.95207121181388 ], [ 12.403605266934083, 43.951083316738462 ], [ 12.404417622735883, 43.945945427999973 ], [ 12.40466863154686, 43.944668528036424 ], [ 12.404809651215775, 43.94408363248025 ], [ 12.404819779282219, 43.944042817756262 ], [ 12.405068270293622, 43.943594260429968 ], [ 12.405658843716591, 43.942590818800774 ], [ 12.406081693027597, 43.942195575028052 ], [ 12.407426096001338, 43.941084098780991 ], [ 12.408118121647078, 43.940766339536012 ], [ 12.409117492178082, 43.940376376275431 ], [ 12.410324442312222, 43.939912679521676 ], [ 12.411675144185155, 43.938913499706288 ], [ 12.414232059433782, 43.934232040406457 ], [ 12.414737799668602, 43.933219835077765 ], [ 12.41498796642896, 43.932476359951693 ], [ 12.41524949786286, 43.930735469238002 ], [ 12.415164582887941, 43.929851220998643 ], [ 12.415063172918012, 43.929440120530195 ], [ 12.414724557093233, 43.928748022411426 ], [ 12.414163571349651, 43.928305654672585 ], [ 12.413658533101458, 43.927915628897267 ], [ 12.413014868336376, 43.927606270969697 ], [ 12.412482375559968, 43.927226063893961 ], [ 12.409777681437566, 43.925020151570486 ], [ 12.409371920447938, 43.92462263820368 ], [ 12.409213015286417, 43.924294275826682 ], [ 12.408272954075859, 43.921522434938161 ], [ 12.408211995130042, 43.921164137136188 ], [ 12.408274996876845, 43.920523046826496 ], [ 12.409632006996619, 43.917408008531432 ], [ 12.412502563952616, 43.909404119327213 ], [ 12.4120902455772, 43.908237058815018 ], [ 12.408355601559499, 43.902971621612949 ], [ 12.417681311971828, 43.899048936454328 ], [ 12.41868858028551, 43.900657183036969 ], [ 12.425176001886458, 43.903321125433074 ], [ 12.426202463758012, 43.90363243035933 ], [ 12.426796495146096, 43.903785653036664 ], [ 12.427284633973258, 43.903829515348477 ], [ 12.443693923436866, 43.904978635319416 ], [ 12.446501678462386, 43.903358881692 ], [ 12.447766668833568, 43.89982302748939 ], [ 12.447935453890601, 43.89951182861941 ], [ 12.449256758050678, 43.897599289860295 ], [ 12.449694506031525, 43.896987363274597 ], [ 12.450647972946177, 43.896089755683427 ], [ 12.451119134788263, 43.895679380680455 ], [ 12.454562409906289, 43.894026705070651 ], [ 12.455004872360258, 43.893927783587529 ], [ 12.457316672713354, 43.893700227793673 ], [ 12.462394033663953, 43.893771388612251 ], [ 12.463641617389504, 43.891241966500957 ], [ 12.463113831352, 43.889601437352056 ], [ 12.457756040718746, 43.880114946460381 ], [ 12.457516795138575, 43.879906122693598 ], [ 12.449467087486607, 43.872960805618703 ], [ 12.448213230309678, 43.872206429087008 ], [ 12.445693194982427, 43.870806043704299 ], [ 12.435562661692593, 43.87204322686938 ], [ 12.43486174899204, 43.872190363360474 ], [ 12.43244014067638, 43.874392418833864 ], [ 12.432304968590572, 43.874855635977511 ], [ 12.432341350553044, 43.87375617686866 ], [ 12.432237656968796, 43.873034554941697 ], [ 12.432136259900441, 43.872569448335639 ], [ 12.431912920493273, 43.872364593541533 ], [ 12.431422997796533, 43.872122737480787 ], [ 12.430861900556961, 43.871887521086208 ], [ 12.430168802137947, 43.871683277109035 ], [ 12.42001077373228, 43.872231174687364 ], [ 12.417139486493454, 43.873163451781075 ], [ 12.413798992286095, 43.874325763207125 ], [ 12.412774343833545, 43.874689515283308 ], [ 12.411782489254485, 43.875191823660494 ], [ 12.407749676064325, 43.876712260703009 ], [ 12.404775907915038, 43.87645439055931 ], [ 12.404573012291756, 43.876388418857267 ], [ 12.404040023686973, 43.875990177521039 ], [ 12.400608558757074, 43.872774856197005 ], [ 12.403609350026233, 43.87045266964423 ], [ 12.397461670058444, 43.867390237090035 ], [ 12.393611341689555, 43.858427487257245 ], [ 12.393561106953118, 43.858309690687733 ], [ 12.393408014715403, 43.857859589507257 ], [ 12.393284915195178, 43.857444608862643 ], [ 12.390948861923629, 43.84499757118224 ], [ 12.391005198834272, 43.844620020707275 ], [ 12.391039787568442, 43.844407422027523 ], [ 12.396974036273416, 43.828925808321486 ], [ 12.398544367872887, 43.826358212470161 ], [ 12.394118646796374, 43.821340145198171 ], [ 12.393527558873886, 43.821222672473745 ], [ 12.393231852731061, 43.821051402029127 ], [ 12.390917441712505, 43.81970669613267 ], [ 12.390542432376161, 43.819452244554768 ], [ 12.388930853165755, 43.818001090642305 ], [ 12.388587756501201, 43.817651153122817 ], [ 12.388306223773577, 43.817290384998898 ], [ 12.388218160267986, 43.817162454307756 ], [ 12.387966898760112, 43.816787282126555 ], [ 12.380527233571895, 43.814784085179959 ], [ 12.366193645852677, 43.813326014904305 ], [ 12.365969750013562, 43.813103038374962 ], [ 12.365061469532714, 43.812040444022522 ], [ 12.364824987424916, 43.811759316632141 ], [ 12.363907560255576, 43.809648123468669 ], [ 12.363555553239962, 43.807808362240657 ], [ 12.363481881692842, 43.807603462158845 ], [ 12.363177026359232, 43.807045249657321 ], [ 12.362862040127544, 43.80652784892203 ], [ 12.362640674437957, 43.806183249348493 ], [ 12.362495140489642, 43.805971462178903 ], [ 12.362308769843462, 43.805751874434236 ], [ 12.362138849113922, 43.805603827148794 ], [ 12.353696460088464, 43.801359618250331 ], [ 12.34979440342412, 43.799601541903805 ], [ 12.345051584034776, 43.801424193198166 ], [ 12.334321220952667, 43.801540040029963 ], [ 12.328801057820005, 43.800571248256944 ], [ 12.315886833910602, 43.805637702470818 ], [ 12.312982406735246, 43.804146485642519 ], [ 12.298327636255692, 43.797570908759575 ], [ 12.297914645288694, 43.797519818333917 ], [ 12.29681342466642, 43.797328797303813 ], [ 12.291934122962196, 43.796355462790643 ], [ 12.291384279693771, 43.796245272330609 ], [ 12.284853869138804, 43.7947947917622 ], [ 12.284725730575719, 43.794667934021213 ], [ 12.282960972626451, 43.790248642284091 ], [ 12.282772223113561, 43.789695875706272 ], [ 12.282757939903931, 43.789435195311015 ], [ 12.282890194272349, 43.789183806086385 ], [ 12.283165635997996, 43.788937302269773 ], [ 12.283562402286906, 43.788750329950432 ], [ 12.284206401911739, 43.788709297985974 ], [ 12.2890004831818, 43.78576680890739 ], [ 12.28807949528364, 43.775210146927932 ], [ 12.287214398603693, 43.771669812792105 ], [ 12.286374943591772, 43.7704650498451 ], [ 12.286151576570125, 43.770696558015402 ], [ 12.285838071600123, 43.770813618998723 ], [ 12.285457905694694, 43.77073452835559 ], [ 12.285086990567367, 43.770484110831021 ], [ 12.284758164406375, 43.770151452146358 ], [ 12.283365261689138, 43.767630121808658 ], [ 12.283027057841551, 43.76695560770731 ], [ 12.282926942246748, 43.766715401199903 ], [ 12.282757330001893, 43.766283625262524 ], [ 12.282890770659197, 43.766054709441967 ], [ 12.283029770816093, 43.765870649737785 ], [ 12.283780916917239, 43.764917219800694 ], [ 12.281428406616136, 43.764984860386093 ], [ 12.27792667139545, 43.764842367786159 ], [ 12.256621273829968, 43.76069390364362 ], [ 12.256328041517925, 43.760600027334867 ], [ 12.25600182234747, 43.760495494814528 ], [ 12.255634577234169, 43.760366417943075 ], [ 12.254693631028442, 43.759794534541456 ], [ 12.254211217303029, 43.759488672925123 ], [ 12.254077177469462, 43.759396035206528 ], [ 12.25090757673725, 43.756949358529496 ], [ 12.250625494642872, 43.756700799114512 ], [ 12.250302314240141, 43.756381383865993 ], [ 12.250762123352329, 43.755927137436792 ], [ 12.251625821316759, 43.755362351560194 ], [ 12.252478750802332, 43.755085968165048 ], [ 12.25343300657209, 43.754788684615278 ], [ 12.253910332114597, 43.754658040718397 ], [ 12.254386192440959, 43.754500426833452 ], [ 12.255209375236369, 43.753905257270858 ], [ 12.255075449926411, 43.753697500887476 ], [ 12.254661306943404, 43.753304164435761 ], [ 12.254205944622216, 43.753038045934822 ], [ 12.253690528534243, 43.752809649105444 ], [ 12.253098737749294, 43.75263294393941 ], [ 12.248580972244802, 43.75154614779315 ], [ 12.248246080536951, 43.751497155555548 ], [ 12.245910242574292, 43.751194455322683 ], [ 12.244111857212442, 43.751011487376047 ], [ 12.243629676407691, 43.751052196489418 ], [ 12.241948967337041, 43.751207970620577 ], [ 12.241393612597061, 43.751417305591673 ], [ 12.241290149341724, 43.751829888439566 ], [ 12.241162405836581, 43.752540266187196 ], [ 12.241171991607285, 43.752832596382973 ], [ 12.241281719948791, 43.753225621178956 ], [ 12.241351426281334, 43.753538754526481 ], [ 12.241326385407991, 43.753908595378007 ], [ 12.24125967583095, 43.754225601382053 ], [ 12.239541558557676, 43.755156675957529 ], [ 12.236992178940325, 43.756480425645911 ], [ 12.236325579552497, 43.756787424889204 ], [ 12.233361998360483, 43.758108192241615 ], [ 12.23302048311969, 43.758255033191276 ], [ 12.232693116148326, 43.758382682739025 ], [ 12.232228104543324, 43.758550563395481 ], [ 12.230998810627266, 43.758985390804945 ], [ 12.228992273884124, 43.759554212697452 ], [ 12.228619668033394, 43.759578850633943 ], [ 12.228554250624084, 43.759583053918682 ], [ 12.228089316629845, 43.759596626710405 ], [ 12.214877263336353, 43.758005591357509 ], [ 12.214326721142864, 43.757931059907378 ], [ 12.210135667801167, 43.757257623524843 ], [ 12.209721780701804, 43.757182796488259 ], [ 12.209310650537894, 43.757072811925788 ], [ 12.209120918242462, 43.755993258298822 ], [ 12.209247843698181, 43.755260431501007 ], [ 12.207168048830249, 43.748972099703892 ], [ 12.20458227185747, 43.748256439152783 ], [ 12.200132758608722, 43.746796669634726 ], [ 12.199660235630727, 43.746582552259468 ], [ 12.19954035231626, 43.746496528005395 ], [ 12.199310243564801, 43.746306536859052 ], [ 12.197665248145441, 43.744811383328582 ], [ 12.200649412910618, 43.741290228104724 ], [ 12.200583866257714, 43.740526791426383 ], [ 12.200558891102752, 43.74032041767645 ], [ 12.200471550528686, 43.740079778872847 ], [ 12.200351520103689, 43.739750024268368 ], [ 12.199463479533726, 43.737650153918914 ], [ 12.199242848181875, 43.737354726627004 ], [ 12.19463264970892, 43.731924318484467 ], [ 12.191568850117024, 43.734782991679246 ], [ 12.184891723207707, 43.741861403793827 ], [ 12.18464229650569, 43.742075436553705 ], [ 12.184245382952433, 43.742289077559946 ], [ 12.178432790657668, 43.744998942990918 ], [ 12.171172097936779, 43.751660638158057 ], [ 12.171076784358313, 43.75182534354289 ], [ 12.170871841964471, 43.752177658926406 ], [ 12.169489807951837, 43.754435323241829 ], [ 12.164582302397779, 43.761562439245182 ], [ 12.164047757038768, 43.762261497059839 ], [ 12.163669515182889, 43.762362011596451 ], [ 12.162664164922036, 43.762407868806974 ], [ 12.161659798008738, 43.762354655654981 ], [ 12.160618587124235, 43.761955831769278 ], [ 12.152521380679532, 43.758717949381229 ], [ 12.148545508788025, 43.755919615710127 ], [ 12.148183899727885, 43.755537947756942 ], [ 12.147546664984969, 43.754992813398978 ], [ 12.146918677037993, 43.754564463375665 ], [ 12.145875510228757, 43.754035010834635 ], [ 12.142991695587552, 43.752926001074655 ], [ 12.142080578085681, 43.752604453451696 ], [ 12.141148391594985, 43.752414024124263 ], [ 12.12600752659918, 43.749426324386171 ], [ 12.125208698700829, 43.749290634818337 ], [ 12.12472545500685, 43.749222831175274 ], [ 12.124203309613089, 43.749183099794038 ], [ 12.123577531976906, 43.749150702621023 ], [ 12.122792221729455, 43.749334241038341 ], [ 12.110378382369444, 43.752563110708095 ], [ 12.108553634830676, 43.753062964463261 ], [ 12.107445574331051, 43.753771372688419 ], [ 12.102304535240824, 43.751711373337912 ], [ 12.088066443144822, 43.747280589377887 ], [ 12.087380069027333, 43.746975033375634 ], [ 12.085917312023067, 43.7463033190133 ], [ 12.084967410700852, 43.745778814349329 ], [ 12.082701062905668, 43.744453809707274 ], [ 12.077060630149154, 43.74065425810705 ], [ 12.071173534643046, 43.740677630198341 ], [ 12.070542918670228, 43.740730610480114 ], [ 12.067225445864313, 43.741666072866821 ], [ 12.066589784040012, 43.741944396124005 ], [ 12.065029037988635, 43.742670397283959 ], [ 12.064590694119055, 43.742908886044184 ], [ 12.064364673018524, 43.743247326963086 ], [ 12.062874524001705, 43.746221026930087 ], [ 12.061648962103979, 43.750224858637857 ], [ 12.061670385693333, 43.752078761055536 ], [ 12.061583569749157, 43.752558053530848 ], [ 12.061395622953757, 43.753020779346961 ], [ 12.061078571275624, 43.753274169521923 ], [ 12.060396813249826, 43.753625560253631 ], [ 12.053707861177054, 43.756667671293357 ], [ 12.05300257913391, 43.756965634181284 ], [ 12.051247485513082, 43.757381682860334 ], [ 12.045879607725709, 43.758569366868386 ], [ 12.045297492582289, 43.758602903871406 ], [ 12.044923513852622, 43.758576865349411 ], [ 12.044484695609622, 43.75831954735667 ], [ 12.044363843181786, 43.757140081514819 ], [ 12.044304902316663, 43.756189591394225 ], [ 12.036600460290154, 43.757339972077787 ], [ 12.028692046069306, 43.761556456081436 ], [ 12.028178945082624, 43.761543054071673 ], [ 12.026285024837831, 43.761368182283285 ], [ 12.025605219445961, 43.761305172908344 ], [ 12.021886946418247, 43.760863436094809 ], [ 12.020952569697265, 43.760663078594774 ], [ 12.020353926831383, 43.76056186830818 ], [ 12.010319953791081, 43.763428912611964 ], [ 12.00977611572041, 43.763876827899161 ], [ 12.009596610535857, 43.764249697234099 ], [ 12.009472814978956, 43.765069951991514 ], [ 12.008979891163973, 43.765525383567919 ], [ 12.007329226799618, 43.766306442884151 ], [ 12.00639201322786, 43.766521343917972 ], [ 12.000540968582618, 43.765783917142336 ], [ 11.999910615640298, 43.765673009640636 ], [ 11.999388047004123, 43.765084779227365 ], [ 11.999044744220342, 43.764661101097694 ], [ 11.998888777038212, 43.764306077527252 ], [ 11.998702846081168, 43.763997710785084 ], [ 11.996085697833342, 43.763308322206171 ], [ 11.988858496201194, 43.762200890174299 ], [ 11.98651046877321, 43.761927473254723 ], [ 11.979177435941649, 43.765623027839077 ], [ 11.9740681647109, 43.768142716272735 ], [ 11.970202929875194, 43.769034966642721 ], [ 11.969101800027701, 43.769378718236233 ], [ 11.968136130764933, 43.769782112095491 ], [ 11.953380474185746, 43.776088699442489 ], [ 11.952655781745424, 43.776577472750311 ], [ 11.951462650989056, 43.777572020856255 ], [ 11.951218911468141, 43.778089803587221 ], [ 11.951113623210921, 43.77899239375558 ], [ 11.95117235156102, 43.786985089151123 ], [ 11.950530712454194, 43.787874980038083 ], [ 11.949640760260859, 43.788896790694743 ], [ 11.948284657639379, 43.790381461442394 ], [ 11.947821094354737, 43.790637567834857 ], [ 11.9470621273452, 43.790873229599818 ], [ 11.929465362998972, 43.793963980127273 ], [ 11.928601686086365, 43.794094170782301 ], [ 11.922231298855159, 43.794212358789878 ], [ 11.921084853935682, 43.794151658708763 ], [ 11.918787746585979, 43.793688209688703 ], [ 11.913098456786667, 43.798928704604783 ], [ 11.912473721433573, 43.799783609744331 ], [ 11.912336496737224, 43.800830493202703 ], [ 11.912286735385143, 43.801588014492445 ], [ 11.912367543008362, 43.802495254980045 ], [ 11.912478321230845, 43.803473534181038 ], [ 11.91343531217591, 43.806716537048999 ], [ 11.909747639978693, 43.812719106910649 ], [ 11.909020815616692, 43.812421112922316 ], [ 11.903058894116043, 43.810151668584218 ], [ 11.897115431884689, 43.80790705775032 ], [ 11.896425545216886, 43.807780500873626 ], [ 11.887171991460091, 43.808726098495875 ], [ 11.876152834854027, 43.810535243887806 ], [ 11.871891036199438, 43.813695188797496 ], [ 11.871342249167041, 43.814330211265791 ], [ 11.870991919633788, 43.815355121042451 ], [ 11.870665875131397, 43.816091298488686 ], [ 11.870146260204844, 43.816555592738659 ], [ 11.869057926518344, 43.816763392932344 ], [ 11.867995498806694, 43.816907127126427 ], [ 11.867411380985018, 43.816912786408622 ], [ 11.856060664062035, 43.815900783054168 ], [ 11.855366051086239, 43.815675063946145 ], [ 11.853762915816663, 43.814733101559035 ], [ 11.853274657922709, 43.814313429828232 ], [ 11.852020486454183, 43.813029899397854 ], [ 11.850847260751083, 43.811385484651332 ], [ 11.845435419400307, 43.809215521013016 ], [ 11.842100573934967, 43.808014860915357 ], [ 11.841674555463044, 43.808024267243475 ], [ 11.838561455401504, 43.810025830805451 ], [ 11.837508364633178, 43.81062821181937 ], [ 11.836403034934964, 43.811177857910124 ], [ 11.83518336275613, 43.811676320262919 ], [ 11.824546537186265, 43.815487203452939 ], [ 11.817562898797696, 43.819828214585804 ], [ 11.817493776755315, 43.820451118472661 ], [ 11.817395887070807, 43.821029403848136 ], [ 11.81717180059441, 43.821547820520856 ], [ 11.816660991428124, 43.822225913860059 ], [ 11.813575027999967, 43.824643681746387 ], [ 11.807177274707465, 43.828960860951646 ], [ 11.804451522260125, 43.831630139588967 ], [ 11.792603557408309, 43.840265908781021 ], [ 11.788468006541581, 43.845084762105664 ], [ 11.787015282973625, 43.846236880386577 ], [ 11.786493612645732, 43.846610007374359 ], [ 11.785729213913767, 43.847024796696786 ], [ 11.785083191052127, 43.847310647517389 ], [ 11.784461168815689, 43.847577909138046 ], [ 11.773951640446706, 43.851119877169957 ], [ 11.757178872189028, 43.856738966933122 ], [ 11.753582483289829, 43.857537000086403 ], [ 11.73247612759809, 43.863166840451392 ], [ 11.732021562063041, 43.86338506088785 ], [ 11.731774116976894, 43.863597898176224 ], [ 11.731379700170164, 43.863949831186567 ], [ 11.729463046102321, 43.865670431441302 ], [ 11.726071322611084, 43.868965852591018 ], [ 11.725675301381072, 43.869560027073071 ], [ 11.725401924126075, 43.870141690021597 ], [ 11.72480306935978, 43.87091285515173 ], [ 11.724237657596026, 43.871619086963506 ], [ 11.721890394552601, 43.874383675084083 ], [ 11.720930935399393, 43.8749756550976 ], [ 11.720053396188231, 43.875383701131184 ], [ 11.718504311332177, 43.876077828169763 ], [ 11.717670739251382, 43.876358763035491 ], [ 11.71597297996829, 43.876795293815348 ], [ 11.713712387112135, 43.876623957576953 ], [ 11.710166740227891, 43.877445949456394 ], [ 11.710534363199592, 43.877766325124242 ], [ 11.710719855139724, 43.878014013457971 ], [ 11.710803643446466, 43.87848919640777 ], [ 11.710727436959592, 43.879004188712308 ], [ 11.709216056956052, 43.88437884560269 ], [ 11.709780974068048, 43.889146266945346 ], [ 11.710334251137972, 43.893382653541423 ], [ 11.710457838028798, 43.893910903538853 ], [ 11.71198051079792, 43.896440644535488 ], [ 11.712334995361033, 43.896864400208621 ], [ 11.713401266418746, 43.898135524137906 ], [ 11.713936685028321, 43.898663396154895 ], [ 11.714334859087527, 43.89977882661244 ], [ 11.715474347578143, 43.903200062077808 ], [ 11.717607920243223, 43.919976252873127 ], [ 11.717031653912054, 43.921817608914296 ], [ 11.709241250380199, 43.925811057149495 ], [ 11.702606579308672, 43.928390129003255 ], [ 11.699753739966507, 43.928034469155968 ], [ 11.696612391919976, 43.927987153701991 ], [ 11.69634125725487, 43.928052079249184 ], [ 11.69257520473478, 43.929561249014263 ], [ 11.68420520341073, 43.935126396492954 ], [ 11.683282178304102, 43.936192461682573 ], [ 11.682903339213548, 43.936633510388148 ], [ 11.682198668069812, 43.937849642767524 ], [ 11.682381492268281, 43.938266386002645 ], [ 11.689042098601963, 43.950038856394222 ], [ 11.692599677887722, 43.95323965879826 ], [ 11.692544886981345, 43.953638596396324 ], [ 11.692319464019221, 43.954166089720253 ], [ 11.691243436878302, 43.956271180352743 ], [ 11.690884753981617, 43.956858076085112 ], [ 11.688787668904716, 43.959020971909553 ], [ 11.686265048039603, 43.960016671276456 ], [ 11.685544586123481, 43.960042371341949 ], [ 11.68444481692273, 43.960005467097353 ], [ 11.683429421814031, 43.960074725772238 ], [ 11.682717019258494, 43.960334175779401 ], [ 11.681638350602784, 43.960737646324766 ], [ 11.679004764804802, 43.962041891873376 ], [ 11.671042646930628, 43.966791320614526 ], [ 11.668888950330162, 43.970147521595436 ], [ 11.668398606186749, 43.971167336593915 ], [ 11.667662372048476, 43.971985817345704 ], [ 11.666493021953267, 43.972598331956377 ], [ 11.66350747942359, 43.974135524484346 ], [ 11.662138169281143, 43.974753892942971 ], [ 11.661127981795923, 43.974722185274594 ], [ 11.660139664430149, 43.974610199883642 ], [ 11.659024913780367, 43.974492234411429 ], [ 11.657599339734496, 43.974390538296454 ], [ 11.656836635808975, 43.974397344109356 ], [ 11.65623919562905, 43.974403873805862 ], [ 11.654930702118916, 43.97469539450902 ], [ 11.653997340790866, 43.975257281392061 ], [ 11.653373424207366, 43.975838980721917 ], [ 11.651247355734913, 43.978157153496028 ], [ 11.650304166713873, 43.979655560694475 ], [ 11.645639817071642, 43.989379763752062 ], [ 11.645549050912198, 43.989849317966211 ], [ 11.646018478656773, 43.990671224357285 ], [ 11.646306691038356, 43.991987933205756 ], [ 11.646733591813696, 43.992653258365912 ], [ 11.647027327362045, 43.993059630850155 ], [ 11.64862874006039, 43.994840724495639 ], [ 11.653030512074581, 43.999589529157305 ], [ 11.661188649664867, 44.003743598877236 ], [ 11.663526177455166, 44.005094072130618 ], [ 11.663942700672496, 44.005550608306976 ], [ 11.663854366919045, 44.006198474196509 ], [ 11.661577045743643, 44.010557552152754 ], [ 11.660884883917362, 44.011816110607121 ], [ 11.660325701907697, 44.012666424958546 ], [ 11.658487824433095, 44.014842965026837 ], [ 11.656937978533723, 44.016418564830907 ], [ 11.65637194169005, 44.016945108514349 ], [ 11.656461688882866, 44.017262820085683 ], [ 11.656523951802113, 44.017481360447107 ], [ 11.659695836358621, 44.019188750588953 ], [ 11.660697035394232, 44.019706704123472 ], [ 11.661967208309511, 44.020109718479048 ], [ 11.662877415183001, 44.020340580892054 ], [ 11.669408146155956, 44.021574547676025 ], [ 11.67052226265082, 44.021656529555862 ], [ 11.678918793183165, 44.021414814784137 ], [ 11.681888766664468, 44.021204046970794 ], [ 11.684017086670798, 44.026008172532812 ], [ 11.684487583049828, 44.027032468195742 ], [ 11.685114182816008, 44.028197124371857 ], [ 11.685751522223523, 44.029046425989975 ], [ 11.686618523687562, 44.030007362331254 ], [ 11.687512799238631, 44.030742574777364 ], [ 11.688425511276431, 44.03133329347888 ], [ 11.689516667965155, 44.031739802246129 ], [ 11.690685518091996, 44.032198367615663 ], [ 11.691811833798102, 44.032820034655849 ], [ 11.692830040311501, 44.033525272793604 ], [ 11.693869305179987, 44.034428068737029 ], [ 11.694909020908106, 44.035339846605105 ], [ 11.695481381623042, 44.036127603705779 ], [ 11.695933358793955, 44.037287322301772 ], [ 11.696023403059272, 44.038446593638717 ], [ 11.695828366169838, 44.039099414174579 ], [ 11.696055067753848, 44.044369836922677 ], [ 11.697347826001103, 44.050299300065319 ], [ 11.700695246614524, 44.055558954762077 ], [ 11.709428609451036, 44.066596776126225 ], [ 11.709831689541224, 44.066947325886964 ], [ 11.713279373262502, 44.069710386929586 ], [ 11.714055713584541, 44.070295136365687 ], [ 11.724110641007623, 44.077672292743593 ], [ 11.734621888237591, 44.085460536186517 ], [ 11.735159679843767, 44.085913383679902 ], [ 11.735505538917678, 44.0862046190352 ], [ 11.736496194619889, 44.087351353878447 ], [ 11.737040553322652, 44.088067230429594 ], [ 11.737370090974792, 44.08925694855116 ], [ 11.737361692326623, 44.09015744380617 ], [ 11.736963165259098, 44.090995272770577 ], [ 11.736344731296235, 44.091703555475036 ], [ 11.736055468440851, 44.092439493023114 ], [ 11.738575279263905, 44.096961576277657 ], [ 11.739656720388014, 44.098745225304462 ], [ 11.740084317854944, 44.099347162012208 ], [ 11.741296467561593, 44.100164334042468 ], [ 11.744240002243458, 44.10167813800566 ], [ 11.747221525464145, 44.102929857653116 ], [ 11.748560306408557, 44.103779924564094 ], [ 11.748876930689063, 44.104141416373217 ], [ 11.749089647363453, 44.105225649172837 ], [ 11.748766939987165, 44.10985193207015 ], [ 11.75016020164877, 44.115103093441661 ], [ 11.751076942254867, 44.11842108673639 ], [ 11.751561053437257, 44.119426751001029 ], [ 11.752391430699099, 44.120288176749682 ], [ 11.752937086897612, 44.120536177515945 ], [ 11.752882577834585, 44.120988408383724 ], [ 11.752638804156044, 44.121390411639254 ], [ 11.748483282944333, 44.124740592842961 ], [ 11.744855602119928, 44.126024825111898 ], [ 11.744182821844488, 44.126068444063407 ], [ 11.735391047894206, 44.125154081795735 ], [ 11.731589978179187, 44.124308787198068 ], [ 11.729490232376817, 44.123494728809135 ], [ 11.727880731179752, 44.122740950307097 ], [ 11.725536017411311, 44.121761612393762 ], [ 11.723956471755466, 44.121385177001159 ], [ 11.722163476542168, 44.12098680952672 ], [ 11.72030135802407, 44.120707083632652 ], [ 11.71900632546539, 44.120809965917687 ], [ 11.718268421112814, 44.121070611849753 ], [ 11.717397726113051, 44.121433454027851 ], [ 11.716665492538127, 44.121783986348085 ], [ 11.716265147713333, 44.122081606457115 ], [ 11.715885199932135, 44.122557301695323 ], [ 11.705884413137703, 44.120308528441974 ], [ 11.690486953844971, 44.122426459249183 ], [ 11.689642077802025, 44.122536398070224 ], [ 11.679488780032326, 44.122964218423959 ], [ 11.678806500213435, 44.122912678417208 ], [ 11.678423546676443, 44.122750479561148 ], [ 11.678355132345661, 44.122718350361396 ], [ 11.678310107356477, 44.122651973270571 ], [ 11.678021275065806, 44.122178983407984 ], [ 11.674003633931701, 44.113315630265447 ], [ 11.669539726729411, 44.111639015438008 ], [ 11.667184723406155, 44.110342463309209 ], [ 11.653815194212529, 44.102542016800577 ], [ 11.652556286476267, 44.101155061320775 ], [ 11.644899558432771, 44.103730239320733 ], [ 11.637599574587695, 44.111497618979797 ], [ 11.622528959001452, 44.117075513332097 ], [ 11.616166472660993, 44.118490907612781 ], [ 11.609174219474729, 44.119155090550088 ], [ 11.604022386795945, 44.118786555548837 ], [ 11.597588919301643, 44.116890708314344 ], [ 11.596715388810317, 44.116316179660636 ], [ 11.590865956236891, 44.113612699204722 ], [ 11.586466788645478, 44.112559444919746 ], [ 11.584574209530125, 44.112205156739684 ], [ 11.584272100768723, 44.112737596221052 ], [ 11.583925594112712, 44.114417577063243 ], [ 11.583757770995568, 44.115419560326551 ], [ 11.583894284834061, 44.116246028264378 ], [ 11.58415550850903, 44.116815425929694 ], [ 11.587832088714951, 44.12369974018992 ], [ 11.588627202111313, 44.124242322353794 ], [ 11.590288500589793, 44.124473735126173 ], [ 11.591768952542285, 44.124647209199189 ], [ 11.597290446973295, 44.125151939884304 ], [ 11.602414508198178, 44.131901984221969 ], [ 11.603880715848176, 44.13580471938257 ], [ 11.606082864583986, 44.138636034270135 ], [ 11.61035635653824, 44.14140902183518 ], [ 11.610989453050623, 44.141710667754701 ], [ 11.611719624482374, 44.141721273434555 ], [ 11.612319526379132, 44.141716548598637 ], [ 11.613168813377658, 44.141706111794136 ], [ 11.614291287833179, 44.141644402839958 ], [ 11.614591710974601, 44.141693564921269 ], [ 11.615916460265201, 44.142508340131201 ], [ 11.6163463179609, 44.142903252708123 ], [ 11.61670557559405, 44.143380783520783 ], [ 11.617094159173377, 44.14397508220906 ], [ 11.61774515968095, 44.145157410567805 ], [ 11.61783296509066, 44.145713053970717 ], [ 11.61776046639385, 44.146234943135184 ], [ 11.616676651830071, 44.150628680742848 ], [ 11.616050297534908, 44.153100640576795 ], [ 11.61495236609116, 44.154053284279222 ], [ 11.614143768855074, 44.154759021126864 ], [ 11.614193019873921, 44.156600948293473 ], [ 11.614839275488002, 44.157925569243069 ], [ 11.615364491489579, 44.158254382894697 ], [ 11.610814219905023, 44.159981875585878 ], [ 11.603657711800391, 44.157642670266817 ], [ 11.590110284590375, 44.162352627533828 ], [ 11.579119576269603, 44.161575587974426 ], [ 11.578491345234072, 44.161508748101049 ], [ 11.576265017696592, 44.161207896130641 ], [ 11.575180578091478, 44.160899623842269 ], [ 11.573835642847499, 44.160560464077349 ], [ 11.573240634684456, 44.16064589866896 ], [ 11.572939237378238, 44.160904774008905 ], [ 11.567966201804186, 44.166760600976865 ], [ 11.565172906168808, 44.16724203205235 ], [ 11.55689174660904, 44.166338449187492 ], [ 11.552975164907259, 44.165742815720357 ], [ 11.552452064763026, 44.165339200971886 ], [ 11.55263796540512, 44.164644124693211 ], [ 11.553045102650797, 44.163570615084446 ], [ 11.553644479602932, 44.16205961675589 ], [ 11.553506241368419, 44.160688281174806 ], [ 11.552670642186488, 44.159267002197254 ], [ 11.551922914758904, 44.158455983596134 ], [ 11.544818930124903, 44.152608622872968 ], [ 11.544415747795234, 44.15252762227351 ], [ 11.542300915859824, 44.152772797482314 ], [ 11.541370542223953, 44.152946562767639 ], [ 11.54023222079122, 44.153228480035153 ], [ 11.539369309273251, 44.153517760597929 ], [ 11.538558297497074, 44.153850899227443 ], [ 11.538015019828727, 44.154304123445115 ], [ 11.537380807199105, 44.154678335545277 ], [ 11.53611198980351, 44.155417756654728 ], [ 11.535461421571531, 44.1556932893523 ], [ 11.528917622905606, 44.158242206458567 ], [ 11.528456917508851, 44.158252410348389 ], [ 11.527992728323984, 44.158208678775004 ], [ 11.526077529803292, 44.157872945787233 ], [ 11.524947072228189, 44.157663034367971 ], [ 11.525184984376848, 44.157919701992029 ], [ 11.525476348774117, 44.158300381437058 ], [ 11.528466159889678, 44.163965113059014 ], [ 11.53135554758588, 44.174118827788973 ], [ 11.536214656526603, 44.179829018611073 ], [ 11.537340601457894, 44.184777655678182 ], [ 11.536279264132412, 44.185069612356145 ], [ 11.535733544599596, 44.185180764294842 ], [ 11.535601281516971, 44.185597836880213 ], [ 11.535634877684998, 44.19038947320734 ], [ 11.536373688300573, 44.190435731370073 ], [ 11.539581775443169, 44.190621128455021 ], [ 11.54576454615615, 44.189449434692939 ], [ 11.546802638836834, 44.189201706832627 ], [ 11.547581167676888, 44.189012457965141 ], [ 11.549366607187459, 44.188225687261664 ], [ 11.553235433090048, 44.185823908572239 ], [ 11.556645114310079, 44.184505361108386 ], [ 11.560838584824392, 44.185156454492869 ], [ 11.56167682936503, 44.185493255397482 ], [ 11.562209360225655, 44.18692066757859 ], [ 11.562382694108074, 44.187661858469355 ], [ 11.562254250781631, 44.188022159095716 ], [ 11.558976014599919, 44.191599145466654 ], [ 11.557677831703829, 44.190794914217413 ], [ 11.549129107006911, 44.205027682473009 ], [ 11.549041338956025, 44.205694537092675 ], [ 11.549242009788994, 44.206284253048089 ], [ 11.550955166509519, 44.208550715496379 ], [ 11.551727182717299, 44.209037608011066 ], [ 11.553151319869157, 44.208764800773892 ], [ 11.553462809301362, 44.209435178850576 ], [ 11.554121034865831, 44.211046081103831 ], [ 11.554365221789517, 44.213970132473115 ], [ 11.554165237512967, 44.214245545086605 ], [ 11.550931323540635, 44.216783334260683 ], [ 11.551204382002997, 44.218774628976114 ], [ 11.55132024975266, 44.219210923300189 ], [ 11.551362057232302, 44.219273009332397 ], [ 11.55187156618878, 44.21983780304393 ], [ 11.555441233176664, 44.223170016727252 ], [ 11.555558467250055, 44.223203420277457 ], [ 11.56040363319971, 44.221366309229609 ], [ 11.562620917299965, 44.220353258031878 ], [ 11.563566764102799, 44.218783522735698 ], [ 11.565587127220949, 44.218715622999817 ], [ 11.56821249687837, 44.219498369285262 ], [ 11.573035041240713, 44.222185148511151 ], [ 11.57782089049879, 44.224881568954679 ], [ 11.577912679827184, 44.225550207462284 ], [ 11.577371479369363, 44.227241445402719 ], [ 11.577268492947862, 44.228216069325114 ], [ 11.578810477774645, 44.232201011070288 ], [ 11.59025989792989, 44.236663780694229 ], [ 11.594524589796089, 44.23523714698495 ], [ 11.594563393189997, 44.23521561607533 ], [ 11.598694391617968, 44.236751160539853 ], [ 11.59934959503329, 44.237091851851154 ], [ 11.600876600950487, 44.2380338850149 ], [ 11.601097975131847, 44.238226898143175 ], [ 11.60117095300766, 44.238319767295501 ], [ 11.601274049921571, 44.238456954560206 ], [ 11.601285409385383, 44.238501720889886 ], [ 11.601258862389701, 44.238538334601202 ], [ 11.601115419169934, 44.238622619041287 ], [ 11.60105568033215, 44.238645143244732 ], [ 11.602262063554033, 44.239528293095248 ], [ 11.603839143371115, 44.240644689833218 ], [ 11.608082095919123, 44.243140637227732 ], [ 11.6097969469267, 44.24368662161779 ], [ 11.610684474191194, 44.243931904409557 ], [ 11.611562651022169, 44.243965839457736 ], [ 11.615062271332308, 44.244371872494071 ], [ 11.618538928546048, 44.244841342077528 ], [ 11.621132919520804, 44.245439023639221 ], [ 11.625992316329517, 44.247127894902498 ], [ 11.627023305318776, 44.247779380907907 ], [ 11.629072168111186, 44.249910884881174 ], [ 11.632946002530293, 44.25512874363298 ], [ 11.633176808143226, 44.255528550731185 ], [ 11.634306167028752, 44.257816202192558 ], [ 11.634415865332763, 44.258308813530171 ], [ 11.632435420158258, 44.259947996331825 ], [ 11.633401446989245, 44.263625860410578 ], [ 11.639944735312195, 44.273742357079556 ], [ 11.64784589179394, 44.273919477283549 ], [ 11.64991126285946, 44.274150621846104 ], [ 11.656071561746108, 44.275438890635222 ], [ 11.664210538551727, 44.278080592171271 ], [ 11.665127278027752, 44.278401282048932 ], [ 11.665442359822791, 44.278718023763467 ], [ 11.665800536572139, 44.279970054074042 ], [ 11.665572664291235, 44.28281478191974 ], [ 11.668577417513092, 44.284577590245028 ], [ 11.668915882238851, 44.284821756553455 ], [ 11.669318112786028, 44.2851589412628 ], [ 11.66965882602725, 44.2854525744726 ], [ 11.670186977747708, 44.286079415598302 ], [ 11.670713501137659, 44.286877338313758 ], [ 11.671492402789092, 44.288092493692709 ], [ 11.671539022715137, 44.288221941393381 ], [ 11.671446586365427, 44.289016349162175 ], [ 11.67133341346779, 44.289284573028631 ], [ 11.667632318976873, 44.311369255110399 ], [ 11.667597979689988, 44.311856200910299 ], [ 11.672782392522244, 44.315475546302011 ], [ 11.675320625487423, 44.31583470678072 ], [ 11.680483857881507, 44.314394683922956 ], [ 11.682419429632777, 44.314358211212777 ], [ 11.683195096414945, 44.314285976555198 ], [ 11.683942776774801, 44.314115348062749 ], [ 11.684974369568197, 44.313811998963338 ], [ 11.695770331774989, 44.31015452529445 ], [ 11.697550916154604, 44.309338229637341 ], [ 11.697771966487409, 44.308963884765944 ], [ 11.697864638481008, 44.308592577376622 ], [ 11.698142023536889, 44.307190611533819 ], [ 11.698098628822356, 44.306962071132141 ], [ 11.697640127985455, 44.305266884496376 ], [ 11.697318452955423, 44.304608301752765 ], [ 11.695623316197041, 44.302325640670048 ], [ 11.694952264106497, 44.301598766686908 ], [ 11.692377755753366, 44.298859668727779 ], [ 11.692266186676981, 44.298749775378347 ], [ 11.691561143989244, 44.298374787584756 ], [ 11.691089865895538, 44.289914337324007 ], [ 11.691091727577064, 44.289783755637615 ], [ 11.691106196920298, 44.289517839319089 ], [ 11.696115905985748, 44.28868389211403 ], [ 11.702658594427238, 44.287939495039637 ], [ 11.708543735310142, 44.290001168004871 ], [ 11.708608394459601, 44.290044640459271 ], [ 11.709014951330964, 44.290368085765515 ], [ 11.709097345272738, 44.290456159989269 ], [ 11.711028440704958, 44.29415094265778 ], [ 11.711035915848521, 44.294245294349139 ], [ 11.710993610128858, 44.29438133637926 ], [ 11.710924800618374, 44.294486497206165 ], [ 11.710904511828653, 44.294590524568065 ], [ 11.711042927456157, 44.295010360796411 ], [ 11.712984897362023, 44.297574996191564 ], [ 11.713179832418639, 44.297826958273404 ], [ 11.713881598845301, 44.298332425875905 ], [ 11.722088361703539, 44.302957943876642 ], [ 11.724027936202969, 44.304032507077039 ], [ 11.724495315647124, 44.304210412191516 ], [ 11.724583807442459, 44.304226311802054 ], [ 11.724735136937737, 44.304245212751354 ], [ 11.727309269996633, 44.304368275485665 ], [ 11.732972000616119, 44.306073891668625 ], [ 11.736498591398703, 44.30917276339224 ], [ 11.740497571155744, 44.312136818677978 ], [ 11.742494413832036, 44.314695126848491 ], [ 11.742972980642993, 44.315781966705508 ], [ 11.742891758792826, 44.315956093449287 ], [ 11.742872079377022, 44.31600495974137 ], [ 11.742831442046594, 44.316343525916871 ], [ 11.742828795829082, 44.316404360773362 ], [ 11.742869260383133, 44.316482152572014 ], [ 11.743381842014747, 44.316919984967832 ], [ 11.749886389660329, 44.321793245123608 ], [ 11.758762283791327, 44.332281430651193 ], [ 11.758829962895566, 44.332320299904168 ], [ 11.758869858343369, 44.33233510117924 ], [ 11.765210276876193, 44.333637838644776 ], [ 11.768562776641964, 44.333180710448417 ], [ 11.769640995474635, 44.333669962593156 ], [ 11.771384184862885, 44.334462634612144 ], [ 11.774431257493099, 44.336038343011481 ], [ 11.785967023804584, 44.348059470604952 ], [ 11.788406261086964, 44.353559017084976 ], [ 11.788805623193225, 44.360485787062274 ], [ 11.793765738173073, 44.364712747075913 ], [ 11.794541007615893, 44.366566302020722 ], [ 11.799533518516201, 44.37211109145877 ], [ 11.798924618889867, 44.378459357048698 ], [ 11.799343014477595, 44.379007266529158 ], [ 11.799972101842046, 44.379432947811537 ], [ 11.800623698844836, 44.379606016670252 ], [ 11.80166701092895, 44.379701948765039 ], [ 11.80267010625507, 44.379645811798341 ], [ 11.803669332538476, 44.379409718581741 ], [ 11.804472972785918, 44.379119886466349 ], [ 11.805678003766708, 44.378397065117774 ], [ 11.806408134138236, 44.377915487983749 ], [ 11.80722414376803, 44.377589325236372 ], [ 11.807855347057099, 44.37753329093168 ], [ 11.808294730509028, 44.377797067259692 ], [ 11.808622275409745, 44.378248133396269 ], [ 11.808904447015792, 44.378898386433988 ], [ 11.809188199240408, 44.379647610184641 ], [ 11.809334249155386, 44.380305710969274 ], [ 11.809279126021565, 44.381022767630327 ], [ 11.809944071434302, 44.383223963377219 ], [ 11.81071418749063, 44.388545103305638 ], [ 11.810869133967763, 44.388896887580586 ], [ 11.81444662990708, 44.393503480746737 ], [ 11.815847493735848, 44.394792390714592 ], [ 11.816570996944781, 44.395445230553491 ], [ 11.817211427888479, 44.39596958070728 ], [ 11.819454097355427, 44.397305106865637 ], [ 11.822675727491369, 44.399215040310288 ], [ 11.822874827296314, 44.399340651541479 ], [ 11.823602557127499, 44.399817781255344 ], [ 11.823898865674201, 44.400071541006902 ], [ 11.825012802241215, 44.4010387550018 ], [ 11.826295995774284, 44.402195321427968 ], [ 11.835402005207158, 44.411615686157667 ], [ 11.835491465341102, 44.411712489705629 ], [ 11.836211444278151, 44.412608367451419 ], [ 11.836598069231233, 44.413465287760268 ], [ 11.836857380634187, 44.414045304414955 ], [ 11.840427720460978, 44.423570089480123 ], [ 11.827318952548971, 44.417748908064382 ], [ 11.807967743175077, 44.425199113918239 ], [ 11.802256160078008, 44.42739207235568 ], [ 11.801474601480987, 44.427730848290118 ], [ 11.799526324749841, 44.430240851555034 ], [ 11.799092006118512, 44.43048558179715 ], [ 11.797332098373802, 44.431141151599931 ], [ 11.793027596750269, 44.432442439542058 ], [ 11.785875812714689, 44.434729548651688 ], [ 11.781334455061538, 44.436267221437078 ], [ 11.793452355616704, 44.453044530381277 ], [ 11.79773097947005, 44.458975909565581 ], [ 11.798244459611094, 44.459692507428755 ], [ 11.798369394238893, 44.459874000399118 ], [ 11.798911666971275, 44.460765467120261 ], [ 11.798874829847687, 44.460782134910247 ], [ 11.798648669663148, 44.460884438798814 ], [ 11.798231750051317, 44.461070219849177 ], [ 11.797642245811282, 44.461327728624362 ], [ 11.791419341202399, 44.463456157280604 ], [ 11.791255232138653, 44.463343132293232 ], [ 11.791134173188659, 44.463242567990264 ], [ 11.790284613928135, 44.462957249062164 ], [ 11.789163372827916, 44.463268237961287 ], [ 11.788612827246927, 44.463421241814281 ], [ 11.788282816147849, 44.463519316031871 ], [ 11.788249331949451, 44.463533582109918 ], [ 11.780381328088637, 44.467241077267516 ], [ 11.781674503669359, 44.470743034259549 ], [ 11.781855867520132, 44.470954677771708 ], [ 11.782358149351831, 44.47153658888481 ], [ 11.78411177168875, 44.473546405976059 ], [ 11.787581043270986, 44.477454306966116 ], [ 11.789675538555221, 44.479729112931921 ], [ 11.790008951765548, 44.480082218580634 ], [ 11.790691782607434, 44.480722712191486 ], [ 11.790924586206762, 44.480924067944066 ], [ 11.792886989727974, 44.482586540954507 ], [ 11.795276350805823, 44.484562591140879 ], [ 11.796299129314418, 44.485406270047562 ], [ 11.796705822333383, 44.485693400089374 ], [ 11.778475345732243, 44.491171065415436 ], [ 11.772391092489794, 44.492988981992255 ], [ 11.768179612278979, 44.493824911716104 ], [ 11.76379988583655, 44.49469627181535 ], [ 11.761801646627605, 44.495095742488843 ], [ 11.760792516433691, 44.495300195955274 ], [ 11.759468041252054, 44.495568681650923 ], [ 11.751735391012327, 44.497143881331255 ], [ 11.751151520624459, 44.497265996698737 ], [ 11.750188089741393, 44.497473755004876 ], [ 11.749772774569019, 44.497569292467197 ], [ 11.757815150480603, 44.506373185199053 ], [ 11.763112643171128, 44.510359177069091 ], [ 11.773796124786216, 44.505670803624611 ], [ 11.77868844195989, 44.503516401471423 ], [ 11.779128100302003, 44.5081829434965 ], [ 11.780614347665191, 44.522556306153838 ], [ 11.782739477491004, 44.531031864938669 ], [ 11.784519398214705, 44.537515272743171 ], [ 11.787613389577904, 44.548736885146781 ], [ 11.789194771203439, 44.554343272530801 ], [ 11.791272101355228, 44.554861518712812 ], [ 11.793614453307276, 44.555398369276254 ], [ 11.798847007713231, 44.556341433145427 ], [ 11.800345209322352, 44.556601772770058 ], [ 11.83198990121557, 44.561617253671905 ], [ 11.835389506763438, 44.560413536053034 ], [ 11.83785705484881, 44.559503496508128 ], [ 11.840044867964492, 44.558680308007105 ], [ 11.84036297219288, 44.558500190560594 ], [ 11.843820319290602, 44.556193919140156 ], [ 11.844403117036528, 44.555798082521576 ], [ 11.84958577639793, 44.556068534235905 ], [ 11.857176145265504, 44.558431035039391 ], [ 11.858261321781278, 44.558809766202017 ], [ 11.858821983148575, 44.559017111240841 ], [ 11.860315046570742, 44.559643902887231 ], [ 11.86032227537393, 44.559791327494892 ], [ 11.860440551539648, 44.560975328108157 ], [ 11.860735910613803, 44.563489438356811 ], [ 11.861427886087334, 44.566196558162424 ], [ 11.861527076046659, 44.566464687694356 ], [ 11.861639901558366, 44.566747831551048 ], [ 11.863565043282783, 44.569949842868382 ], [ 11.864088480371146, 44.570797706302365 ], [ 11.866009992080652, 44.572957328216106 ], [ 11.866409256952036, 44.573377801436159 ], [ 11.870825069068772, 44.577436541090485 ], [ 11.874934124774347, 44.577568053175177 ], [ 11.880734137302134, 44.578457046464351 ], [ 11.883930350981643, 44.579159510958192 ], [ 11.888966255737639, 44.580382497649019 ], [ 11.893146551586678, 44.581365874135336 ], [ 11.893344568044455, 44.581405858547633 ], [ 11.897777617982102, 44.582292627534216 ], [ 11.917682615577508, 44.585157475078169 ], [ 11.948240470234426, 44.590092873046977 ], [ 11.949162767083068, 44.590247249977239 ], [ 11.95025471842065, 44.590468527728881 ], [ 11.954691732760704, 44.591405227813993 ], [ 11.955737525988436, 44.591698924529062 ], [ 11.956550248819569, 44.591986778234428 ], [ 11.956724124083987, 44.592136734287287 ], [ 11.960067354158648, 44.593093578842463 ], [ 11.960379902559845, 44.593171938738763 ], [ 11.966099733263045, 44.594409770829877 ], [ 11.997653213170732, 44.59966177149655 ], [ 11.999813640998733, 44.600019102317347 ], [ 12.000662735044081, 44.600113793493243 ], [ 12.001467000905006, 44.600200312134035 ], [ 12.001536982701953, 44.600207836491037 ], [ 12.001725182949809, 44.600207385212443 ], [ 12.002196525918281, 44.600202578528865 ], [ 12.003884749458631, 44.599858146962639 ], [ 12.005542700486531, 44.599291070398237 ], [ 12.0063717388414, 44.598579272538387 ], [ 12.006683036837879, 44.598158676019338 ], [ 12.007004227940421, 44.597499913006111 ], [ 12.007217005246318, 44.596891572124434 ], [ 12.007433156488947, 44.595918352889072 ], [ 12.007393797132128, 44.595586312121391 ], [ 12.007357413031681, 44.595492304049721 ], [ 12.007214501114404, 44.595123131600104 ], [ 12.007094328001315, 44.594912525396737 ], [ 12.005019370801271, 44.583545624243662 ], [ 12.015177351220686, 44.580835964305329 ], [ 12.015224539001563, 44.580827324636367 ], [ 12.018453711048341, 44.580163551230221 ], [ 12.02031068984161, 44.57978131614891 ], [ 12.022167179454637, 44.579390066752055 ], [ 12.023797699299704, 44.579013790451953 ], [ 12.025055942375193, 44.57850331430717 ], [ 12.026150661809146, 44.577754109846651 ], [ 12.027033352963075, 44.576803456457853 ], [ 12.030964990579182, 44.56925221342339 ], [ 12.029860549280148, 44.564557246960433 ], [ 12.02883770501904, 44.564017266859395 ], [ 12.028152514812822, 44.563432294271543 ], [ 12.028043933181531, 44.563192160079318 ], [ 12.027983449458263, 44.563042969274797 ], [ 12.028087484672222, 44.560476626677023 ], [ 12.030253882905779, 44.559770931140527 ], [ 12.033412145582364, 44.558861323176643 ], [ 12.038791495384597, 44.557604016689368 ], [ 12.040549844606264, 44.557278096803472 ], [ 12.044940776484227, 44.556008706454023 ], [ 12.04735849514303, 44.554809856066726 ], [ 12.048646469686446, 44.553677169822159 ], [ 12.050733750563213, 44.55218100581569 ], [ 12.051995914321589, 44.55153509610026 ], [ 12.05260979352753, 44.551221601325103 ], [ 12.057729139475255, 44.549212029888245 ], [ 12.059542758628412, 44.548506252628037 ], [ 12.06152129607927, 44.548066083723839 ], [ 12.063460113027682, 44.548068048653477 ], [ 12.063833704085694, 44.548080527675104 ], [ 12.064168897894175, 44.548093780922471 ], [ 12.066052016263871, 44.549426233567672 ], [ 12.066744067569347, 44.549979343713069 ], [ 12.067223428821901, 44.550566043061416 ], [ 12.067411839271161, 44.550811975752936 ], [ 12.067632921782961, 44.551308012794301 ], [ 12.067840396113258, 44.551915956146594 ], [ 12.067904980550693, 44.552402259856542 ], [ 12.067937626497852, 44.552652380401909 ], [ 12.067508247785362, 44.55538623061198 ], [ 12.067086340598886, 44.557180043344857 ], [ 12.067703102271579, 44.558612836843729 ], [ 12.069199114703041, 44.560003984068963 ], [ 12.071142036969755, 44.560554865347491 ], [ 12.073890172725982, 44.561093019529437 ], [ 12.074694539742964, 44.561183868682427 ], [ 12.07505550179415, 44.561223661031477 ], [ 12.075991189481936, 44.561297465494384 ], [ 12.079324228505797, 44.561225576416462 ], [ 12.092724179116585, 44.559115459253576 ], [ 12.093157468694075, 44.558972369976743 ], [ 12.093578500965616, 44.558829612274145 ], [ 12.094129901710412, 44.558604517081491 ], [ 12.094511038927475, 44.558401554748883 ], [ 12.094986726134504, 44.558134740837318 ], [ 12.095275746409994, 44.557811686002168 ], [ 12.095643392152116, 44.557355155732843 ], [ 12.095928329024591, 44.556493727114919 ], [ 12.096002180844723, 44.555808768734828 ], [ 12.100723665647859, 44.552020592879721 ], [ 12.112896691538372, 44.547594266870533 ], [ 12.114135990542815, 44.547227368469123 ], [ 12.116811940906182, 44.546760849900245 ], [ 12.117017183315724, 44.546725587520342 ], [ 12.12599100883039, 44.545750892782699 ], [ 12.127502419456592, 44.545709474204031 ], [ 12.128542708051331, 44.545680955181226 ], [ 12.130633375822365, 44.545709541664522 ], [ 12.130722114301726, 44.545711201172232 ], [ 12.152281287342111, 44.548236673535605 ], [ 12.153781137252341, 44.548452030161066 ], [ 12.157109353076168, 44.551339512521643 ], [ 12.164085535966956, 44.557394132525751 ], [ 12.176524887489064, 44.568481449403201 ], [ 12.199497744743621, 44.588490826190622 ], [ 12.23045825544548, 44.614985307839106 ], [ 12.237084043897744, 44.620585955738534 ], [ 12.242838991498092, 44.621394762255981 ], [ 12.244705169633882, 44.621638496211816 ], [ 12.245784746270482, 44.621779112748939 ], [ 12.246318118520692, 44.621749986350892 ], [ 12.247054035064346, 44.621708951679267 ], [ 12.252574347945885, 44.622272395155932 ], [ 12.260868392726318, 44.623725574399153 ], [ 12.265053980377932, 44.626432565439501 ], [ 12.265932033840343, 44.627028591853779 ], [ 12.267164045949023, 44.627866532156304 ], [ 12.26873132678147, 44.629220939704162 ], [ 12.271126585054885, 44.626732362246607 ], [ 12.271207899508275, 44.62664412256769 ], [ 12.271260007202383, 44.626580237036727 ], [ 12.271545539346723, 44.626178671774525 ], [ 12.272089801479444, 44.625355840999411 ], [ 12.272922402980925, 44.624063509572544 ], [ 12.273219110333887, 44.62348719322987 ], [ 12.275196308066484, 44.619591249983998 ], [ 12.275309364782435, 44.619266839302881 ], [ 12.275887852983647, 44.617420663855242 ], [ 12.276782104599343, 44.614149646596111 ], [ 12.281782336336892, 44.593728770804582 ], [ 12.282459744800628, 44.586891752882678 ], [ 12.282621093215697, 44.585111178065326 ], [ 12.28272970757539, 44.583212581306661 ], [ 12.282794256940056, 44.578749359197268 ], [ 12.282788444477417, 44.578516499372142 ], [ 12.282347904174145, 44.562919865958179 ], [ 12.28068090031632, 44.545268991352884 ], [ 12.280595041886917, 44.544801242380657 ], [ 12.280587268270676, 44.544753747787595 ], [ 12.280479692052015, 44.54409241169742 ], [ 12.280338115379863, 44.542741011602416 ], [ 12.280294006628777, 44.542237924741279 ], [ 12.279866265143511, 44.53311775088747 ], [ 12.279616621755576, 44.52382271436948 ], [ 12.279583751487099, 44.522237996761831 ], [ 12.27958595987049, 44.521616960464804 ], [ 12.279693197182135, 44.519485769232595 ], [ 12.280069983167564, 44.515321674913999 ], [ 12.280474169419659, 44.512630497080004 ], [ 12.280674837209041, 44.511642448956856 ], [ 12.281006100321346, 44.51015451605889 ], [ 12.281536428799622, 44.507902049104267 ], [ 12.281974302709912, 44.506354194137757 ], [ 12.282125324335501, 44.505824616726727 ], [ 12.282168530710026, 44.505688116604539 ], [ 12.28313778905019, 44.503111132523983 ], [ 12.284836024959969, 44.499466044878346 ], [ 12.285633557216736, 44.497880238083091 ], [ 12.289633222677027, 44.491316782345251 ], [ 12.29173385485497, 44.488325943073846 ], [ 12.285887069597941, 44.485936393636798 ], [ 12.287424195343865, 44.471692796782115 ], [ 12.287464612775548, 44.471433831885641 ], [ 12.287493385537617, 44.471289860745536 ], [ 12.287861557754033, 44.469547595288795 ], [ 12.288143921934276, 44.468223038908832 ], [ 12.28897515612511, 44.46432694313792 ], [ 12.289154106343993, 44.463538068611129 ], [ 12.289264770940742, 44.463057010140545 ], [ 12.291735538503731, 44.455427898895536 ], [ 12.292122054049671, 44.454274541947953 ], [ 12.292743232998305, 44.452765318043433 ], [ 12.294035072698527, 44.449695457006015 ], [ 12.305880791457884, 44.422068259677026 ], [ 12.305922006219896, 44.422005169511145 ], [ 12.305952287527601, 44.421971567017465 ], [ 12.307829124344551, 44.420152512024607 ], [ 12.30786907758565, 44.420116847007364 ], [ 12.307909030829276, 44.420081182876217 ], [ 12.308281284688926, 44.419831431050049 ], [ 12.308606999082629, 44.419621761876577 ], [ 12.308659446499693, 44.419598984184852 ], [ 12.308881511571871, 44.419444240206786 ], [ 12.309223337530119, 44.41916173608697 ], [ 12.309363267505667, 44.419034625488329 ], [ 12.309549837679548, 44.418865142710942 ], [ 12.30959318675659, 44.418824983547843 ], [ 12.309650657847799, 44.418755413072766 ], [ 12.309876653775797, 44.418450962598889 ], [ 12.309928482911449, 44.418365243071314 ], [ 12.315553126202349, 44.405548236585432 ], [ 12.315675734987634, 44.405262094586568 ], [ 12.315687545527499, 44.405233972221325 ], [ 12.315838200654849, 44.404854922583844 ], [ 12.316053504180697, 44.404302254110597 ], [ 12.316130821944675, 44.404091632271658 ], [ 12.316539219597626, 44.402909237426179 ], [ 12.316547374329323, 44.402870534312541 ], [ 12.319941773132397, 44.38610306496588 ], [ 12.323869657323085, 44.366672654994254 ], [ 12.323911957771315, 44.366280525227573 ], [ 12.324003388976113, 44.365698534674152 ], [ 12.326181400915114, 44.358016391569649 ], [ 12.327767174733504, 44.352684446719927 ], [ 12.329881533009059, 44.346225916543304 ], [ 12.330503867840362, 44.344579325819801 ], [ 12.332676708158527, 44.339030433820966 ], [ 12.333504512347867, 44.337003688894043 ], [ 12.335179604724985, 44.333270756891572 ], [ 12.335899117310765, 44.332384155740613 ], [ 12.335978750943223, 44.332289865768658 ], [ 12.336011144701828, 44.332252561590906 ], [ 12.336137203069097, 44.332119290411335 ], [ 12.336192806779925, 44.332062498381489 ], [ 12.336537841747589, 44.33177809505559 ], [ 12.338626345515628, 44.328652807675638 ], [ 12.341426732845703, 44.321973832987148 ], [ 12.344834740532503, 44.311822537496852 ], [ 12.347433986111461, 44.302968828228785 ], [ 12.34772996347151, 44.301229830227385 ], [ 12.347914204433057, 44.299612770001431 ], [ 12.348170610864608, 44.298008910496456 ], [ 12.348482997295356, 44.29649479861606 ], [ 12.348945477470945, 44.29478741197169 ], [ 12.350747861258252, 44.288617222219749 ], [ 12.351403280969008, 44.28642889697543 ], [ 12.351520005168048, 44.286096456404337 ], [ 12.354264843975407, 44.278353969380518 ], [ 12.354468506435179, 44.277779928246048 ], [ 12.355561476406324, 44.274795975308948 ], [ 12.357195612631276, 44.270553782043002 ], [ 12.357511421211116, 44.269875545070292 ], [ 12.362323210042224, 44.259862646878332 ], [ 12.362851886279108, 44.258803419932995 ], [ 12.364941476074726, 44.254726821521395 ], [ 12.367873339289178, 44.249409767902016 ], [ 12.376009980949659, 44.236461291264405 ], [ 12.377108790081094, 44.234783494041814 ], [ 12.37979927662988, 44.230799324111636 ], [ 12.383523730403535, 44.22449406603895 ], [ 12.385662319819071, 44.222152150448018 ], [ 12.390515812975737, 44.215514262226378 ], [ 12.392335235727002, 44.213069437333765 ], [ 12.393358465512131, 44.211995527904719 ], [ 12.397403006077276, 44.208496954948323 ], [ 12.398409491886241, 44.207678744654913 ], [ 12.398799190411022, 44.207432668661895 ], [ 12.399283632869508, 44.20715382669573 ], [ 12.399738833464863, 44.206943223150759 ], [ 12.400216014713717, 44.206786316765189 ], [ 12.400758038972494, 44.206617833010071 ], [ 12.400912501672344, 44.206583194430038 ], [ 12.401094938423313, 44.206556296028815 ], [ 12.403922674275494, 44.206903704829273 ], [ 12.407601031178407, 44.202728050215399 ], [ 12.413249717570272, 44.195934488947934 ], [ 12.414821869325124, 44.193979633902671 ], [ 12.414869282146645, 44.193894159099436 ], [ 12.41554787964257, 44.192831613913235 ], [ 12.417652983232257, 44.190088344287503 ], [ 12.424285290049713, 44.183731510087341 ], [ 12.425149324682447, 44.182931681335162 ], [ 12.428357518018819, 44.180000331318389 ], [ 12.429749191552583, 44.178845050081364 ], [ 12.436964773731029, 44.174088457950802 ], [ 12.44271849032533, 44.169753989788113 ], [ 12.442952078791933, 44.168564212835975 ], [ 12.44312171990828, 44.168382426651448 ], [ 12.445148026262054, 44.166961847733049 ], [ 12.450069450400866, 44.162798270129514 ], [ 12.450616465542096, 44.162223902095782 ], [ 12.458681352290105, 44.155807196070867 ] ], [ [ 12.175856187283111, 43.810289716609397 ], [ 12.174986641569227, 43.809863743552803 ], [ 12.171145751582355, 43.807940280599048 ], [ 12.170914935391417, 43.80774862214745 ], [ 12.170699885015763, 43.807502506031689 ], [ 12.170534120748666, 43.807266779962646 ], [ 12.170460109074526, 43.807159338883146 ], [ 12.170300176439147, 43.806922633927726 ], [ 12.17023328536747, 43.806807515091137 ], [ 12.170052414852783, 43.806426602155462 ], [ 12.169935281502505, 43.805975194965605 ], [ 12.169796222220807, 43.805344333593865 ], [ 12.169755048823189, 43.804625223778707 ], [ 12.172751539598059, 43.795660372439926 ], [ 12.178340206895404, 43.787433589528874 ], [ 12.183273698347167, 43.782515458389668 ], [ 12.184189000301606, 43.78149958540908 ], [ 12.184524459980173, 43.780796984609403 ], [ 12.18457597759895, 43.780363394386647 ], [ 12.184574987938298, 43.779643168226372 ], [ 12.184589251746917, 43.778508369652918 ], [ 12.184660239225579, 43.776044018648655 ], [ 12.184691471884015, 43.775579483437411 ], [ 12.184772278966411, 43.775443703993012 ], [ 12.18493040280651, 43.775194684706463 ], [ 12.18522098740212, 43.774817447730612 ], [ 12.185565251791536, 43.774515240012093 ], [ 12.186139625861241, 43.774130082498047 ], [ 12.186763871022212, 43.773923593488654 ], [ 12.197778356461496, 43.770631076416407 ], [ 12.198509294410897, 43.770475554450478 ], [ 12.199347763225866, 43.77037553497302 ], [ 12.200614444487337, 43.774594098988786 ], [ 12.21438451374288, 43.783493666143748 ], [ 12.228571168316586, 43.785823107241931 ], [ 12.23726152697321, 43.787003998912311 ], [ 12.23862489155959, 43.791882826286745 ], [ 12.238277864492726, 43.799547730491099 ], [ 12.238003781814481, 43.800398422494716 ], [ 12.235935319014924, 43.803209779698832 ], [ 12.233458747488283, 43.806524453559447 ], [ 12.23320096903991, 43.806757957753092 ], [ 12.229992024941019, 43.808601024861822 ], [ 12.229788104841292, 43.808681070331481 ], [ 12.226846526290332, 43.809491253281607 ], [ 12.225063385035956, 43.809882632629012 ], [ 12.224520056087808, 43.809893477905554 ], [ 12.224258762985663, 43.809859256369506 ], [ 12.220522634436394, 43.804713592906928 ], [ 12.21869244241908, 43.803244800086681 ], [ 12.218301274110347, 43.802963225597459 ], [ 12.218027798425908, 43.802789746346775 ], [ 12.217770553263268, 43.802774524844438 ], [ 12.217540004719249, 43.802762979978482 ], [ 12.217275221097488, 43.802751310898891 ], [ 12.214846216454394, 43.803121339686967 ], [ 12.21403775031774, 43.803344422605996 ], [ 12.211052840421086, 43.804446895209921 ], [ 12.210739201790295, 43.804596390256982 ], [ 12.210217644339146, 43.80498356183584 ], [ 12.209633766445519, 43.805222805513246 ], [ 12.198614551819546, 43.806209319706078 ], [ 12.19359654370116, 43.805702921998922 ], [ 12.191489191522718, 43.805348832137888 ], [ 12.185345175514854, 43.806462370193508 ], [ 12.179591742694411, 43.809814363337082 ], [ 12.176541373611943, 43.810540748968457 ], [ 12.175856187283111, 43.810289716609397 ] ] ] } },
{ "type": "Feature", "properties": { "area": "Modena" }, "geometry": { "type": "MultiPolygon", "coordinates": [ [ [ [ 10.480693088533689, 44.189470201481519 ], [ 10.480414946239813, 44.189496317472582 ], [ 10.480319161114519, 44.189668613732728 ], [ 10.480322090310461, 44.189785619026189 ], [ 10.480425987495947, 44.189937325428545 ], [ 10.480644495386001, 44.190168569598505 ], [ 10.481289644182423, 44.190448303256098 ], [ 10.481555469007262, 44.190507875438279 ], [ 10.481801603582374, 44.190405649926284 ], [ 10.481860983293547, 44.190278836775668 ], [ 10.481827853623903, 44.189955157919044 ], [ 10.481686652413098, 44.18981293625324 ], [ 10.481395341463706, 44.189672670452751 ], [ 10.481079925209825, 44.189568728068728 ], [ 10.480802711676489, 44.189491290778776 ], [ 10.480693088533689, 44.189470201481519 ] ] ], [ [ [ 10.817453985504203, 44.746329169331339 ], [ 10.817624821075132, 44.746996966611988 ], [ 10.817664674227093, 44.748343281168744 ], [ 10.817668485410429, 44.748717370502121 ], [ 10.81761237290738, 44.749092989079713 ], [ 10.817249477301548, 44.749983792414405 ], [ 10.816787307321029, 44.751083790155448 ], [ 10.816522420611596, 44.7515758166886 ], [ 10.816114066331544, 44.752251282984197 ], [ 10.815901009911425, 44.752986671947511 ], [ 10.81556456507179, 44.754219695819224 ], [ 10.815457517649561, 44.754633249254979 ], [ 10.815454814672862, 44.754799831532203 ], [ 10.81550637628988, 44.755058944954691 ], [ 10.816048342904516, 44.756932914815337 ], [ 10.81619403591942, 44.757424603813064 ], [ 10.817400245983167, 44.759578294745928 ], [ 10.818058637404199, 44.760200793729368 ], [ 10.822056589507262, 44.762000510040764 ], [ 10.823535910340333, 44.762508010362879 ], [ 10.823693756861889, 44.76255445236702 ], [ 10.823872548340985, 44.762539779904955 ], [ 10.824507694450118, 44.762771554612847 ], [ 10.824960387798546, 44.763002887246536 ], [ 10.825392760212056, 44.76339151173989 ], [ 10.825911044958101, 44.763874389767118 ], [ 10.827518272567771, 44.765830281770498 ], [ 10.832944509475681, 44.774059631423434 ], [ 10.833218820816134, 44.774516010409741 ], [ 10.837980750657859, 44.782495261842087 ], [ 10.838164743885162, 44.782816378049176 ], [ 10.842042336521544, 44.795538619160517 ], [ 10.841049415084347, 44.796020506809541 ], [ 10.839256258662244, 44.7968843521856 ], [ 10.826989690719568, 44.801629644988367 ], [ 10.825678416896006, 44.802123236950422 ], [ 10.824086369687629, 44.802635354367496 ], [ 10.814991920719866, 44.807226116182932 ], [ 10.816055038111365, 44.809072146833572 ], [ 10.822954359947991, 44.820684118634219 ], [ 10.837370939468489, 44.844310240139556 ], [ 10.845912918338907, 44.857926481373141 ], [ 10.846369073478169, 44.858907631621811 ], [ 10.846786750801582, 44.860055889318247 ], [ 10.850068386464569, 44.866518898421894 ], [ 10.853480177680183, 44.86569810616826 ], [ 10.854150762749516, 44.865540924884066 ], [ 10.855949518728451, 44.865260780689177 ], [ 10.856443174623033, 44.865186347686716 ], [ 10.860189590567799, 44.865052225679882 ], [ 10.861101759081061, 44.865076190895941 ], [ 10.86365284034915, 44.865213496760305 ], [ 10.865172414953335, 44.865305693083343 ], [ 10.871303466433686, 44.86571397748579 ], [ 10.872257613397419, 44.865787786981372 ], [ 10.872700674330055, 44.865826003290529 ], [ 10.872739978368065, 44.865829395109458 ], [ 10.872911366088941, 44.865844577895487 ], [ 10.874005306366616, 44.86603368200295 ], [ 10.87687135925202, 44.866585793168753 ], [ 10.878134449027611, 44.867522061243569 ], [ 10.878310393559808, 44.867748162243657 ], [ 10.879401313834215, 44.869711969045952 ], [ 10.879176831367944, 44.889659347982317 ], [ 10.87855623989592, 44.889791718624032 ], [ 10.876887754940119, 44.890149021298441 ], [ 10.877145603569602, 44.901885181779839 ], [ 10.878522639736172, 44.902664518783993 ], [ 10.87897151429817, 44.902930336259445 ], [ 10.879225690865917, 44.903120026345341 ], [ 10.879585068473798, 44.903493082392572 ], [ 10.880319391905482, 44.904335851642315 ], [ 10.882951149103222, 44.907617400204877 ], [ 10.887437707085969, 44.913405757251134 ], [ 10.887839128887519, 44.914142293471869 ], [ 10.88788568041184, 44.914271238595227 ], [ 10.888431520510037, 44.913728839119123 ], [ 10.888473224380711, 44.913696643027585 ], [ 10.888851719779124, 44.913406816217048 ], [ 10.889162622576773, 44.913181121861946 ], [ 10.890308500835646, 44.912437505245272 ], [ 10.913918289019559, 44.923134546886146 ], [ 10.916963127576357, 44.924134283233414 ], [ 10.919078763052289, 44.923808584861177 ], [ 10.931537614075971, 44.922725282176657 ], [ 10.937371846321545, 44.922234822608253 ], [ 10.9413734562945, 44.921913848977113 ], [ 10.947743420178064, 44.926190236151101 ], [ 10.951372979700691, 44.927873598960446 ], [ 10.950594928896257, 44.933328849814288 ], [ 10.952669687660139, 44.933276142275858 ], [ 10.9543559778065, 44.933368815770621 ], [ 10.956579806981628, 44.933546765915068 ], [ 10.962846511695016, 44.93412333904503 ], [ 10.966382180854678, 44.934512588419146 ], [ 10.967156567352818, 44.934806376081511 ], [ 10.976210108756336, 44.941877154799201 ], [ 10.976293461407041, 44.941892560914035 ], [ 10.977348832536455, 44.94233881439029 ], [ 10.981152363154642, 44.94464994764764 ], [ 10.982123519520126, 44.945245219418389 ], [ 10.983718336362967, 44.946648828077919 ], [ 10.984495838717308, 44.947508495840104 ], [ 10.985796582637894, 44.948836163232087 ], [ 10.986541061115229, 44.949471362153318 ], [ 10.98881229799702, 44.951367220238552 ], [ 10.98989893043105, 44.951996416821267 ], [ 10.990686079557157, 44.952396783048208 ], [ 10.993287098407778, 44.953557660964897 ], [ 10.994007523592996, 44.953860149162004 ], [ 10.996755531603709, 44.954892350638175 ], [ 10.997472247978287, 44.95508684807124 ], [ 10.998076228088463, 44.954856784998299 ], [ 10.998282420520646, 44.954473256260847 ], [ 11.008817747341915, 44.954734727921277 ], [ 11.02264962162084, 44.952672120231405 ], [ 11.030297124998233, 44.951366105295826 ], [ 11.032067061489984, 44.951946742105967 ], [ 11.044946755681996, 44.952004807637522 ], [ 11.046032001817007, 44.95188634290254 ], [ 11.056460768937541, 44.950384670437835 ], [ 11.057312131065562, 44.950108277392395 ], [ 11.059537564708661, 44.94888766995345 ], [ 11.059570643380422, 44.949248237484319 ], [ 11.060357879279158, 44.95017605566926 ], [ 11.061764400819559, 44.951585122610773 ], [ 11.073025379974482, 44.962610660532185 ], [ 11.073474687858766, 44.962950422072552 ], [ 11.074322727829998, 44.962645977591855 ], [ 11.079794258878053, 44.960323531491532 ], [ 11.0886521591473, 44.959290584450891 ], [ 11.089290697487792, 44.958863810425214 ], [ 11.09237029643432, 44.95840546370372 ], [ 11.094452549739, 44.958160224274806 ], [ 11.09813021207229, 44.957858645166468 ], [ 11.100607098498942, 44.957984123376463 ], [ 11.103726046856261, 44.958331777596001 ], [ 11.103906806107522, 44.958290212196047 ], [ 11.104279242727042, 44.958204551365469 ], [ 11.118021523810757, 44.954466676907167 ], [ 11.120383713137207, 44.953567635929979 ], [ 11.122288212263323, 44.952614042988692 ], [ 11.124333257199883, 44.951369759904104 ], [ 11.127067630777427, 44.948906314902764 ], [ 11.127666553049895, 44.948220390375326 ], [ 11.127832674586402, 44.94739735040563 ], [ 11.12783975854186, 44.947371572588473 ], [ 11.12823548988235, 44.946228979462795 ], [ 11.129463274397359, 44.945152853798071 ], [ 11.142860292370367, 44.937394551149524 ], [ 11.148671422513443, 44.934233644327733 ], [ 11.151286667535398, 44.933338214463149 ], [ 11.152435626018161, 44.933244544084374 ], [ 11.153532832298982, 44.933439882967335 ], [ 11.157298143953831, 44.93650146238798 ], [ 11.158544200866174, 44.938090207294543 ], [ 11.169674451658988, 44.938067292695223 ], [ 11.169933981480627, 44.937891312460067 ], [ 11.170711086925829, 44.937660484119554 ], [ 11.171584619285285, 44.937634873893252 ], [ 11.179373342764226, 44.937837509824909 ], [ 11.2020790984082, 44.939486787092576 ], [ 11.203087226996651, 44.940195395687688 ], [ 11.203659979272778, 44.940589434578222 ], [ 11.205415901204047, 44.94142870414656 ], [ 11.206558297276189, 44.941802704822969 ], [ 11.208315199069775, 44.942335855386212 ], [ 11.213124394887366, 44.943484984173764 ], [ 11.217446195772393, 44.944130269945227 ], [ 11.225805125644573, 44.944629208609427 ], [ 11.22781228521505, 44.944743088579635 ], [ 11.229804679548232, 44.944803206992049 ], [ 11.231796376983587, 44.944845306534148 ], [ 11.233372293151483, 44.944625440972423 ], [ 11.235411421733867, 44.944603519195802 ], [ 11.238014490047812, 44.945047627379914 ], [ 11.241432752864235, 44.94591675030474 ], [ 11.241914703276411, 44.946249364821774 ], [ 11.24250431532314, 44.946741896266388 ], [ 11.243045130832817, 44.947294722817439 ], [ 11.246205680020312, 44.951438576311944 ], [ 11.248449965016871, 44.948704376343123 ], [ 11.249863062445124, 44.946912139416781 ], [ 11.260433758974621, 44.933101379257884 ], [ 11.256512059411859, 44.92620246653118 ], [ 11.254862807194064, 44.924533693579981 ], [ 11.249213953200123, 44.92070229011869 ], [ 11.246871801975166, 44.919146069999165 ], [ 11.243464830263315, 44.916899584954763 ], [ 11.243283642151795, 44.916781614898689 ], [ 11.236627772288264, 44.909485606866092 ], [ 11.23474353423248, 44.905975731046581 ], [ 11.245382604649073, 44.898250525535538 ], [ 11.248436226209822, 44.899855543129441 ], [ 11.249644052448369, 44.900317866043324 ], [ 11.250297927724883, 44.900521011336259 ], [ 11.253452468198656, 44.899891666845171 ], [ 11.264419267595223, 44.897631179147979 ], [ 11.269686149728205, 44.896521235033418 ], [ 11.282104878927438, 44.892075797376584 ], [ 11.283825038352816, 44.891402251390275 ], [ 11.284466303765678, 44.890966328457445 ], [ 11.285266505356249, 44.890068108420685 ], [ 11.286149938602616, 44.889033206303758 ], [ 11.287085121239055, 44.888366314450288 ], [ 11.293468411345357, 44.885546635618198 ], [ 11.294201915267886, 44.885522899469343 ], [ 11.306482494063481, 44.883312975581688 ], [ 11.311713241595998, 44.881469757070512 ], [ 11.326057334298051, 44.875505163476134 ], [ 11.341128644899014, 44.872594274017025 ], [ 11.347918972626321, 44.86899661974487 ], [ 11.356345788229188, 44.861513307487272 ], [ 11.368592057376947, 44.842679623649524 ], [ 11.368501962196826, 44.840791062199628 ], [ 11.368296852609548, 44.840417227049734 ], [ 11.367032355572018, 44.838273958355849 ], [ 11.366411696506121, 44.837306000617446 ], [ 11.362976764649757, 44.837718844326375 ], [ 11.363285048382584, 44.838257085249381 ], [ 11.362418914683536, 44.838464061715037 ], [ 11.362342027944592, 44.838479167035821 ], [ 11.352527338276376, 44.836116292488718 ], [ 11.352271881128337, 44.835901005043773 ], [ 11.352147386312362, 44.835795534196095 ], [ 11.352059291572399, 44.835612804002913 ], [ 11.351863346067624, 44.835189248294164 ], [ 11.351793161144602, 44.834312247151892 ], [ 11.351750387660156, 44.833777723703584 ], [ 11.351733939947183, 44.833572072094647 ], [ 11.35147302206892, 44.832541238601408 ], [ 11.351118589348529, 44.83220057476872 ], [ 11.351046305669792, 44.83213187668423 ], [ 11.350446860046212, 44.831662612286038 ], [ 11.350234695540735, 44.831517387990971 ], [ 11.349936108568867, 44.831313049406191 ], [ 11.349352187560639, 44.830991982286044 ], [ 11.348875131822641, 44.830731747869855 ], [ 11.348431304449891, 44.830511331123326 ], [ 11.347967867311567, 44.830313807876458 ], [ 11.347490727045516, 44.830139221153381 ], [ 11.346297871566733, 44.829979072284281 ], [ 11.344871022599138, 44.830044401196858 ], [ 11.343369865165098, 44.830158498190471 ], [ 11.341585511707128, 44.830444919632889 ], [ 11.340080362006082, 44.83076385302374 ], [ 11.338581019596482, 44.8312266908043 ], [ 11.33757178567094, 44.831589431576624 ], [ 11.33634351950106, 44.831801457207213 ], [ 11.335737577832111, 44.831906050189509 ], [ 11.32339548132167, 44.832554489912035 ], [ 11.311609347632455, 44.827494404600309 ], [ 11.309157011059796, 44.824771911519868 ], [ 11.308068504374541, 44.821991411168504 ], [ 11.304156454346893, 44.814588784242652 ], [ 11.301567377461968, 44.810421302434378 ], [ 11.295167164423242, 44.804120401605502 ], [ 11.293347287414607, 44.802807643434328 ], [ 11.263566232425232, 44.804215833729643 ], [ 11.258202182166164, 44.804430097977338 ], [ 11.253531496705023, 44.804612429853414 ], [ 11.236204923081385, 44.80475514218611 ], [ 11.235657864762642, 44.804648823274519 ], [ 11.224349923671804, 44.801556951010767 ], [ 11.222794176658658, 44.80218140583554 ], [ 11.216492806880261, 44.804662496734714 ], [ 11.215824848801612, 44.804720469432226 ], [ 11.214432623106225, 44.804666475632445 ], [ 11.209037654407878, 44.804428924219579 ], [ 11.207845044931473, 44.804303456952297 ], [ 11.194735293397011, 44.8001497469604 ], [ 11.190207229502615, 44.798625326418225 ], [ 11.187112705607918, 44.797370350590342 ], [ 11.186018416291226, 44.796851182826821 ], [ 11.185092132372018, 44.796427828105372 ], [ 11.180861150715677, 44.794532767422034 ], [ 11.17819336627362, 44.79618608423349 ], [ 11.178268680678093, 44.794177167268778 ], [ 11.17814423660457, 44.793558402824374 ], [ 11.177778101665131, 44.792899227607336 ], [ 11.177369883801891, 44.792465906157318 ], [ 11.176790221930867, 44.792179895064429 ], [ 11.175969530202442, 44.791871468293678 ], [ 11.175088737883234, 44.791645190700763 ], [ 11.174144435643393, 44.791411118227181 ], [ 11.15329346863777, 44.786513096553207 ], [ 11.152089283448486, 44.786304377119308 ], [ 11.149768405959609, 44.786219458559522 ], [ 11.146709468597875, 44.786223005754557 ], [ 11.145046490057183, 44.786353289271723 ], [ 11.14410508694691, 44.786533013183409 ], [ 11.142797016671061, 44.786710614981558 ], [ 11.142295092491578, 44.78669321350867 ], [ 11.141974245108667, 44.78668105437076 ], [ 11.135857356691576, 44.785688397413331 ], [ 11.131968547019802, 44.784437784891274 ], [ 11.129890215042243, 44.782919204642376 ], [ 11.127479994611603, 44.771396388740136 ], [ 11.127199748488172, 44.770303335424735 ], [ 11.122794252086939, 44.749982285152576 ], [ 11.121796842306226, 44.744626148001679 ], [ 11.121351178857115, 44.741659202039813 ], [ 11.119077276935675, 44.724993324148897 ], [ 11.117885453507759, 44.716072696335495 ], [ 11.116993528330745, 44.710435898796291 ], [ 11.116947018005098, 44.710300694915162 ], [ 11.116863256198068, 44.710059180271848 ], [ 11.116750857392605, 44.709746183439016 ], [ 11.116555538755625, 44.709236677451884 ], [ 11.116179821890832, 44.708280403990649 ], [ 11.115780748375647, 44.707396575194906 ], [ 11.114839019611905, 44.705802628905722 ], [ 11.110202623546407, 44.698430059197911 ], [ 11.105361688018652, 44.690516426535609 ], [ 11.103210282735237, 44.687714182064532 ], [ 11.095476350623347, 44.675515945986838 ], [ 11.091607734714952, 44.669357313314649 ], [ 11.084691271019421, 44.658140903654648 ], [ 11.083443784348102, 44.656061648095914 ], [ 11.078091087721079, 44.647029852290103 ], [ 11.079336459860118, 44.646546796260175 ], [ 11.079880824843665, 44.646341652733994 ], [ 11.081570292790339, 44.645716143846641 ], [ 11.08527214052779, 44.644505280387079 ], [ 11.098581307226244, 44.640489409631762 ], [ 11.123355457914903, 44.632532341349844 ], [ 11.127792788760047, 44.631355936179901 ], [ 11.123596253519462, 44.626217213508269 ], [ 11.121870566099066, 44.623616097894903 ], [ 11.119802027994867, 44.620292144278928 ], [ 11.118291639747364, 44.617840037051799 ], [ 11.124206919130135, 44.611659637616384 ], [ 11.124397457541056, 44.611595947573022 ], [ 11.128341564410992, 44.610286906941276 ], [ 11.132226788172458, 44.609121789410175 ], [ 11.139948669606568, 44.606646765909595 ], [ 11.142790539534657, 44.605676591852436 ], [ 11.142421243477743, 44.605047467989209 ], [ 11.141826791590587, 44.604131375716186 ], [ 11.140126130113781, 44.601228505401401 ], [ 11.143647432250983, 44.596076080613159 ], [ 11.148127975527276, 44.592440408575591 ], [ 11.15227635375583, 44.589149839752743 ], [ 11.152454875692912, 44.586619857841413 ], [ 11.151425846831351, 44.584807268259446 ], [ 11.151209684866165, 44.584496254874956 ], [ 11.150845755367131, 44.58410701275357 ], [ 11.150635877309128, 44.583966919863094 ], [ 11.150001287870104, 44.58364579102502 ], [ 11.149444724064423, 44.583647274539778 ], [ 11.143630114407548, 44.583743093748801 ], [ 11.140887549532554, 44.582381183195466 ], [ 11.134457593826525, 44.577406220313485 ], [ 11.132657076383889, 44.575873447721939 ], [ 11.12922486468759, 44.572422061968176 ], [ 11.129156734859041, 44.572324307815926 ], [ 11.129116373066081, 44.572253044155573 ], [ 11.127477552593993, 44.569255999290149 ], [ 11.127584102845095, 44.568913064340769 ], [ 11.128672886084839, 44.568487544260613 ], [ 11.129180351962132, 44.568291347185891 ], [ 11.129529931935796, 44.56816496735388 ], [ 11.131606577108458, 44.567427504054123 ], [ 11.13076818734643, 44.566919784540964 ], [ 11.128402739319109, 44.565293961395518 ], [ 11.127985253667838, 44.564982156767989 ], [ 11.127560004335933, 44.564629989374133 ], [ 11.115723760892868, 44.553452861516888 ], [ 11.109201326991798, 44.546988245216291 ], [ 11.107712011245924, 44.545138730396488 ], [ 11.104505055163697, 44.539418313332447 ], [ 11.105191278380993, 44.539238308452433 ], [ 11.105842966782026, 44.539083050701635 ], [ 11.110511701780034, 44.538182120028146 ], [ 11.111783313165903, 44.53810458336109 ], [ 11.112204126459746, 44.53800227073328 ], [ 11.113586872775954, 44.53637873622948 ], [ 11.113652248251269, 44.534993491186128 ], [ 11.111669525193111, 44.529518320792135 ], [ 11.111367640801664, 44.528695672061318 ], [ 11.111140639521587, 44.528290253361675 ], [ 11.108151681237469, 44.524670213666482 ], [ 11.102444810470287, 44.525281850067636 ], [ 11.101050261418591, 44.525739635081429 ], [ 11.10004155755572, 44.526122806651372 ], [ 11.09922972693581, 44.526556350406644 ], [ 11.098350571075041, 44.527130661119948 ], [ 11.097663459915433, 44.527665446983995 ], [ 11.097261319605474, 44.527987925043838 ], [ 11.094128554412741, 44.529503827425792 ], [ 11.089814089254803, 44.531104316884409 ], [ 11.089500057815314, 44.531209092163493 ], [ 11.089203555798797, 44.531232512824566 ], [ 11.088960364640197, 44.531250477583185 ], [ 11.077484585056519, 44.53131133720904 ], [ 11.076803117055794, 44.530465986007172 ], [ 11.075102592250044, 44.528338825178281 ], [ 11.074422497707101, 44.525798970528982 ], [ 11.073322025219174, 44.523068695526632 ], [ 11.072955133483765, 44.522215616377892 ], [ 11.06863708072742, 44.523050158229893 ], [ 11.068042977177987, 44.523171102277693 ], [ 11.063433233946816, 44.528959955610375 ], [ 11.059754417390355, 44.532073489335204 ], [ 11.056142631301487, 44.534069237921869 ], [ 11.054986488600068, 44.526282563102619 ], [ 11.057973465643334, 44.525268440787201 ], [ 11.059101396432055, 44.522365960778473 ], [ 11.059085402990355, 44.522228057859429 ], [ 11.058510299093989, 44.521244337979262 ], [ 11.057483178795813, 44.519546664975024 ], [ 11.055964177351376, 44.517004316086869 ], [ 11.055804548956624, 44.516737122946772 ], [ 11.055785053926996, 44.516674456788628 ], [ 11.056148385017165, 44.513098423408152 ], [ 11.058078874445807, 44.512451470057137 ], [ 11.061751674665683, 44.510773754896334 ], [ 11.064774136872753, 44.503512590730764 ], [ 11.06482263685502, 44.50339548186173 ], [ 11.064983314625067, 44.502757104437045 ], [ 11.065363510702044, 44.500076464731769 ], [ 11.062662324600735, 44.494417692231345 ], [ 11.060635340814011, 44.491861563094119 ], [ 11.059357706137337, 44.491116595324883 ], [ 11.057244824046823, 44.489776727422971 ], [ 11.056620517271774, 44.489368233398601 ], [ 11.056362701788789, 44.489166931537063 ], [ 11.055136412577811, 44.488180164743184 ], [ 11.050726527763622, 44.480388418275126 ], [ 11.050700328595239, 44.480335992971781 ], [ 11.050668868041129, 44.480267915652753 ], [ 11.050563299869665, 44.479856817594865 ], [ 11.050551614468819, 44.479792331817535 ], [ 11.050535385029962, 44.4796885240062 ], [ 11.050538456635257, 44.479461710394396 ], [ 11.050597109518725, 44.479251910072804 ], [ 11.050674958043588, 44.479051334735608 ], [ 11.051204957064627, 44.478208523259937 ], [ 11.050560761403812, 44.470700691832164 ], [ 11.047533242535117, 44.466928368923284 ], [ 11.044844510267918, 44.465758957533566 ], [ 11.044593854858329, 44.46573643772836 ], [ 11.039181611789994, 44.464284777399044 ], [ 11.037909472247259, 44.463942893834144 ], [ 11.03702538653013, 44.46368860195912 ], [ 11.028028492085722, 44.46076086992305 ], [ 11.026919999997352, 44.460195392990265 ], [ 11.026867095856304, 44.460164821961705 ], [ 11.021327987035773, 44.454996917427259 ], [ 11.020836215796891, 44.454505769013281 ], [ 11.017101914623435, 44.450775795220558 ], [ 11.013476588629386, 44.447226433154668 ], [ 11.009503258786671, 44.445288866649783 ], [ 11.009131736323685, 44.445173865978454 ], [ 11.00845042365764, 44.445020673550054 ], [ 11.006940772271705, 44.444681237330038 ], [ 11.004638703469624, 44.444199535339209 ], [ 11.003268542326325, 44.443912988491583 ], [ 11.001974490011817, 44.443652562385019 ], [ 11.00079447356053, 44.443415086835053 ], [ 10.99775479323133, 44.44280324254111 ], [ 10.990849704015275, 44.441375411661717 ], [ 10.990396887703163, 44.440969184161304 ], [ 10.990232257870593, 44.440584943387115 ], [ 10.990229565706571, 44.440505672038235 ], [ 10.996665602924478, 44.42953992902418 ], [ 11.013286684043804, 44.430268828376093 ], [ 11.015275273805102, 44.43023374448174 ], [ 11.018089780260523, 44.430057991554158 ], [ 11.028059289896019, 44.429201642165559 ], [ 11.038064539317602, 44.427258963273943 ], [ 11.038839727751023, 44.426677950405725 ], [ 11.048166596800121, 44.416107326242738 ], [ 11.049558007158829, 44.406900783155152 ], [ 11.049158993612357, 44.405814105189791 ], [ 11.04764113589051, 44.404918577718753 ], [ 11.044366775084228, 44.402942644100129 ], [ 11.042296427070459, 44.401683301645043 ], [ 11.041941749153503, 44.401460080729457 ], [ 11.037794982618562, 44.396182077903461 ], [ 11.035995936351375, 44.393864479595671 ], [ 11.035848073319071, 44.393628535012901 ], [ 11.03570053015275, 44.393356595097295 ], [ 11.035644583314145, 44.393101015757054 ], [ 11.035603049171476, 44.39289918427442 ], [ 11.035606378179738, 44.392678554610775 ], [ 11.035428918885323, 44.391362830098075 ], [ 11.032661522350589, 44.385636909109621 ], [ 11.032149180732437, 44.384745448618261 ], [ 11.030081865244389, 44.381649595163331 ], [ 11.02344704479588, 44.374124066155026 ], [ 11.02314641447772, 44.373823293327305 ], [ 11.023007811284328, 44.373807753515734 ], [ 11.022811823628352, 44.373811225863371 ], [ 11.022659911780146, 44.373773409938195 ], [ 11.022600637415918, 44.373738451517525 ], [ 11.022516617043911, 44.373667904056575 ], [ 11.022398142082295, 44.37355297898992 ], [ 11.022373526480962, 44.373521904337572 ], [ 11.022354019851539, 44.373319677210553 ], [ 11.02235014815534, 44.373207221736145 ], [ 11.022314051003223, 44.371794436659769 ], [ 11.022217701350334, 44.363981780310802 ], [ 11.022213248399927, 44.362302838330919 ], [ 11.0222158544496, 44.361375510544917 ], [ 11.022562207650729, 44.357993357306277 ], [ 11.022625130777506, 44.357816679782395 ], [ 11.025896047871926, 44.350187390676666 ], [ 11.026060741354414, 44.34986936878645 ], [ 11.026460173435581, 44.34967322113107 ], [ 11.026773209021895, 44.349564137007036 ], [ 11.02705083439135, 44.349473677311565 ], [ 11.027299063948517, 44.349532289019571 ], [ 11.027333730814508, 44.349547991103734 ], [ 11.027585860764127, 44.349662234282484 ], [ 11.027836730601626, 44.349797314701377 ], [ 11.028035135485352, 44.349910832904335 ], [ 11.028087163893197, 44.34991890709172 ], [ 11.028751302779233, 44.349758574613666 ], [ 11.029168560974059, 44.349625120484717 ], [ 11.02970529201049, 44.349363500701259 ], [ 11.035745235061576, 44.346068987441789 ], [ 11.036092385335763, 44.345859116648391 ], [ 11.036184726633266, 44.345695136412637 ], [ 11.036301425414468, 44.34548741091384 ], [ 11.037604220972788, 44.342588458268096 ], [ 11.038025888323615, 44.339612718158982 ], [ 11.038230010981499, 44.338330680246827 ], [ 11.038316503703541, 44.337818229845453 ], [ 11.038360229200489, 44.337609268591457 ], [ 11.0384060191251, 44.337392380373551 ], [ 11.038448452666803, 44.337214382184392 ], [ 11.0391597604028, 44.334303352355967 ], [ 11.039207133861384, 44.334110072388036 ], [ 11.039226101551842, 44.334046713749288 ], [ 11.039255432132697, 44.333965727022786 ], [ 11.039403050986786, 44.333565280131452 ], [ 11.03965165198114, 44.332934584774122 ], [ 11.039856830554537, 44.332499349249218 ], [ 11.040074329874324, 44.332102713452265 ], [ 11.040099072455481, 44.332047685332746 ], [ 11.040121600558269, 44.331996653524321 ], [ 11.040153563456567, 44.331923492496756 ], [ 11.040168433867724, 44.331888619864415 ], [ 11.040179318877518, 44.331852140311419 ], [ 11.040187096356785, 44.331805298192563 ], [ 11.040189174448198, 44.331774876464472 ], [ 11.040193581367131, 44.331698261847698 ], [ 11.040149805630849, 44.331080396503381 ], [ 11.04013084888742, 44.331019677925802 ], [ 11.038890505745607, 44.328650475524434 ], [ 11.034476429988262, 44.32460199789805 ], [ 11.034386788769892, 44.32452538279167 ], [ 11.032546462074954, 44.323552104531167 ], [ 11.0324236288916, 44.323490699350913 ], [ 11.031622198422328, 44.32336486132278 ], [ 11.031747286039913, 44.322494433376406 ], [ 11.030691617807628, 44.316841458064943 ], [ 11.029284456123102, 44.315444024219389 ], [ 11.013479345735846, 44.300887206464459 ], [ 11.012143756032831, 44.299680176282692 ], [ 11.007866317799921, 44.296934769601044 ], [ 11.004589210765431, 44.297190407636769 ], [ 11.00406885705061, 44.298567975402804 ], [ 11.004021927202775, 44.298708336724751 ], [ 11.00367416819015, 44.299862302232398 ], [ 11.002230556483227, 44.305991542215303 ], [ 10.999076051285197, 44.30487643982795 ], [ 10.99585284815022, 44.304055058992539 ], [ 10.990733924753192, 44.303104584977618 ], [ 10.983341175720525, 44.302985670414678 ], [ 10.966705586301615, 44.302247094841441 ], [ 10.965077700709836, 44.301644917845756 ], [ 10.958488839864858, 44.298551473650029 ], [ 10.951747637444077, 44.2943831889785 ], [ 10.950173364951628, 44.293401759690404 ], [ 10.949906790965098, 44.293158747404938 ], [ 10.949744778489851, 44.29294994008805 ], [ 10.949724261173294, 44.292851261108773 ], [ 10.948892172232433, 44.286405921319407 ], [ 10.94906070455901, 44.28629182723131 ], [ 10.949178699974192, 44.286211968484196 ], [ 10.960209561509039, 44.279203476311146 ], [ 10.967940836585049, 44.278714882924476 ], [ 10.969296388669658, 44.278592482614492 ], [ 10.97021866688466, 44.278441533794748 ], [ 10.971235890707913, 44.278225918915261 ], [ 10.971387970331834, 44.278182766773853 ], [ 10.971660634389513, 44.278092543857099 ], [ 10.972251837191029, 44.277785226728589 ], [ 10.97372082572358, 44.27698110334633 ], [ 10.971421169405419, 44.273977863809144 ], [ 10.971389278003914, 44.273960400428955 ], [ 10.971058633811827, 44.273862579977951 ], [ 10.9706451961494, 44.273770686198731 ], [ 10.970263771571121, 44.273745758757357 ], [ 10.969996690030783, 44.273768380772665 ], [ 10.967300932142088, 44.272261853831175 ], [ 10.965866372860672, 44.26789766309458 ], [ 10.968071071737354, 44.26272355300506 ], [ 10.96841622220942, 44.261898334410766 ], [ 10.968243698210015, 44.260717429153679 ], [ 10.968078842242335, 44.259765961174736 ], [ 10.966363870131085, 44.256892088831307 ], [ 10.963732944469928, 44.253637787228826 ], [ 10.963806699982428, 44.253501479789556 ], [ 10.964397374907787, 44.252901637651178 ], [ 10.964811458608759, 44.252547899385902 ], [ 10.96504360993916, 44.252372856435365 ], [ 10.965900132211836, 44.252084254415223 ], [ 10.966507413191142, 44.251428784039483 ], [ 10.966564692628491, 44.251362526999905 ], [ 10.967076604846202, 44.243142501208425 ], [ 10.966986390792199, 44.242978068223522 ], [ 10.964235655031148, 44.240567628412649 ], [ 10.96220613772039, 44.238897027928296 ], [ 10.961048127942501, 44.232783694351063 ], [ 10.957159488566957, 44.226106085467599 ], [ 10.957055047987598, 44.226024037667294 ], [ 10.956790702906794, 44.225886761433863 ], [ 10.956413255059557, 44.225760439775215 ], [ 10.956258661324078, 44.225723131112161 ], [ 10.953564529951096, 44.225157056573728 ], [ 10.948437398621454, 44.224819271573672 ], [ 10.947174548806979, 44.224798607718796 ], [ 10.946348070339216, 44.224888109275874 ], [ 10.946070871232999, 44.224953586766773 ], [ 10.945855291365643, 44.225012980934267 ], [ 10.944295447011214, 44.225478430194634 ], [ 10.943363560865532, 44.225789706719347 ], [ 10.943259144313624, 44.22582694017543 ], [ 10.9431553200375, 44.225953052824288 ], [ 10.943085729097987, 44.226050464695355 ], [ 10.942976743596356, 44.226138959516796 ], [ 10.942657622471854, 44.226214158504128 ], [ 10.940499873120963, 44.225679729100406 ], [ 10.940291806808345, 44.225610673345294 ], [ 10.936085033721552, 44.223653045252441 ], [ 10.935515679950377, 44.223351536603509 ], [ 10.921603732452899, 44.214612790375291 ], [ 10.907243230778809, 44.20543403343828 ], [ 10.900071815560132, 44.206252030137136 ], [ 10.899363703034297, 44.206416864177235 ], [ 10.898844955052548, 44.206632568920483 ], [ 10.898318619033672, 44.207001433782288 ], [ 10.897891767159079, 44.207350646712662 ], [ 10.897391891581119, 44.207764075495817 ], [ 10.89678374149752, 44.208314357772835 ], [ 10.894247954894873, 44.210814263155022 ], [ 10.893763412266102, 44.211317453664904 ], [ 10.893542713782995, 44.211852295848807 ], [ 10.893323765117428, 44.212441113236579 ], [ 10.893340205820893, 44.212954008911211 ], [ 10.893222107464137, 44.215908951158085 ], [ 10.890093848061023, 44.224162454719554 ], [ 10.889702929564978, 44.224466016523323 ], [ 10.889083315470947, 44.224665332306898 ], [ 10.888386016430623, 44.224784894137791 ], [ 10.885530245289349, 44.225138190123332 ], [ 10.884569575734972, 44.225244081685609 ], [ 10.881674379005384, 44.225147768483637 ], [ 10.876315965617582, 44.226334308962784 ], [ 10.874215412001925, 44.226818949927605 ], [ 10.872934601326886, 44.227204468574122 ], [ 10.871958718644199, 44.227513170325196 ], [ 10.869880309727971, 44.22830347629111 ], [ 10.861250433964479, 44.232190106349442 ], [ 10.860315660532827, 44.231916820400663 ], [ 10.858301428278706, 44.231175366362862 ], [ 10.855005997332196, 44.229905500903648 ], [ 10.853396009733599, 44.229274437296695 ], [ 10.851835545510864, 44.228624533686762 ], [ 10.850882862341241, 44.22818983311835 ], [ 10.850282853194186, 44.227821428750502 ], [ 10.850133638756914, 44.227454717231751 ], [ 10.852880710486813, 44.215247186092427 ], [ 10.85429774797479, 44.213333563046085 ], [ 10.854620229770832, 44.213238294165961 ], [ 10.855229580302041, 44.213111369686807 ], [ 10.855651574158632, 44.212996466143537 ], [ 10.855869141292489, 44.21274986126123 ], [ 10.855861006236079, 44.212092768185009 ], [ 10.85555639502442, 44.209567883891182 ], [ 10.855413013877861, 44.208588902696434 ], [ 10.855200010265438, 44.207385958120128 ], [ 10.849271085324654, 44.201108016049403 ], [ 10.848714640432529, 44.200522821032315 ], [ 10.848196976032272, 44.200052076285615 ], [ 10.84743301384281, 44.19995837251377 ], [ 10.846531550696064, 44.199945941015017 ], [ 10.845290689082475, 44.199884980367749 ], [ 10.844260514447138, 44.199757564579151 ], [ 10.841604719606499, 44.199269240643311 ], [ 10.840446671538649, 44.199053837135757 ], [ 10.839322800708652, 44.198729826603746 ], [ 10.837982660372075, 44.198292256005139 ], [ 10.836958060598109, 44.197939628708809 ], [ 10.836017926302842, 44.197486585287656 ], [ 10.83507529727423, 44.196952556511057 ], [ 10.834279411190851, 44.196308116376173 ], [ 10.833431313013769, 44.195592487940431 ], [ 10.832555417633488, 44.194787285611049 ], [ 10.832073108183671, 44.194164808536883 ], [ 10.823011239650794, 44.182326831649647 ], [ 10.819703397890278, 44.174033781517167 ], [ 10.819713744702316, 44.173556454317527 ], [ 10.818543653684118, 44.167385515651716 ], [ 10.817192878221691, 44.164791629048068 ], [ 10.816967643846493, 44.164381071384845 ], [ 10.811980822312474, 44.157960105123131 ], [ 10.811294377359882, 44.157187736931341 ], [ 10.810609602916365, 44.156469344148178 ], [ 10.809745174548171, 44.15560073832026 ], [ 10.808859364510772, 44.154849510489264 ], [ 10.806913033440868, 44.147852317469741 ], [ 10.805601607282, 44.141108382870847 ], [ 10.808292064725462, 44.13463761277697 ], [ 10.811010116300777, 44.128679510562243 ], [ 10.814081044778248, 44.120383929628133 ], [ 10.814762022892625, 44.116184944088459 ], [ 10.814365217570261, 44.11599040192953 ], [ 10.813553590774777, 44.116012293106678 ], [ 10.806200777270464, 44.117911432122774 ], [ 10.805197762618141, 44.118215390798973 ], [ 10.804110294487286, 44.11861970789667 ], [ 10.80334923110197, 44.119072880344355 ], [ 10.803158831771063, 44.119309964627547 ], [ 10.802702550721531, 44.120834196331288 ], [ 10.802512354961392, 44.12176002089204 ], [ 10.802378735568169, 44.122356139207483 ], [ 10.79791591463853, 44.126514079308443 ], [ 10.797267575823533, 44.127082471976735 ], [ 10.796681634420455, 44.127397420656578 ], [ 10.796181413634221, 44.127603271933822 ], [ 10.794949447259933, 44.12800123521032 ], [ 10.791307438149312, 44.1279503739284 ], [ 10.783715727301292, 44.129529198412406 ], [ 10.782308877809141, 44.130062839385978 ], [ 10.780790510433482, 44.130698732991483 ], [ 10.779336197609066, 44.131387631034443 ], [ 10.774476961872024, 44.134002140586148 ], [ 10.773259060906289, 44.134660238542992 ], [ 10.766150428314756, 44.14067641848235 ], [ 10.765731027864751, 44.141286110910769 ], [ 10.765581407287662, 44.142557852930203 ], [ 10.76542587076908, 44.143631627496838 ], [ 10.764864259568832, 44.144504603216816 ], [ 10.760507748112534, 44.150207765987076 ], [ 10.759781072300642, 44.151011106371072 ], [ 10.758966171792443, 44.151771041751594 ], [ 10.757678374071677, 44.152619152282206 ], [ 10.756148521684681, 44.153317915328948 ], [ 10.754259887988875, 44.154148213175546 ], [ 10.751924396142302, 44.154670228215792 ], [ 10.743933574360868, 44.156237683253345 ], [ 10.741859453472895, 44.156426723687147 ], [ 10.734335041151104, 44.156559245418926 ], [ 10.726380590248885, 44.156479895557247 ], [ 10.725249281320732, 44.156327728960207 ], [ 10.724412929114251, 44.156107193833357 ], [ 10.717248441898215, 44.155557005077192 ], [ 10.714968259384378, 44.155843353643412 ], [ 10.713791458720445, 44.15623014867073 ], [ 10.713053695520001, 44.156664359769756 ], [ 10.7123963518968, 44.157212903906483 ], [ 10.710723761699297, 44.15566393272924 ], [ 10.710084206414379, 44.155169337499686 ], [ 10.708938184853478, 44.154962912582654 ], [ 10.707864465391358, 44.154950465138363 ], [ 10.701525164141611, 44.155414206826663 ], [ 10.695111140896429, 44.157202164402626 ], [ 10.693985966083993, 44.157651009229276 ], [ 10.691554970078796, 44.157479965947786 ], [ 10.680214443264971, 44.156675038331002 ], [ 10.678981503337862, 44.156414072494087 ], [ 10.672503198616745, 44.154627480567754 ], [ 10.66167693248528, 44.153849188989057 ], [ 10.647918369480552, 44.155534049096865 ], [ 10.647114630134176, 44.156310906001117 ], [ 10.646240628177271, 44.157259825207753 ], [ 10.644584042357989, 44.159750532496751 ], [ 10.643980729446977, 44.160092328125479 ], [ 10.641209711772989, 44.159835083075393 ], [ 10.63611027268276, 44.154065246135964 ], [ 10.635652130123749, 44.153324554539346 ], [ 10.634795633359589, 44.150383808352522 ], [ 10.634355809455595, 44.148040291846357 ], [ 10.634366406681282, 44.147517963155757 ], [ 10.633997568783863, 44.146839009160566 ], [ 10.633723674876608, 44.146428784459239 ], [ 10.628339691019695, 44.143426613912808 ], [ 10.624520307659171, 44.141383277702595 ], [ 10.623752784508223, 44.141205125189181 ], [ 10.623408936946824, 44.136870521127634 ], [ 10.624019884709071, 44.129515290859885 ], [ 10.625147422604275, 44.12732949859496 ], [ 10.625321754905304, 44.126849851456249 ], [ 10.624863992918923, 44.122462843499164 ], [ 10.624664443404843, 44.121574815472691 ], [ 10.624238436677315, 44.120617597473178 ], [ 10.624055850627936, 44.120366100014955 ], [ 10.609846762942109, 44.118610576873117 ], [ 10.605528057717809, 44.115043103471933 ], [ 10.605093575506819, 44.114689086831817 ], [ 10.603781196502222, 44.114680512151935 ], [ 10.600274598408541, 44.114864739862895 ], [ 10.593103763332433, 44.115415140687759 ], [ 10.592534202285512, 44.115612149935806 ], [ 10.591655952924233, 44.115948503843491 ], [ 10.590271536844678, 44.11651697885096 ], [ 10.589554701836276, 44.116815058945157 ], [ 10.586416538060929, 44.118164145258447 ], [ 10.585528118344696, 44.118590626215166 ], [ 10.584728598497817, 44.119069888804013 ], [ 10.584078974991133, 44.119547057993877 ], [ 10.583487897450517, 44.120266505655472 ], [ 10.581032661702139, 44.128097229227407 ], [ 10.580504234062547, 44.129373986973611 ], [ 10.577802949312213, 44.131671113357292 ], [ 10.577509040919649, 44.131900250108608 ], [ 10.5526018939527, 44.14500795941661 ], [ 10.543745140326154, 44.149629565877611 ], [ 10.532256407111921, 44.155042076894745 ], [ 10.531053133639004, 44.155418334807543 ], [ 10.529725065716383, 44.155805260941428 ], [ 10.527231119983949, 44.156081715290092 ], [ 10.525121668328248, 44.156235944235576 ], [ 10.524930937744006, 44.157003753405355 ], [ 10.524609448950477, 44.159168792983188 ], [ 10.519702564035807, 44.167192906658819 ], [ 10.522938734170063, 44.174838431565504 ], [ 10.51001441503918, 44.186913854696904 ], [ 10.509419277417862, 44.186811905766611 ], [ 10.50900720293966, 44.186844361081434 ], [ 10.507824023656116, 44.18705805301137 ], [ 10.507018806217447, 44.187374788212431 ], [ 10.506413267494759, 44.187670875347905 ], [ 10.490246217399948, 44.196552887590798 ], [ 10.490003047091022, 44.196835157410284 ], [ 10.485214943883056, 44.204496089194592 ], [ 10.485198737544559, 44.204847418023057 ], [ 10.489069520364758, 44.211936411955378 ], [ 10.492680303781754, 44.216129692044873 ], [ 10.492992231710639, 44.216584764772662 ], [ 10.492902584145828, 44.217000077312932 ], [ 10.488798103315718, 44.220537818361862 ], [ 10.488393276003929, 44.220867201722804 ], [ 10.487133050853311, 44.221531840747012 ], [ 10.484611622122809, 44.222825061138806 ], [ 10.483779412936908, 44.223087960779807 ], [ 10.482806362409816, 44.223226640879751 ], [ 10.480619065467438, 44.22337205089309 ], [ 10.479480590542748, 44.223404814701318 ], [ 10.478093156361515, 44.223494800570769 ], [ 10.473856392221766, 44.223792637943305 ], [ 10.472923995965841, 44.224056752171656 ], [ 10.47100470148861, 44.225413925856103 ], [ 10.470129668884706, 44.226055406327902 ], [ 10.470475524154903, 44.226537116019792 ], [ 10.471427978322884, 44.227578201695231 ], [ 10.472521962595668, 44.228770508459085 ], [ 10.473203255321337, 44.228977798844028 ], [ 10.47571255512034, 44.22968364818437 ], [ 10.47882880776921, 44.230624654082909 ], [ 10.48073236221636, 44.231635346152885 ], [ 10.481487132838989, 44.232273770245293 ], [ 10.482268772750363, 44.232983855997723 ], [ 10.482986723202467, 44.233649758828818 ], [ 10.484515279302443, 44.23517842435475 ], [ 10.484752826170249, 44.235661494077924 ], [ 10.485046109463166, 44.236368913021899 ], [ 10.485607937830718, 44.239287584435402 ], [ 10.48685127536255, 44.249867897786253 ], [ 10.486646187469669, 44.254155976917737 ], [ 10.485879785216442, 44.25655172343469 ], [ 10.485930732573307, 44.257082242375184 ], [ 10.486893262037318, 44.263461792766485 ], [ 10.487288323790175, 44.263726748944045 ], [ 10.49063772323467, 44.264394309920952 ], [ 10.494072104072945, 44.264952630119694 ], [ 10.495038999315321, 44.265039007500071 ], [ 10.496053708246638, 44.265034717601836 ], [ 10.499675719387447, 44.266562724822265 ], [ 10.5004755451042, 44.26697537052403 ], [ 10.506819115992249, 44.271051204450409 ], [ 10.509862665891472, 44.273450795427401 ], [ 10.510377537263572, 44.27398416701093 ], [ 10.512906990131158, 44.277335769771049 ], [ 10.514993639180986, 44.280513160243977 ], [ 10.515815980290069, 44.281789661349748 ], [ 10.516001556561543, 44.282183319313809 ], [ 10.515104378048109, 44.285796397852458 ], [ 10.513272834620846, 44.288656584123537 ], [ 10.511228231326038, 44.293968357497171 ], [ 10.510505158690249, 44.299010552084525 ], [ 10.510486713828119, 44.299758028665444 ], [ 10.510616567400259, 44.300422527893289 ], [ 10.513359096325576, 44.309092000434177 ], [ 10.514093071669365, 44.311305971540605 ], [ 10.514460234220381, 44.311931311405445 ], [ 10.520007551659591, 44.319906159247651 ], [ 10.524876275120114, 44.327286614613911 ], [ 10.525346283311615, 44.328000556399552 ], [ 10.526114919907139, 44.330556112013895 ], [ 10.52636628555012, 44.331543047142297 ], [ 10.526894286426451, 44.335758319534555 ], [ 10.526899659055596, 44.336901612206518 ], [ 10.526773639768923, 44.337362434906304 ], [ 10.526582804078044, 44.337743107720271 ], [ 10.526343936111907, 44.33820545723907 ], [ 10.526082075142972, 44.338749109831895 ], [ 10.525946521014651, 44.339327101928156 ], [ 10.525808103247353, 44.340247244708792 ], [ 10.525638751415791, 44.341455892066712 ], [ 10.525565022038327, 44.342483197505281 ], [ 10.526316278152523, 44.343871217844445 ], [ 10.526441670948799, 44.345325372520371 ], [ 10.5261579053014, 44.345509229075446 ], [ 10.527693311830582, 44.350494254987709 ], [ 10.528029698340553, 44.35088587213437 ], [ 10.52874214535356, 44.351263473467867 ], [ 10.539755121761011, 44.35602203592984 ], [ 10.541733622908044, 44.356823602754552 ], [ 10.550349278819068, 44.359551846301642 ], [ 10.55122321081662, 44.359828067417652 ], [ 10.576202683903954, 44.361745706220262 ], [ 10.586659489289985, 44.361492869129741 ], [ 10.587618608432699, 44.361227459111092 ], [ 10.588661724192985, 44.361284969038522 ], [ 10.594745363986322, 44.363036752452594 ], [ 10.594788069918785, 44.363049653137125 ], [ 10.59579633661313, 44.363382177772941 ], [ 10.596925043768783, 44.363816538486894 ], [ 10.597586922529196, 44.364158387532804 ], [ 10.598235906826524, 44.364545422928884 ], [ 10.598441631601233, 44.364668583420411 ], [ 10.599207534462018, 44.36514400603766 ], [ 10.600930963985748, 44.367136479674748 ], [ 10.60128764087716, 44.367761679786504 ], [ 10.601716602191713, 44.368304829377472 ], [ 10.602296630348592, 44.368863872457432 ], [ 10.603727299152657, 44.369780073518292 ], [ 10.606260372071532, 44.371076887702834 ], [ 10.607288938634207, 44.371512551950893 ], [ 10.609166517192881, 44.372242331120141 ], [ 10.609662029760543, 44.372433422638643 ], [ 10.610232003276137, 44.372650456178896 ], [ 10.611145004025264, 44.372988686527854 ], [ 10.612745635728812, 44.373686304057209 ], [ 10.614243539131055, 44.374754473706034 ], [ 10.618817987327667, 44.378542909864727 ], [ 10.620105722915728, 44.382449836804817 ], [ 10.623700899311634, 44.38986204746201 ], [ 10.62402725001991, 44.390766694038646 ], [ 10.624075987847633, 44.391621248775138 ], [ 10.623967554890168, 44.392694126692504 ], [ 10.623275191935511, 44.395296758645728 ], [ 10.623069422076338, 44.39602890776068 ], [ 10.622662950041711, 44.397223042331305 ], [ 10.622320739901898, 44.397978314872134 ], [ 10.621522668380214, 44.40585934252946 ], [ 10.624027796115323, 44.408344507950979 ], [ 10.62825111198927, 44.416557844639875 ], [ 10.628430336003298, 44.417131461768456 ], [ 10.628594741443997, 44.417624275782444 ], [ 10.628845292919625, 44.418052822464674 ], [ 10.629305761193221, 44.41880248587119 ], [ 10.629777292628573, 44.419497969225034 ], [ 10.630537900821563, 44.420198319648797 ], [ 10.640382401074373, 44.427696111688277 ], [ 10.64343630250033, 44.429974881685219 ], [ 10.646369276201609, 44.43151711161331 ], [ 10.64807318397683, 44.432239748558743 ], [ 10.64930253649484, 44.432645120860222 ], [ 10.650694693357726, 44.433003119121565 ], [ 10.653429696959423, 44.433305656891974 ], [ 10.655578648024266, 44.439549380417965 ], [ 10.653990792350305, 44.443812637248541 ], [ 10.653696448310683, 44.444960242315602 ], [ 10.653588237589476, 44.446024120306809 ], [ 10.653464031128825, 44.448303587378597 ], [ 10.653617850679703, 44.449300668359086 ], [ 10.653873443526384, 44.45034126334847 ], [ 10.654157245884694, 44.451462479702215 ], [ 10.654537888319519, 44.452924400616745 ], [ 10.654900119998477, 44.454179532419062 ], [ 10.655435497053661, 44.455333106738109 ], [ 10.656758665668027, 44.457231482150334 ], [ 10.657557430401551, 44.458363211480098 ], [ 10.659060568065216, 44.459952864548896 ], [ 10.660994916516664, 44.461702754085564 ], [ 10.664556349500591, 44.464909847949833 ], [ 10.667016897460613, 44.466998583697034 ], [ 10.668195830590143, 44.467782598854704 ], [ 10.670585823319085, 44.469179060342491 ], [ 10.673595565957987, 44.470233318930198 ], [ 10.675128543570294, 44.470642955799057 ], [ 10.676495838794445, 44.470973992239415 ], [ 10.678289158767273, 44.471253745197998 ], [ 10.680423374129077, 44.4715824562794 ], [ 10.684329442886, 44.472344150033706 ], [ 10.685943663011246, 44.472950497530086 ], [ 10.687206793020096, 44.473589040010168 ], [ 10.688228808051027, 44.47415010131553 ], [ 10.689547709450544, 44.474976830527623 ], [ 10.691972479659301, 44.47665143205694 ], [ 10.693017069784625, 44.477554202038498 ], [ 10.694474042512921, 44.479421623392845 ], [ 10.695311043350921, 44.480783610481403 ], [ 10.696559387629325, 44.482637619397359 ], [ 10.696782178825623, 44.482905835731486 ], [ 10.697497540741294, 44.483766993666528 ], [ 10.702637660670785, 44.488034219115619 ], [ 10.719377821211769, 44.497303610933123 ], [ 10.722869214465558, 44.499150520122612 ], [ 10.723732380067302, 44.499335546454482 ], [ 10.726144233915619, 44.499812256190445 ], [ 10.726355469797044, 44.499837559620403 ], [ 10.730032057492199, 44.501625958976376 ], [ 10.740653199901374, 44.509854922097503 ], [ 10.741379502402124, 44.510586553348332 ], [ 10.7421228410051, 44.511466470439409 ], [ 10.751600067406068, 44.523393884262077 ], [ 10.758552372246566, 44.532793688365715 ], [ 10.759027508542777, 44.533551584295871 ], [ 10.759455262646851, 44.534094146161031 ], [ 10.759707976631322, 44.534414340371214 ], [ 10.76316791489614, 44.538542638084557 ], [ 10.763843885185448, 44.539252389816241 ], [ 10.76496177026911, 44.54042344321509 ], [ 10.765822885108163, 44.541427416786163 ], [ 10.766241058016169, 44.541961101666985 ], [ 10.766465545219761, 44.542293351139854 ], [ 10.766728627263186, 44.542682765297009 ], [ 10.767156304992302, 44.543504379343148 ], [ 10.767923620679937, 44.545148948408013 ], [ 10.769620302517874, 44.548795688843079 ], [ 10.775233023796549, 44.564044293218004 ], [ 10.775540057200084, 44.565443906894238 ], [ 10.775809087144186, 44.567249229332688 ], [ 10.776750332437079, 44.579108834674557 ], [ 10.776928994934002, 44.583319189665197 ], [ 10.778614412690875, 44.587726659969498 ], [ 10.77967973825389, 44.590023680988239 ], [ 10.78134572553123, 44.593009011795786 ], [ 10.782524817049026, 44.594899133818906 ], [ 10.783190398713455, 44.596063563301769 ], [ 10.784095776150634, 44.597651850580768 ], [ 10.785309075513965, 44.59982946509097 ], [ 10.785672358183499, 44.600994107101528 ], [ 10.786330729756758, 44.603562990150898 ], [ 10.786770722859119, 44.605968765280195 ], [ 10.786768722350985, 44.60649612517421 ], [ 10.786435423068889, 44.619321959501178 ], [ 10.784425211475744, 44.624815953089495 ], [ 10.781969253633646, 44.627767376520097 ], [ 10.781954930107677, 44.628099906722035 ], [ 10.782121622726772, 44.629015535289881 ], [ 10.782529408110245, 44.629981438713685 ], [ 10.783227020993715, 44.630942793523388 ], [ 10.784340627572425, 44.631902163546698 ], [ 10.785717382957884, 44.63280788375716 ], [ 10.787063495370017, 44.633561023479615 ], [ 10.787943770617421, 44.633898333642101 ], [ 10.789054229004533, 44.634340053372568 ], [ 10.789649952130496, 44.634852865989359 ], [ 10.790324051185554, 44.635454458301098 ], [ 10.791142622751641, 44.636242829644324 ], [ 10.791978383260249, 44.637179452867805 ], [ 10.79259368590553, 44.637917002608049 ], [ 10.793161093242412, 44.638736312299905 ], [ 10.793696278024694, 44.639736161393046 ], [ 10.794450376866854, 44.642519539443249 ], [ 10.794424936778391, 44.643330164351006 ], [ 10.794437952621749, 44.644545279641022 ], [ 10.794466147489025, 44.645868177144045 ], [ 10.794629893745224, 44.648723845293915 ], [ 10.794712413541701, 44.649132417655004 ], [ 10.794912683542991, 44.650123768655483 ], [ 10.795026042914341, 44.650365589269349 ], [ 10.795452424849335, 44.651267582817674 ], [ 10.796385469585218, 44.652486235641732 ], [ 10.796910092252217, 44.652730049539123 ], [ 10.797854593698235, 44.653093264062633 ], [ 10.800048239459262, 44.653882418396591 ], [ 10.800812670837731, 44.654131429314909 ], [ 10.802136501378673, 44.654524650467117 ], [ 10.803013896333518, 44.654780877611081 ], [ 10.804629945560061, 44.655241468580854 ], [ 10.805733087704134, 44.655431070560681 ], [ 10.806493654835815, 44.655554089592066 ], [ 10.815288950285513, 44.656530858785558 ], [ 10.812953695440644, 44.661703808585045 ], [ 10.813874857968971, 44.677636786926612 ], [ 10.814025961161301, 44.678030499912154 ], [ 10.816217623174831, 44.682352769521088 ], [ 10.817594889610062, 44.68483348764984 ], [ 10.818448228391574, 44.685891165021147 ], [ 10.818837647734552, 44.686669941334422 ], [ 10.819161774414397, 44.687320165734562 ], [ 10.820657675337365, 44.690357107234753 ], [ 10.820450571227873, 44.690594462990106 ], [ 10.813404501794547, 44.69450556968615 ], [ 10.809310362454239, 44.695965885967119 ], [ 10.80805951535099, 44.696327777712483 ], [ 10.806743603752482, 44.696627686017941 ], [ 10.806695699509683, 44.696659952323962 ], [ 10.806162731441241, 44.697023973462251 ], [ 10.806153184998365, 44.69752825712289 ], [ 10.807096128246332, 44.700250019956862 ], [ 10.807483820222981, 44.701351168936711 ], [ 10.808953148363853, 44.70313734684435 ], [ 10.809608115205563, 44.703085853780067 ], [ 10.809654587722177, 44.703163638324547 ], [ 10.812004922168617, 44.707570275726347 ], [ 10.816281761324973, 44.717583595045923 ], [ 10.821478361721454, 44.734742557032391 ], [ 10.821517145790422, 44.735275843838089 ], [ 10.821466347013766, 44.73576345081306 ], [ 10.821286077000705, 44.737038248493086 ], [ 10.821224455793446, 44.737180566617916 ], [ 10.821096287317042, 44.737308219201672 ], [ 10.82092356837321, 44.737420892998756 ], [ 10.819664618258001, 44.738021975313224 ], [ 10.815925160836663, 44.738913778390518 ], [ 10.81489755212424, 44.73916564448708 ], [ 10.815415951152188, 44.741617981533025 ], [ 10.817453985504203, 44.746329169331339 ] ] ] ] } },
{ "type": "Feature", "properties": { "area": "Parma" }, "geometry": { "type": "Polygon", "coordinates": [ [ [ 9.686700448591356, 44.365939567169868 ], [ 9.674979443495078, 44.364713021975007 ], [ 9.673336727881784, 44.367018446833427 ], [ 9.672931342881357, 44.367786079934561 ], [ 9.672047431392269, 44.369510827612842 ], [ 9.671593783619944, 44.370449789471813 ], [ 9.67133824894163, 44.371153514031896 ], [ 9.666901160206995, 44.38481879037144 ], [ 9.664282319883068, 44.397329945440632 ], [ 9.663808614925209, 44.398746144060127 ], [ 9.663001458882718, 44.400659419468674 ], [ 9.655289531762502, 44.41166031100348 ], [ 9.655028200201594, 44.411877879195565 ], [ 9.651340699327589, 44.412304095125727 ], [ 9.650311825679209, 44.412363976626949 ], [ 9.649229827488455, 44.412127055167502 ], [ 9.648295779526494, 44.411781251440075 ], [ 9.646912280038187, 44.411501006475177 ], [ 9.645267234316375, 44.411528321189138 ], [ 9.643900956109222, 44.411779101344777 ], [ 9.636038298729822, 44.413902798781258 ], [ 9.628753550165895, 44.418507541391442 ], [ 9.623524944446794, 44.421615150061065 ], [ 9.621097288244117, 44.422501640795588 ], [ 9.61296848475846, 44.425858574364632 ], [ 9.611857208845546, 44.426512730755519 ], [ 9.609651689936229, 44.428145021552325 ], [ 9.607462761989368, 44.430254320557687 ], [ 9.606670081161987, 44.431356866556378 ], [ 9.606456706519158, 44.432555369650991 ], [ 9.606514595438703, 44.433293286700497 ], [ 9.606449409094251, 44.434202906101405 ], [ 9.606109247204261, 44.435330053197198 ], [ 9.605547060920323, 44.435720151457481 ], [ 9.602816327766204, 44.436427811798985 ], [ 9.60148782273566, 44.436758913173442 ], [ 9.600031797185522, 44.436910620118546 ], [ 9.59888853189554, 44.436889610241984 ], [ 9.5981707867265, 44.436740323692099 ], [ 9.59714782429652, 44.436232520017498 ], [ 9.596451249100905, 44.43561497576006 ], [ 9.595955016669487, 44.435005380334587 ], [ 9.59548239877873, 44.434323630773747 ], [ 9.594822371433215, 44.433588845643833 ], [ 9.59420007429704, 44.432934889252238 ], [ 9.593124808728478, 44.432175244243894 ], [ 9.583577433040613, 44.427236901684537 ], [ 9.582733126566543, 44.428123475549469 ], [ 9.578795408895729, 44.432671884922669 ], [ 9.577815047426421, 44.433595133059512 ], [ 9.573314271093688, 44.434770163513079 ], [ 9.563978395027473, 44.437076328070773 ], [ 9.56145501528146, 44.437394856426508 ], [ 9.559177528006003, 44.438135252920134 ], [ 9.555884294803066, 44.436782910317447 ], [ 9.552204340213521, 44.434207971894978 ], [ 9.551884813497516, 44.433633340644775 ], [ 9.551456382574459, 44.429494140740658 ], [ 9.55154864821583, 44.428701458625625 ], [ 9.551228735346093, 44.428081808227731 ], [ 9.546301486635802, 44.426349942192395 ], [ 9.545243724274853, 44.426084919830373 ], [ 9.540238392649082, 44.425514516556689 ], [ 9.539674822728564, 44.425706241055416 ], [ 9.539074565742693, 44.42600617165013 ], [ 9.538762323994391, 44.426205704393041 ], [ 9.538427265218779, 44.426486371975628 ], [ 9.538143451704221, 44.427045876622074 ], [ 9.537934260765848, 44.427524009064939 ], [ 9.537648873438227, 44.427912470642248 ], [ 9.537262718113196, 44.428274395248692 ], [ 9.535773066932633, 44.428866568879727 ], [ 9.534822887434625, 44.429204130036226 ], [ 9.53409472323945, 44.429261556946685 ], [ 9.50966925850193, 44.425817064379153 ], [ 9.495184267929295, 44.4241072432797 ], [ 9.493902292042119, 44.423896725086472 ], [ 9.483733734757761, 44.41852058051947 ], [ 9.48291208883329, 44.417893861162497 ], [ 9.481880157591545, 44.417087972635201 ], [ 9.482009529558622, 44.416781330094821 ], [ 9.482257063426101, 44.416429176133697 ], [ 9.482731447863452, 44.415977032705932 ], [ 9.483394111024822, 44.415605121615521 ], [ 9.48362922092555, 44.415271017479448 ], [ 9.481320962837467, 44.410887414329295 ], [ 9.480979200013239, 44.410564754897649 ], [ 9.480473515805331, 44.410161756602413 ], [ 9.479766518782172, 44.40971458933074 ], [ 9.47903434845337, 44.409258522169438 ], [ 9.477294509815804, 44.409986034978978 ], [ 9.475721993124589, 44.411072920537755 ], [ 9.474174086994932, 44.412249723195764 ], [ 9.473776721091612, 44.412814042161799 ], [ 9.472185459289266, 44.416417246346619 ], [ 9.472294647060785, 44.421935487966593 ], [ 9.472493874151915, 44.423276077311442 ], [ 9.47256480347683, 44.42428409751485 ], [ 9.468146641615945, 44.424770429732668 ], [ 9.465771432920681, 44.424465042006588 ], [ 9.461263252872357, 44.422898856173603 ], [ 9.450140986490362, 44.419432148441011 ], [ 9.442777869103239, 44.416586591650592 ], [ 9.43839370547084, 44.418541553888844 ], [ 9.438369410503324, 44.420351201821205 ], [ 9.438803263234803, 44.427866843763553 ], [ 9.439164059703522, 44.4290718303915 ], [ 9.439599561202819, 44.430078466915205 ], [ 9.445007425314198, 44.437412762652421 ], [ 9.445519748042473, 44.438037639300944 ], [ 9.445831817446981, 44.438417861701744 ], [ 9.446399135701876, 44.438766750957868 ], [ 9.448768104201221, 44.439630731257758 ], [ 9.449598790340765, 44.439906551498744 ], [ 9.45226603384819, 44.440431678420573 ], [ 9.453626152570084, 44.440664860902075 ], [ 9.454230082623978, 44.440761489829825 ], [ 9.455085812615497, 44.440920132225351 ], [ 9.45628194700771, 44.441221457350302 ], [ 9.457351181952852, 44.441514269922138 ], [ 9.458198517902067, 44.442204087139388 ], [ 9.459624032550607, 44.450768948732197 ], [ 9.460290115751249, 44.455564716575125 ], [ 9.460294712597888, 44.456149880707187 ], [ 9.460436437062775, 44.456590434066896 ], [ 9.461113513880443, 44.457974126252942 ], [ 9.465913548162684, 44.465669962956412 ], [ 9.466456327544162, 44.465946824322977 ], [ 9.470235902102337, 44.473268527406994 ], [ 9.469687926319303, 44.47684483956602 ], [ 9.469077803240822, 44.479179042285416 ], [ 9.468791744672538, 44.481241834299993 ], [ 9.46887309941641, 44.481880681517545 ], [ 9.471163271423523, 44.482168352016018 ], [ 9.47346496059321, 44.482419910667858 ], [ 9.474648064887189, 44.482451008414102 ], [ 9.475418667174589, 44.48227195468575 ], [ 9.476066369135035, 44.482121010486992 ], [ 9.477579806240506, 44.481268435469936 ], [ 9.478755184084882, 44.480453277787312 ], [ 9.480006994893969, 44.479763825125964 ], [ 9.481236656926509, 44.479443553734349 ], [ 9.481819082129835, 44.479353393521833 ], [ 9.482253894091116, 44.479286215619339 ], [ 9.485638384955033, 44.47971300781677 ], [ 9.486809192637393, 44.479879071252775 ], [ 9.490813498427984, 44.480735200042588 ], [ 9.492098727433136, 44.4810447550351 ], [ 9.496803432387548, 44.482730402724577 ], [ 9.496323323686383, 44.483947848906432 ], [ 9.496096436782745, 44.4848125256608 ], [ 9.49585501939354, 44.486515640915897 ], [ 9.494665225851655, 44.497373501092596 ], [ 9.494638355294063, 44.497882270912044 ], [ 9.494578609565753, 44.499030364944595 ], [ 9.494634240608942, 44.500403027799152 ], [ 9.495262864965849, 44.502547431937771 ], [ 9.495531981779358, 44.503131434356639 ], [ 9.499322136399538, 44.509506799125134 ], [ 9.501001415060387, 44.511678079552297 ], [ 9.501635169387018, 44.512224457599707 ], [ 9.502168213423722, 44.512762273125986 ], [ 9.504596176296696, 44.528627674837885 ], [ 9.504607678471801, 44.529960002362962 ], [ 9.500894775190796, 44.537182918107789 ], [ 9.500248397877188, 44.53804099948082 ], [ 9.499512154944872, 44.538881461233082 ], [ 9.497350924283847, 44.540664407767558 ], [ 9.496509190207155, 44.540857123002191 ], [ 9.494903599881869, 44.541381739342633 ], [ 9.49045030018504, 44.543165452776059 ], [ 9.488180540594282, 44.545569863738265 ], [ 9.487959592446765, 44.54624599964 ], [ 9.487988863828678, 44.546831039821782 ], [ 9.488045610867008, 44.547596015284967 ], [ 9.488303709576991, 44.54835113179869 ], [ 9.490675339168995, 44.553422906591571 ], [ 9.491095496054621, 44.553979264572696 ], [ 9.493338450115226, 44.555876641485796 ], [ 9.497820236455533, 44.557146068489843 ], [ 9.513022202452493, 44.562304768847405 ], [ 9.514743650779844, 44.563314313206455 ], [ 9.515227794520154, 44.563951311095778 ], [ 9.515840000344806, 44.564830787298668 ], [ 9.51636410175054, 44.565710674653545 ], [ 9.531546646751266, 44.584730866002104 ], [ 9.532296840419201, 44.585492587536613 ], [ 9.532981421205527, 44.585966529622077 ], [ 9.533702733380284, 44.586323257939775 ], [ 9.536916760974746, 44.587874628879639 ], [ 9.538042316872062, 44.588346466479031 ], [ 9.539142130902764, 44.588755396463142 ], [ 9.54003788245925, 44.588895213678313 ], [ 9.541410070149025, 44.588789671678569 ], [ 9.542453414358418, 44.588541664108867 ], [ 9.543722720280083, 44.588211541121716 ], [ 9.544879406330161, 44.587962953713387 ], [ 9.545986621614031, 44.58781363469776 ], [ 9.548052224697246, 44.587767714762009 ], [ 9.549098039123967, 44.587789701889037 ], [ 9.549981888222566, 44.588001513534003 ], [ 9.550552003438389, 44.588340868039829 ], [ 9.55236407364101, 44.589457427284138 ], [ 9.552808663617476, 44.589842383103559 ], [ 9.553304838968526, 44.590353123228795 ], [ 9.553407322825484, 44.590532682558965 ], [ 9.552369969267376, 44.596731410614737 ], [ 9.552453930251851, 44.597613257008362 ], [ 9.552557877250281, 44.597945838860603 ], [ 9.552813713354015, 44.598349718554921 ], [ 9.553119779570082, 44.598735342077831 ], [ 9.553833658501588, 44.599605117726327 ], [ 9.557116469033184, 44.602947078651006 ], [ 9.558147198684908, 44.603995337876256 ], [ 9.558693945872385, 44.604505806142363 ], [ 9.559493504430741, 44.605096063645938 ], [ 9.56014029535363, 44.605525001934716 ], [ 9.562790255923417, 44.607204441736975 ], [ 9.563284145797526, 44.607454078081439 ], [ 9.564127488569843, 44.607350890282888 ], [ 9.564894511184534, 44.607176039932284 ], [ 9.565813875048233, 44.607117487152237 ], [ 9.566847445340988, 44.607139371367261 ], [ 9.567642042051988, 44.607207440639911 ], [ 9.57616242009137, 44.609901516949087 ], [ 9.576618849344431, 44.610178293883507 ], [ 9.577901190568483, 44.611135074742556 ], [ 9.578371149961582, 44.611501805999694 ], [ 9.579198880902995, 44.612361846415055 ], [ 9.579797639803825, 44.613006980765 ], [ 9.580948469318084, 44.614666588271099 ], [ 9.581154618697928, 44.615115660535984 ], [ 9.581047193617263, 44.615719374759294 ], [ 9.5808012475417, 44.616332791373594 ], [ 9.580680233820434, 44.616837549136989 ], [ 9.580749163353877, 44.617431350074291 ], [ 9.581136622595107, 44.618365649880118 ], [ 9.581509944939217, 44.61914695300289 ], [ 9.581933239581211, 44.619882996573317 ], [ 9.582355197737161, 44.620484012883168 ], [ 9.583004515036922, 44.621128872576186 ], [ 9.584098324219747, 44.622104556468337 ], [ 9.584974625308252, 44.622757241686493 ], [ 9.585925435149738, 44.623292515961772 ], [ 9.586875327699071, 44.623737759124779 ], [ 9.589077230677569, 44.624581660156672 ], [ 9.590709394777756, 44.625176396485081 ], [ 9.59514946397179, 44.626683763968849 ], [ 9.601765956937486, 44.628953716256603 ], [ 9.602285579425519, 44.629221042449785 ], [ 9.602174931672977, 44.629491710109818 ], [ 9.606581584717595, 44.632574228923978 ], [ 9.608230254655354, 44.633501709785122 ], [ 9.609789381109742, 44.634303607145483 ], [ 9.621159295051944, 44.637627249153262 ], [ 9.627949401242951, 44.639417606073671 ], [ 9.630896976438049, 44.640310598182133 ], [ 9.631795494195028, 44.640611721073846 ], [ 9.631639291579837, 44.641323771710731 ], [ 9.630592674201344, 44.645974799998299 ], [ 9.62889275751869, 44.650872484682132 ], [ 9.627856760308076, 44.653038752590895 ], [ 9.627485985608123, 44.653742978383768 ], [ 9.626724647933949, 44.654485354905603 ], [ 9.62487721215431, 44.65626896105136 ], [ 9.6350312861654, 44.663288827903543 ], [ 9.636041745464677, 44.663409238278589 ], [ 9.638217361344676, 44.663955240359087 ], [ 9.646980554916865, 44.66815505917657 ], [ 9.651905199506441, 44.670827760265588 ], [ 9.653555345662548, 44.671727578982953 ], [ 9.654346110434451, 44.672488253733789 ], [ 9.654874374286333, 44.673466471614013 ], [ 9.655134705311156, 44.674176179949704 ], [ 9.662988042340018, 44.680225449695875 ], [ 9.669055191389388, 44.68224260079014 ], [ 9.671937758530744, 44.683819097563827 ], [ 9.67229543150801, 44.6841950950962 ], [ 9.675212231522446, 44.687616775226353 ], [ 9.683732821129661, 44.680319195382005 ], [ 9.684207400176531, 44.678830952819553 ], [ 9.686661666738631, 44.675107266528435 ], [ 9.691751677442188, 44.67344711832218 ], [ 9.696542099994199, 44.67207664661872 ], [ 9.702011413182712, 44.671381476787758 ], [ 9.702629839333243, 44.671598234290144 ], [ 9.704631855779187, 44.672315095154417 ], [ 9.705978135944497, 44.67305397035863 ], [ 9.70656401964688, 44.67350946137956 ], [ 9.70696153810781, 44.674038148535303 ], [ 9.707007100717044, 44.674100754781797 ], [ 9.708752949166733, 44.675062311358985 ], [ 9.712300684450781, 44.676291563353878 ], [ 9.722996172181807, 44.678024839386843 ], [ 9.741466779725563, 44.679913922715826 ], [ 9.743258695750411, 44.679929283669217 ], [ 9.746558696747703, 44.67947565419788 ], [ 9.749564676827159, 44.678726769554771 ], [ 9.749989670440842, 44.678417891460001 ], [ 9.750480779091186, 44.678342650306014 ], [ 9.752398347860389, 44.678321035952692 ], [ 9.758083673326915, 44.678895594902912 ], [ 9.758741237675814, 44.679008264997535 ], [ 9.765156418648059, 44.681342079896737 ], [ 9.76556845929144, 44.681969489740155 ], [ 9.765803042658634, 44.697857036375972 ], [ 9.765598809914193, 44.698641600569715 ], [ 9.764836790492694, 44.701158365000325 ], [ 9.764581694943772, 44.701916273895648 ], [ 9.764130853319964, 44.702189353154886 ], [ 9.762166227027919, 44.705416302084323 ], [ 9.765967670838714, 44.710342144263279 ], [ 9.766613586240437, 44.710499851159149 ], [ 9.767330969781481, 44.710332992288215 ], [ 9.768036077489638, 44.710074913864283 ], [ 9.768196866693527, 44.70994007329076 ], [ 9.769129909423206, 44.709852764623427 ], [ 9.770015061080048, 44.709963836143459 ], [ 9.774967156140805, 44.711163662501114 ], [ 9.776044115418376, 44.711453420379357 ], [ 9.777261868907894, 44.711886255097347 ], [ 9.786966566009058, 44.717203162869573 ], [ 9.787552552238806, 44.717586220485039 ], [ 9.791090825360488, 44.722440998578989 ], [ 9.799383415650707, 44.731367534254311 ], [ 9.806883792715222, 44.734006463083134 ], [ 9.809223087263558, 44.735115192212568 ], [ 9.814820829860643, 44.738010132415035 ], [ 9.815266519628031, 44.738268014660918 ], [ 9.815803758881827, 44.738750295870226 ], [ 9.816264893607165, 44.73920612771952 ], [ 9.816652252872856, 44.739806513532159 ], [ 9.818108253002347, 44.74273983068101 ], [ 9.818317585995556, 44.743251459743142 ], [ 9.819877902815414, 44.749082718662521 ], [ 9.820068089195852, 44.750917803396412 ], [ 9.81884925935033, 44.751385675286009 ], [ 9.815668473241441, 44.753379918836849 ], [ 9.8150187883661, 44.75389768527905 ], [ 9.814562270950784, 44.754675148910344 ], [ 9.814303809606727, 44.755163110375037 ], [ 9.814219800910056, 44.755478790949851 ], [ 9.814144604567019, 44.757211608825294 ], [ 9.8143114620548, 44.757395614514245 ], [ 9.814515064945201, 44.757610200663137 ], [ 9.819752770398839, 44.761677755140092 ], [ 9.820623782899323, 44.761617479405743 ], [ 9.822331159458313, 44.75994878319726 ], [ 9.822641000699226, 44.759523451755868 ], [ 9.823260670609431, 44.758672765644633 ], [ 9.836469236721021, 44.758153679842955 ], [ 9.841027651729405, 44.760577811340589 ], [ 9.849783054971441, 44.766553492200494 ], [ 9.853756032472981, 44.767757152528731 ], [ 9.854262770822672, 44.767843388554333 ], [ 9.854920355908789, 44.767874473143642 ], [ 9.855247540755901, 44.767781997740094 ], [ 9.855396392673038, 44.76759185379337 ], [ 9.855689389691518, 44.76689648184685 ], [ 9.856132686316963, 44.76610995591524 ], [ 9.857672533509232, 44.764279967969635 ], [ 9.858146661392288, 44.763871300345144 ], [ 9.860997330992523, 44.762679545487302 ], [ 9.862119107058207, 44.762491050038896 ], [ 9.864035362844637, 44.762197492912023 ], [ 9.865006969065204, 44.762109107898389 ], [ 9.86690788170938, 44.762481806477901 ], [ 9.867783430786544, 44.762727201920931 ], [ 9.868482216250712, 44.762982969765318 ], [ 9.880661338966478, 44.768687123216743 ], [ 9.880988748448473, 44.769440772480465 ], [ 9.87950380749353, 44.774016345643439 ], [ 9.878874500034758, 44.775020432160467 ], [ 9.87814781449797, 44.775440124302968 ], [ 9.875585800071999, 44.778187460275205 ], [ 9.873285411440619, 44.781535886986752 ], [ 9.872520418212043, 44.782775043437915 ], [ 9.872599600222337, 44.783836693464956 ], [ 9.873333589198026, 44.784731299520054 ], [ 9.874379503614685, 44.78535345501593 ], [ 9.875335877088927, 44.785904255679256 ], [ 9.876079570065011, 44.786600724259813 ], [ 9.876479463996001, 44.787149311221647 ], [ 9.876673387042635, 44.787415373279543 ], [ 9.877264863332925, 44.789742400044645 ], [ 9.878111466540163, 44.793885885197092 ], [ 9.878146515576951, 44.795361987120977 ], [ 9.878278708146398, 44.796576246926968 ], [ 9.878635069392589, 44.797563745649427 ], [ 9.882167052921536, 44.803666998387357 ], [ 9.88252339924481, 44.803817286576432 ], [ 9.886029978587656, 44.804078202378392 ], [ 9.887203451177568, 44.803916050194481 ], [ 9.888683264285749, 44.803940551018513 ], [ 9.890394391740664, 44.804206293104251 ], [ 9.891839607774095, 44.804447078928078 ], [ 9.899036399811482, 44.807010276534491 ], [ 9.900325487483888, 44.807774302860381 ], [ 9.905015631111947, 44.810113792410277 ], [ 9.91901948739765, 44.821551699967749 ], [ 9.927393813389813, 44.828712706431183 ], [ 9.936911558814737, 44.836817926178782 ], [ 9.937637292958554, 44.837100036597924 ], [ 9.93794874459028, 44.837181399903827 ], [ 9.938539410005223, 44.837335690117349 ], [ 9.939491841079796, 44.837552911023394 ], [ 9.940543131433714, 44.837625265987164 ], [ 9.94161915186468, 44.837661420261675 ], [ 9.948491470231694, 44.837713139125974 ], [ 9.952538375105339, 44.839992431477121 ], [ 9.953352484202526, 44.840255694000625 ], [ 9.954164967594973, 44.840419940412907 ], [ 9.955177206371481, 44.840420494716682 ], [ 9.956528771409785, 44.840283151311837 ], [ 9.957712429320582, 44.839940141256456 ], [ 9.958893411184899, 44.83943512389078 ], [ 9.959793197993726, 44.838761405016633 ], [ 9.960663614434356, 44.837844880851577 ], [ 9.961582080590755, 44.836774887620535 ], [ 9.962684957148559, 44.836144457053727 ], [ 9.963845009115513, 44.835909618225301 ], [ 9.965100512938967, 44.836088062015229 ], [ 9.966518045110451, 44.836877259740085 ], [ 9.967773139691776, 44.837784850152239 ], [ 9.968414550707227, 44.838310525548323 ], [ 9.97042562135943, 44.840534977017171 ], [ 9.970685603429795, 44.840946864524525 ], [ 9.970934278650896, 44.841439876068641 ], [ 9.971502289562464, 44.842110200623402 ], [ 9.972018475346104, 44.842708951482528 ], [ 9.973115432799785, 44.843230721543911 ], [ 9.974259547682232, 44.843545037900334 ], [ 9.986681659530698, 44.845562886954049 ], [ 9.98676403365949, 44.845940249781712 ], [ 9.986797775491031, 44.846435082481918 ], [ 9.98672738660359, 44.846759763996019 ], [ 9.986133788521924, 44.849051414654966 ], [ 9.985929154546994, 44.849665339931796 ], [ 9.984916781824349, 44.851150415886714 ], [ 9.984331719764848, 44.851722579021839 ], [ 9.983811610233804, 44.853878573371986 ], [ 9.983309932395629, 44.856376471194892 ], [ 9.983259206375685, 44.857115077571237 ], [ 9.98350793345123, 44.857599042453508 ], [ 9.984054546127656, 44.858093643608818 ], [ 9.984099248498666, 44.858134076802195 ], [ 9.991954157186008, 44.86522274786666 ], [ 9.994636961416596, 44.867386924367878 ], [ 9.995429758651204, 44.867848111701434 ], [ 10.00325577808003, 44.872388676001002 ], [ 10.004016811984949, 44.872472011302804 ], [ 10.004854405527196, 44.872590674549983 ], [ 10.005491675339934, 44.872745846578496 ], [ 10.005960511547768, 44.872860003527315 ], [ 10.006724222879058, 44.873096317919725 ], [ 10.008240562871402, 44.873659071092 ], [ 10.008814273096393, 44.873888070150201 ], [ 10.009478456869722, 44.874224265873316 ], [ 10.009978266753924, 44.874570927237912 ], [ 10.010493909498233, 44.875097493123846 ], [ 10.010895913004193, 44.875643057901456 ], [ 10.011017416926791, 44.876074071162627 ], [ 10.011363194811254, 44.880635051894295 ], [ 10.012340521460709, 44.887900031294876 ], [ 10.009620909203989, 44.89066228193569 ], [ 10.009331544244105, 44.89695569239715 ], [ 10.002521805989923, 44.904478360249243 ], [ 10.001804600447038, 44.904754706640524 ], [ 9.999309470352841, 44.904767571988486 ], [ 9.998902165032922, 44.904654102342704 ], [ 9.99775105367056, 44.904745194291763 ], [ 9.996697951255403, 44.905375520977856 ], [ 9.996297955837402, 44.905685087246638 ], [ 9.994075059843389, 44.907531863985511 ], [ 9.993913501394642, 44.907713298986465 ], [ 9.992716588296403, 44.9132419430141 ], [ 9.992637372351465, 44.913791750847821 ], [ 9.99262104085866, 44.914314001307304 ], [ 9.992729500382298, 44.914727152171196 ], [ 9.996451585536198, 44.923372641282214 ], [ 9.997094172807905, 44.924627319936953 ], [ 9.99788881118617, 44.925880648102812 ], [ 9.998280448805223, 44.926543374130624 ], [ 9.998999401366712, 44.928544530989242 ], [ 9.999124497460063, 44.929182556667662 ], [ 9.998687430321766, 44.92955546864102 ], [ 9.993333664524691, 44.932878874755545 ], [ 9.991801739732951, 44.933702378848558 ], [ 9.987408784714029, 44.935931789316378 ], [ 9.989642577774783, 44.940805642509545 ], [ 9.994092717626621, 44.948958756283446 ], [ 9.994970466555776, 44.951336633280029 ], [ 9.994976531779406, 44.951687637705128 ], [ 9.994531265091322, 44.952330652038839 ], [ 9.994200363638431, 44.952990684635239 ], [ 9.994162534581848, 44.955205484142951 ], [ 9.999958625816031, 44.963364635635998 ], [ 10.004420418831867, 44.968366537827514 ], [ 10.005036693804493, 44.968802213181824 ], [ 10.007780967877096, 44.969822254549527 ], [ 10.016070956165034, 44.973934659917802 ], [ 10.028660761414184, 44.980834414805386 ], [ 10.030039439781069, 44.982037243832224 ], [ 10.03062448234874, 44.982833131704972 ], [ 10.030888455205881, 44.983406869332441 ], [ 10.031023024036342, 44.983837755226922 ], [ 10.033383408600885, 44.986724028835241 ], [ 10.035136919425343, 44.991119068064421 ], [ 10.033669714228839, 44.994183985932949 ], [ 10.034007640076121, 45.000761292298854 ], [ 10.037606685336064, 45.007065950900731 ], [ 10.039488563002767, 45.01218887623633 ], [ 10.041590939190103, 45.015455395259316 ], [ 10.042054817069102, 45.016540384113227 ], [ 10.042774343095424, 45.018424199240293 ], [ 10.043162938398744, 45.019554870939437 ], [ 10.043502984490745, 45.02150516056124 ], [ 10.043793768331449, 45.02353692301579 ], [ 10.043865139340101, 45.024670491389237 ], [ 10.043953402035831, 45.025335823231885 ], [ 10.044559253290299, 45.027617657267925 ], [ 10.04545946984458, 45.029247207120605 ], [ 10.048277789088131, 45.031372434029954 ], [ 10.056893135143444, 45.037342233400672 ], [ 10.057622820418951, 45.037668536860338 ], [ 10.058860793432549, 45.038017148199309 ], [ 10.063744260663215, 45.039141986573703 ], [ 10.065618185375941, 45.039547594693694 ], [ 10.069660899368543, 45.040509011118033 ], [ 10.081817272541317, 45.043500111266823 ], [ 10.083474628023991, 45.043963804783658 ], [ 10.083943246862662, 45.03437013641949 ], [ 10.084004060004997, 45.033532482213019 ], [ 10.084133169387139, 45.032928766531072 ], [ 10.084486293002371, 45.032386431645712 ], [ 10.089101365723907, 45.027192276918072 ], [ 10.090434132828568, 45.025873710567986 ], [ 10.09166857270489, 45.024701054591361 ], [ 10.092877615079251, 45.023762033566619 ], [ 10.094740527575631, 45.023383932112132 ], [ 10.102819845608268, 45.022406010075969 ], [ 10.105227570116416, 45.02220269693197 ], [ 10.106190811475324, 45.022130358597124 ], [ 10.12868034748298, 45.029138734594241 ], [ 10.130660939558711, 45.029839090796543 ], [ 10.140914858907525, 45.032833923485704 ], [ 10.142319812140816, 45.033260960507896 ], [ 10.143302607065893, 45.033630886023865 ], [ 10.143637370846031, 45.033760883088583 ], [ 10.146733991564123, 45.034981077723671 ], [ 10.147661974018035, 45.035486159701946 ], [ 10.148930050313735, 45.036876515985497 ], [ 10.152413125439468, 45.040839266324127 ], [ 10.153627600662416, 45.041923698473035 ], [ 10.155041792970874, 45.043007646775465 ], [ 10.156457300187796, 45.043731785004631 ], [ 10.15772135791468, 45.044079043589718 ], [ 10.161003396593578, 45.044378787828173 ], [ 10.163073934610134, 45.044420732398088 ], [ 10.164773426523491, 45.044322393239348 ], [ 10.167854521729243, 45.043480759502089 ], [ 10.168750169928542, 45.043192542945626 ], [ 10.170610091440059, 45.042047480396612 ], [ 10.172486508312149, 45.04025533960948 ], [ 10.174248181182831, 45.038274336042655 ], [ 10.17485679513641, 45.037008223238217 ], [ 10.175071283563859, 45.035728195570591 ], [ 10.174889888917436, 45.034886312217488 ], [ 10.174749152337082, 45.034246906092584 ], [ 10.180088541659984, 45.030824476485769 ], [ 10.180945968829549, 45.030462927754911 ], [ 10.182758006511555, 45.029766153858759 ], [ 10.184371214564651, 45.029200324946579 ], [ 10.187295914886898, 45.028215758055218 ], [ 10.192903795857506, 45.028076296438847 ], [ 10.19395902865552, 45.028155279573099 ], [ 10.202015307779181, 45.030483246704463 ], [ 10.204498191780951, 45.031330262318747 ], [ 10.210567837847327, 45.033813584465072 ], [ 10.211067558052489, 45.034031827374505 ], [ 10.229014637831936, 45.027909380903559 ], [ 10.24218269267233, 45.022832399251847 ], [ 10.243185627589664, 45.02225586347906 ], [ 10.246829510492695, 45.020550795829912 ], [ 10.248074805440417, 45.020033093735307 ], [ 10.248822262404225, 45.019801636872103 ], [ 10.24931030556189, 45.019650509086802 ], [ 10.250547581519562, 45.019348905944945 ], [ 10.252090338597647, 45.019088954132165 ], [ 10.252870129915085, 45.018956388174487 ], [ 10.253278993691955, 45.018886872627462 ], [ 10.254086172465687, 45.018652965889338 ], [ 10.255857183483448, 45.01780533192278 ], [ 10.256521022574663, 45.017401945548855 ], [ 10.256779259839897, 45.017234519241441 ], [ 10.257509649963366, 45.016760937740393 ], [ 10.258484142374451, 45.01605706378912 ], [ 10.260030522103106, 45.014230632908671 ], [ 10.26056843804934, 45.013297506215523 ], [ 10.260788322766288, 45.01290800034387 ], [ 10.262581792481352, 45.009629523480534 ], [ 10.265114491422, 45.004778006220313 ], [ 10.274466594177547, 44.997930114237143 ], [ 10.275707233677819, 44.997808245511521 ], [ 10.277103892077012, 44.997855637060105 ], [ 10.283727616440988, 44.998465506276503 ], [ 10.288284695268219, 44.99913433108896 ], [ 10.289470598041209, 44.99939999689839 ], [ 10.291848644819007, 44.999952388933288 ], [ 10.293502375844428, 45.000398619635703 ], [ 10.294238007629948, 45.000426544741153 ], [ 10.294378443530521, 45.000424696349818 ], [ 10.299856356136393, 45.00028145316405 ], [ 10.30052579092478, 45.000147803716224 ], [ 10.302987653521491, 44.999606630985589 ], [ 10.303782285775879, 44.999399514731756 ], [ 10.304687589325438, 44.999038101152991 ], [ 10.30554419230894, 44.99820915145704 ], [ 10.309748730163729, 44.993417014549046 ], [ 10.310005849275571, 44.993008985227583 ], [ 10.309941792785086, 44.992424595262648 ], [ 10.309191964665908, 44.989579605071071 ], [ 10.308655367859942, 44.987740375397763 ], [ 10.308900794774493, 44.98737748108978 ], [ 10.310848209387173, 44.986553976777728 ], [ 10.31458065263074, 44.985025755843552 ], [ 10.317081527546847, 44.984006726375355 ], [ 10.318230722752265, 44.983784932385205 ], [ 10.319815652372263, 44.983759118234005 ], [ 10.321537343641342, 44.983613176095588 ], [ 10.323793551070604, 44.982992918308454 ], [ 10.329007345600486, 44.98137502127895 ], [ 10.330769662160604, 44.980796386805153 ], [ 10.332752701232996, 44.979891065235563 ], [ 10.33597317890341, 44.978206094043664 ], [ 10.337426019399375, 44.977414917386611 ], [ 10.339287586379767, 44.976204851401086 ], [ 10.342773845043567, 44.973427331322149 ], [ 10.344514140964876, 44.971921536893539 ], [ 10.345990821380489, 44.970535856984277 ], [ 10.347273876290959, 44.969548516450175 ], [ 10.348861571533501, 44.968575567885487 ], [ 10.350014587828321, 44.967994825505748 ], [ 10.351422585707224, 44.967474058708738 ], [ 10.355284577988295, 44.966159017890774 ], [ 10.356899992581655, 44.965833770152273 ], [ 10.358516023034122, 44.965535490030049 ], [ 10.35883187494546, 44.965486729066924 ], [ 10.359957114192165, 44.96534730520353 ], [ 10.361430347387801, 44.965446769548755 ], [ 10.362184312265722, 44.965510151573532 ], [ 10.363399707709812, 44.965612313244023 ], [ 10.365288026395548, 44.966102859451169 ], [ 10.367968028359874, 44.967358059429564 ], [ 10.369304871673158, 44.96811619541365 ], [ 10.373119573139654, 44.970680936781008 ], [ 10.376265895989027, 44.973388629725982 ], [ 10.379386090766378, 44.976051547756327 ], [ 10.382100752976905, 44.978188172383618 ], [ 10.383365843522615, 44.979109051357909 ], [ 10.385499883780541, 44.980298433546771 ], [ 10.386808649715494, 44.980917471268825 ], [ 10.38774512943213, 44.981360394096427 ], [ 10.389797840867008, 44.982325634251929 ], [ 10.39111801436245, 44.982802000658467 ], [ 10.391704363390824, 44.983013567826177 ], [ 10.393238177237444, 44.98349745884525 ], [ 10.395389604273797, 44.984080318647806 ], [ 10.397237029973283, 44.984417795987419 ], [ 10.399284957671552, 44.98465377949249 ], [ 10.401293526634504, 44.984836189495816 ], [ 10.403486408302212, 44.984773251691308 ], [ 10.405673992142168, 44.984494287573689 ], [ 10.407996488208029, 44.983835275174037 ], [ 10.409909022056295, 44.982884251818128 ], [ 10.411646133070361, 44.981827756744771 ], [ 10.41341692012946, 44.980599529962447 ], [ 10.414335610157021, 44.979845739844798 ], [ 10.414585600965184, 44.979639979377566 ], [ 10.416767804868924, 44.977650012430907 ], [ 10.418532397083993, 44.97513504320932 ], [ 10.419256190330398, 44.973622963664113 ], [ 10.422125504458679, 44.965494644853045 ], [ 10.425163175859579, 44.960208219685349 ], [ 10.426558537360803, 44.958138826207382 ], [ 10.430237739399468, 44.95199325729758 ], [ 10.430374150138768, 44.951483616410563 ], [ 10.430769994801636, 44.950065357983163 ], [ 10.431180346056905, 44.948709949823076 ], [ 10.431837991925528, 44.947072790252307 ], [ 10.432722264434402, 44.945990092569538 ], [ 10.434004443330016, 44.944516178252378 ], [ 10.43566837743799, 44.943136474601189 ], [ 10.437757352597346, 44.942047716976646 ], [ 10.43995128807825, 44.941262368475734 ], [ 10.441656348498491, 44.940836472089636 ], [ 10.451628629513822, 44.940547169730209 ], [ 10.460942782106553, 44.938229176903619 ], [ 10.462999195497689, 44.937535741591304 ], [ 10.464002831431912, 44.937178970937055 ], [ 10.471181887314758, 44.934126995625576 ], [ 10.47532005213241, 44.932408221527119 ], [ 10.477464934269443, 44.931543307477845 ], [ 10.481243451224168, 44.930144061800313 ], [ 10.488623261840452, 44.927865111716294 ], [ 10.492545491585076, 44.92665266086842 ], [ 10.498526953433574, 44.924728020174022 ], [ 10.502780482626436, 44.923079648451541 ], [ 10.504315232298703, 44.922427602652355 ], [ 10.499428257305262, 44.917997101277869 ], [ 10.492502453513707, 44.912758680283936 ], [ 10.49195207030578, 44.912081711041992 ], [ 10.491595926567705, 44.911537246981815 ], [ 10.49161832381434, 44.910933817706749 ], [ 10.491731463386602, 44.910410230375852 ], [ 10.492023032329014, 44.909929313617454 ], [ 10.492838731879482, 44.909630586851506 ], [ 10.493928262536476, 44.909634349780958 ], [ 10.494226937892268, 44.906983850042501 ], [ 10.486465271623972, 44.900266150667868 ], [ 10.485306569198723, 44.900029171483425 ], [ 10.484498779102461, 44.900138695872087 ], [ 10.483442399155487, 44.90043149311137 ], [ 10.482406038124502, 44.901012067059646 ], [ 10.481458086022386, 44.901582503135685 ], [ 10.480648008345554, 44.902097129265414 ], [ 10.479719324230903, 44.902433238207912 ], [ 10.478822854746355, 44.902543872489041 ], [ 10.477820017066879, 44.902457836417803 ], [ 10.467282877473878, 44.899519550814965 ], [ 10.465726287055846, 44.8990714318427 ], [ 10.464855027410668, 44.898677516804845 ], [ 10.464159897941295, 44.898236334418797 ], [ 10.463730211512624, 44.897773750114787 ], [ 10.460009709456358, 44.887919159385923 ], [ 10.459930941452528, 44.887308030792354 ], [ 10.460153691319915, 44.8866030239545 ], [ 10.460942312571095, 44.886241856571999 ], [ 10.466255730707378, 44.882590939902542 ], [ 10.474312952502878, 44.8758166874591 ], [ 10.467862117112837, 44.870575100288612 ], [ 10.467092797342589, 44.859260398668056 ], [ 10.465248874012417, 44.854458966158617 ], [ 10.464851283502004, 44.853752907667605 ], [ 10.464314105944284, 44.853030626441281 ], [ 10.463926116834445, 44.852702532244031 ], [ 10.463359440603568, 44.85231369212913 ], [ 10.462358634742371, 44.852272515730128 ], [ 10.458850563617977, 44.851169624933789 ], [ 10.454026385761047, 44.84808042216693 ], [ 10.453330824736343, 44.847594172905403 ], [ 10.452653235418422, 44.846878121510734 ], [ 10.452653320338726, 44.846315501359506 ], [ 10.452858227241096, 44.845691720673571 ], [ 10.452935429563766, 44.845456708485358 ], [ 10.453468469349168, 44.844513712290912 ], [ 10.454900316821035, 44.838058984275513 ], [ 10.455167367872367, 44.832991886952399 ], [ 10.455094190077538, 44.831624512929245 ], [ 10.45498102153778, 44.831148841715454 ], [ 10.454716078022596, 44.830675104119521 ], [ 10.449982827220557, 44.8281697135548 ], [ 10.44936046071081, 44.828069578282587 ], [ 10.448845823119878, 44.82822914935322 ], [ 10.448325954666712, 44.828685849085062 ], [ 10.447820750057486, 44.829223388165801 ], [ 10.447327572417102, 44.82922964056138 ], [ 10.446520718542409, 44.828834764449653 ], [ 10.445966808980423, 44.828436678777429 ], [ 10.440985244298746, 44.823971603280206 ], [ 10.440643561478582, 44.822949672973792 ], [ 10.440872785077252, 44.821488430912652 ], [ 10.441527100683462, 44.82033691587479 ], [ 10.442075667247481, 44.819609811141007 ], [ 10.439038567287549, 44.812329394211808 ], [ 10.4374940160683, 44.808189861913782 ], [ 10.437282158057664, 44.806788206879773 ], [ 10.437459821333608, 44.805795735372342 ], [ 10.437524878953239, 44.805022153896353 ], [ 10.437576853466432, 44.804398922725859 ], [ 10.437695137958141, 44.802542991686963 ], [ 10.437708364341239, 44.801039466636333 ], [ 10.437334546719837, 44.800242981720459 ], [ 10.436985012674489, 44.799914308010251 ], [ 10.436085570395351, 44.79984459762963 ], [ 10.433175717064472, 44.799773137647399 ], [ 10.432367207721844, 44.799801279192842 ], [ 10.431395934544026, 44.799894486375884 ], [ 10.428830254480628, 44.799935618592571 ], [ 10.424840927758643, 44.799670393443478 ], [ 10.424241099423297, 44.799443824524076 ], [ 10.424027138594949, 44.799203429553906 ], [ 10.423837968486694, 44.798989747909417 ], [ 10.423515133240027, 44.798201580291433 ], [ 10.423359301314273, 44.797006241602709 ], [ 10.423178229829837, 44.795298080233216 ], [ 10.424193987554801, 44.784680868196212 ], [ 10.425498086697699, 44.779632380545706 ], [ 10.426491656143215, 44.776352167136139 ], [ 10.427286296300139, 44.773722610783977 ], [ 10.427606322270211, 44.770297775895585 ], [ 10.427463152627565, 44.769615390116257 ], [ 10.427130030412981, 44.768917381940653 ], [ 10.426816866572823, 44.766976831036615 ], [ 10.427435597917595, 44.759776331092233 ], [ 10.427554369638891, 44.758955639641378 ], [ 10.427688886646733, 44.758260797438361 ], [ 10.4279102425464, 44.757501837794479 ], [ 10.428250379798047, 44.756948450763026 ], [ 10.428641914872472, 44.756430426940334 ], [ 10.429005956094736, 44.755822720265762 ], [ 10.429243702219354, 44.755216593282405 ], [ 10.429543676308983, 44.754060554346147 ], [ 10.429697634973342, 44.753131398197311 ], [ 10.42960766623232, 44.752556380815072 ], [ 10.429469387495846, 44.752071996422373 ], [ 10.428769402012417, 44.74981219495902 ], [ 10.428339334288257, 44.748764313304413 ], [ 10.426111247525537, 44.743948968080055 ], [ 10.425122419614056, 44.740720511732711 ], [ 10.425032523592018, 44.740145490442977 ], [ 10.425215965585393, 44.739387006928432 ], [ 10.425652830656277, 44.738661382829505 ], [ 10.426359487580742, 44.738121417671401 ], [ 10.427535538523337, 44.737665604702471 ], [ 10.430498259929056, 44.736935367009544 ], [ 10.43184237074761, 44.73663944476251 ], [ 10.433122908783046, 44.736326310769201 ], [ 10.434389893356991, 44.735977306294167 ], [ 10.435216315786526, 44.735687848151208 ], [ 10.439910147846891, 44.731946832405015 ], [ 10.440553027936398, 44.731389589225827 ], [ 10.441021383551238, 44.730924570960717 ], [ 10.441464918855898, 44.730477857918181 ], [ 10.444829134866579, 44.7276356450568 ], [ 10.445422326932254, 44.727115008507489 ], [ 10.445903898056097, 44.726676792486998 ], [ 10.446256526952787, 44.726132190522833 ], [ 10.447070855627425, 44.723340171096268 ], [ 10.447337053250401, 44.719330791992704 ], [ 10.447141318056598, 44.718063964565879 ], [ 10.447055707690948, 44.717668939334629 ], [ 10.44659131023343, 44.716765600669937 ], [ 10.445794242199433, 44.715686421337004 ], [ 10.436626664845781, 44.704167374364161 ], [ 10.429263552252202, 44.695009213328596 ], [ 10.428785701087776, 44.694373190960604 ], [ 10.42851981548622, 44.694019269116197 ], [ 10.422884204151826, 44.683953021136546 ], [ 10.421838109747432, 44.681940534824214 ], [ 10.418960630604696, 44.676232849927494 ], [ 10.415390953620649, 44.666857267192256 ], [ 10.413769763691482, 44.665863521984726 ], [ 10.41386308490784, 44.663962857450784 ], [ 10.414804275617989, 44.657442502339698 ], [ 10.416289629031752, 44.646796789295657 ], [ 10.416955278328635, 44.640374339415004 ], [ 10.416782117278547, 44.63947623322467 ], [ 10.414501999789318, 44.6289897108012 ], [ 10.414486155564166, 44.628953898972384 ], [ 10.414441213425532, 44.628855431156637 ], [ 10.413079504006987, 44.625892495777066 ], [ 10.411061695636441, 44.622118425185086 ], [ 10.409932756201185, 44.620718993455817 ], [ 10.408915069795569, 44.619813301860788 ], [ 10.402610357426399, 44.616442987655702 ], [ 10.402490472788298, 44.614144853688067 ], [ 10.402335214903951, 44.601180078807019 ], [ 10.403324728560905, 44.597426682541261 ], [ 10.403508536579766, 44.595499782088204 ], [ 10.403064421710486, 44.5938107474446 ], [ 10.402439939007992, 44.593007226227463 ], [ 10.402014479091138, 44.592172422964438 ], [ 10.401099268497587, 44.590184489199515 ], [ 10.399555177166683, 44.586719174093091 ], [ 10.399131875759812, 44.585481242204381 ], [ 10.398724791111961, 44.583739741689655 ], [ 10.399132433111847, 44.582879507007014 ], [ 10.399889504886715, 44.581357817900077 ], [ 10.400461483239337, 44.580453232508539 ], [ 10.4005205610173, 44.580359806014272 ], [ 10.401210151642065, 44.579703172692135 ], [ 10.401930929364994, 44.577722774621115 ], [ 10.402275048244233, 44.57592229784737 ], [ 10.402367245693112, 44.575439790919162 ], [ 10.40270677197665, 44.570178172278247 ], [ 10.402191719314288, 44.56446790391972 ], [ 10.401660174401071, 44.563081965829596 ], [ 10.401600637915884, 44.562926736922286 ], [ 10.400825495369658, 44.561585876715711 ], [ 10.399876555214233, 44.560346167309085 ], [ 10.398719109791809, 44.559271046717541 ], [ 10.396955571542865, 44.557663179106477 ], [ 10.384752036289186, 44.548926325612484 ], [ 10.373586827244267, 44.545145082328141 ], [ 10.372003173444803, 44.545218141558529 ], [ 10.368242835688143, 44.544768111569866 ], [ 10.363328131308105, 44.542927365850481 ], [ 10.362114264441542, 44.542122612462414 ], [ 10.361456526227924, 44.541446270565558 ], [ 10.354536914109493, 44.532850109135836 ], [ 10.353995367709931, 44.531749208955155 ], [ 10.353458520208587, 44.530306167652675 ], [ 10.353420144520298, 44.529973517232456 ], [ 10.344791637707017, 44.527113624686478 ], [ 10.343758684715315, 44.526522609873098 ], [ 10.342456588921589, 44.525718684070519 ], [ 10.341940667662072, 44.525103578879126 ], [ 10.341484428126764, 44.524415734720932 ], [ 10.341180418917698, 44.523780123885921 ], [ 10.34087967485536, 44.523006690272538 ], [ 10.340190843864308, 44.521235028633363 ], [ 10.339652376514765, 44.51970188977441 ], [ 10.338463751091922, 44.516150815350848 ], [ 10.338144011050794, 44.512076400483025 ], [ 10.338244221310694, 44.511508058068813 ], [ 10.339216466607818, 44.508363757364478 ], [ 10.339951288505967, 44.506256602873655 ], [ 10.340031898240481, 44.506067541856552 ], [ 10.339905731885786, 44.505501853614582 ], [ 10.3356137474221, 44.496729576752053 ], [ 10.335154319435919, 44.495888711888156 ], [ 10.332124148057247, 44.487650687373836 ], [ 10.332424738715407, 44.487044020960411 ], [ 10.33240609102381, 44.486224991746319 ], [ 10.332172889626491, 44.48537245832248 ], [ 10.331606609385494, 44.484802896717227 ], [ 10.325579770093658, 44.480083625775201 ], [ 10.32488931703387, 44.479578488712207 ], [ 10.324009500862449, 44.479039516929987 ], [ 10.322770005951408, 44.478720790696492 ], [ 10.314004641943034, 44.475274943514052 ], [ 10.303133792726287, 44.470144359725971 ], [ 10.30008226976617, 44.468817341735679 ], [ 10.297169100692088, 44.467275009633433 ], [ 10.295649525392305, 44.466211954690849 ], [ 10.294512636005919, 44.465396602162954 ], [ 10.288814602809833, 44.461823968777502 ], [ 10.285430386478449, 44.459980551678349 ], [ 10.284275126640985, 44.459462403212704 ], [ 10.276354800887514, 44.457642627241718 ], [ 10.27548457593584, 44.457508315969491 ], [ 10.27430329821877, 44.45752150328051 ], [ 10.273110072094896, 44.457561804485287 ], [ 10.27303083158686, 44.457569878317379 ], [ 10.272018909251111, 44.457672991865415 ], [ 10.270991582182374, 44.457792473722513 ], [ 10.26981831438081, 44.458138618747142 ], [ 10.268656987794852, 44.458493631688214 ], [ 10.267553263874962, 44.458604915020061 ], [ 10.266971096304939, 44.458422317671932 ], [ 10.256243042628597, 44.452797136136411 ], [ 10.255427843186425, 44.452292949301366 ], [ 10.254648626094827, 44.451707327537839 ], [ 10.238610653794881, 44.438594430576039 ], [ 10.236075802440567, 44.435777038915504 ], [ 10.230982766153803, 44.429629177893439 ], [ 10.230591004167318, 44.428922189776181 ], [ 10.229728414321976, 44.426730312181412 ], [ 10.229651768317384, 44.426033441031947 ], [ 10.229819118885153, 44.425626510729764 ], [ 10.225739125455014, 44.414344935698921 ], [ 10.224893909051072, 44.412364401942668 ], [ 10.223811281302316, 44.410440408942414 ], [ 10.223155555968201, 44.409673201511055 ], [ 10.221163000437249, 44.408074040933819 ], [ 10.218770471632467, 44.40595694334494 ], [ 10.213972320435033, 44.401632703439802 ], [ 10.20983560758167, 44.39707618346339 ], [ 10.208846485357393, 44.395385137277607 ], [ 10.208445272300363, 44.394804208657341 ], [ 10.208262365705282, 44.394572077249286 ], [ 10.208071407817229, 44.39433101526032 ], [ 10.205749347895779, 44.392536990940421 ], [ 10.205252758036764, 44.392200121883263 ], [ 10.191899059298709, 44.387487781389069 ], [ 10.19119407990036, 44.387315073183416 ], [ 10.174275568617464, 44.383610087191713 ], [ 10.173268757108161, 44.383485396231023 ], [ 10.172464217187398, 44.383430638428024 ], [ 10.171571999944936, 44.38338577275335 ], [ 10.170433133942735, 44.383523489763213 ], [ 10.169636125212678, 44.383846755838618 ], [ 10.167815975657227, 44.384486566479296 ], [ 10.166948682159083, 44.384432412379134 ], [ 10.166392288456725, 44.384231040225544 ], [ 10.162555492328398, 44.382487602834445 ], [ 10.159941948336117, 44.38078621573117 ], [ 10.157361226254224, 44.379371375013768 ], [ 10.153416058478163, 44.375315011511226 ], [ 10.148298449823638, 44.369640793836325 ], [ 10.147694616320244, 44.368926647106825 ], [ 10.147308663446116, 44.368444376354915 ], [ 10.145680927828087, 44.366065963901264 ], [ 10.145655378450883, 44.365400008262348 ], [ 10.145729700748937, 44.364706039333932 ], [ 10.143992791395242, 44.357314133871277 ], [ 10.142034727843638, 44.353867637999677 ], [ 10.135522375699432, 44.3539460699565 ], [ 10.134385590142838, 44.354186938800893 ], [ 10.13325791533639, 44.354270153258298 ], [ 10.126791327943986, 44.353929013270587 ], [ 10.121112769264158, 44.353516745942052 ], [ 10.119792784868356, 44.353385655975181 ], [ 10.112372309234079, 44.35169361255808 ], [ 10.105060638511889, 44.349801964891242 ], [ 10.104065690041134, 44.349496485949444 ], [ 10.103015167232153, 44.349092505658007 ], [ 10.102220048196825, 44.348758079909643 ], [ 10.101672570723732, 44.348430250497373 ], [ 10.098985744047013, 44.346167534604398 ], [ 10.098272854462346, 44.346293314231431 ], [ 10.097092119708776, 44.346889846476316 ], [ 10.09577825168598, 44.347748723099784 ], [ 10.094949367712244, 44.348377873001247 ], [ 10.09416484942318, 44.349348695465359 ], [ 10.093272214022726, 44.350599638636091 ], [ 10.092678603900362, 44.351739673837599 ], [ 10.092025593646378, 44.352385122537058 ], [ 10.090361717086878, 44.353220280592666 ], [ 10.084308672447348, 44.355744686124467 ], [ 10.080735226392081, 44.357128979865472 ], [ 10.079881380281652, 44.357056027278517 ], [ 10.078848753046239, 44.356876724117946 ], [ 10.07808372844892, 44.356707437819445 ], [ 10.074472796497545, 44.359141681929366 ], [ 10.065538237430346, 44.363969875817752 ], [ 10.064917547478563, 44.364344785342027 ], [ 10.064388329580467, 44.364898888858477 ], [ 10.063990001504115, 44.365685842253434 ], [ 10.063776359832408, 44.36636304482878 ], [ 10.062514988480604, 44.368094326889789 ], [ 10.05818685742269, 44.370961391021744 ], [ 10.057105457278331, 44.371547586237128 ], [ 10.053178292519224, 44.373033329550282 ], [ 10.045705202257999, 44.373435095354814 ], [ 10.039809455419856, 44.376450853208716 ], [ 10.037194711050841, 44.378365218255453 ], [ 10.035754055579437, 44.379242561918645 ], [ 10.034623024459886, 44.379883004574147 ], [ 10.031942472247675, 44.380816543098099 ], [ 10.030867167997942, 44.381150355326881 ], [ 10.027851897652425, 44.381636669307362 ], [ 10.026622009233067, 44.381746762599633 ], [ 10.025282454819935, 44.381956863256804 ], [ 10.022333609398565, 44.382658506785866 ], [ 10.021696590860563, 44.382934288668835 ], [ 10.021002605187817, 44.383453652849369 ], [ 10.016483339320256, 44.386951036494544 ], [ 10.015738115726313, 44.387174709356692 ], [ 10.012213445438357, 44.388330377916084 ], [ 10.010043161079102, 44.389159840132891 ], [ 9.996669924388559, 44.397127762334897 ], [ 9.996563778007159, 44.398272036057399 ], [ 9.996192876145251, 44.399238567502941 ], [ 9.995838697997844, 44.399826843042533 ], [ 9.993975124861862, 44.401751660026349 ], [ 9.993441619770914, 44.402134420331159 ], [ 9.990857024029987, 44.403759365703451 ], [ 9.990247529914063, 44.404106759733999 ], [ 9.989284720088474, 44.404331168942896 ], [ 9.991000358149087, 44.409249814486692 ], [ 9.992337165254758, 44.411803991431611 ], [ 9.992595325205849, 44.412215876371661 ], [ 9.993851183294508, 44.413690405115297 ], [ 9.996526528331472, 44.415908778283487 ], [ 9.997085540444196, 44.416282016956792 ], [ 9.998665780481149, 44.417591610326397 ], [ 10.002115664135818, 44.421009446511071 ], [ 10.006754782968441, 44.429989391747064 ], [ 10.00695916666179, 44.430824841211411 ], [ 10.007042002611721, 44.431350775402869 ], [ 10.006937090071208, 44.431734306687055 ], [ 10.004705492433569, 44.436507404073325 ], [ 10.004317498964394, 44.437330067697594 ], [ 10.001018024935927, 44.44324681009541 ], [ 10.000387826978841, 44.443873515547097 ], [ 9.996937294303477, 44.446496467400728 ], [ 9.996329746563374, 44.446888884800622 ], [ 9.996040384303379, 44.446963428246299 ], [ 9.995068838971767, 44.446620790763419 ], [ 9.994169662841674, 44.44621449742634 ], [ 9.993585395752005, 44.44585047527611 ], [ 9.992939230190796, 44.445540999532085 ], [ 9.988437051302489, 44.44535498618248 ], [ 9.980666157480288, 44.445043860969371 ], [ 9.976154169749101, 44.447918371530832 ], [ 9.972904419202425, 44.450601899835839 ], [ 9.971976646009676, 44.451402029580287 ], [ 9.971449267145381, 44.452189755621845 ], [ 9.969809433911015, 44.457812368441964 ], [ 9.971256808587738, 44.463246692104754 ], [ 9.971002573047064, 44.463843034493287 ], [ 9.97071272280728, 44.464439669966005 ], [ 9.970409374844355, 44.464522904386229 ], [ 9.970137062900136, 44.464597608947152 ], [ 9.954059542287574, 44.468451153715591 ], [ 9.930920321018597, 44.47176604148224 ], [ 9.92430594488995, 44.472368924664721 ], [ 9.923300246758938, 44.472377059456903 ], [ 9.922054912980574, 44.472288091988148 ], [ 9.92114525044877, 44.472007347471809 ], [ 9.920234593746565, 44.471663584522958 ], [ 9.919082854735485, 44.471177716168278 ], [ 9.918196666774456, 44.470788720889537 ], [ 9.914203995606442, 44.46952437181929 ], [ 9.909226643967116, 44.467961629165096 ], [ 9.908800222093474, 44.468028043251252 ], [ 9.905625990604291, 44.46925960912013 ], [ 9.903345135284855, 44.470394005414022 ], [ 9.899950492260599, 44.472707491373264 ], [ 9.893806259744871, 44.470581594772803 ], [ 9.892644098214863, 44.470221569659309 ], [ 9.885422694676699, 44.469746631424755 ], [ 9.883636406531668, 44.469679437494143 ], [ 9.873235558314761, 44.469390321088966 ], [ 9.871151701013835, 44.469469255069441 ], [ 9.870251824892238, 44.469584472474246 ], [ 9.868692621032464, 44.469785080599138 ], [ 9.866801327602511, 44.470267584002961 ], [ 9.865239924332842, 44.470954624045994 ], [ 9.862403732075183, 44.471282171360379 ], [ 9.853658137003356, 44.470600655744541 ], [ 9.827717218284642, 44.468275353519282 ], [ 9.819936688079299, 44.466422905165011 ], [ 9.816069953272995, 44.462237349025706 ], [ 9.815850000432542, 44.461788785128171 ], [ 9.81598451745926, 44.460644479779134 ], [ 9.816179758543518, 44.459319692940831 ], [ 9.816480430571069, 44.458345246179405 ], [ 9.816862796119382, 44.45692009023977 ], [ 9.816912939255218, 44.456726456572973 ], [ 9.817196756757109, 44.455630316974386 ], [ 9.817166845308767, 44.454415165036337 ], [ 9.816961512364145, 44.453210269633942 ], [ 9.816812352774363, 44.45242810682241 ], [ 9.816731675806112, 44.452050567215906 ], [ 9.815530659526399, 44.451518986397261 ], [ 9.814182093656379, 44.451249520848116 ], [ 9.811250479618609, 44.450991295592551 ], [ 9.810270257700228, 44.450971253654679 ], [ 9.808803370003718, 44.450207410207611 ], [ 9.799952086164554, 44.444354973228826 ], [ 9.798239043158096, 44.443142582844963 ], [ 9.797864479704501, 44.442847754169243 ], [ 9.796778620401769, 44.441991432080954 ], [ 9.790479809228094, 44.436930658979144 ], [ 9.789652353468645, 44.436135140775896 ], [ 9.787275677263931, 44.433189645272208 ], [ 9.786235870651666, 44.431513291017446 ], [ 9.785324611714238, 44.430079122489303 ], [ 9.78432702042875, 44.428762576681116 ], [ 9.783152164330433, 44.42733920007624 ], [ 9.781162310490549, 44.424940094331866 ], [ 9.772291439776726, 44.41617321761526 ], [ 9.763057642661085, 44.408114789139525 ], [ 9.761320353610941, 44.407766264058942 ], [ 9.758059614802482, 44.407121745163465 ], [ 9.75738202889702, 44.407157750285265 ], [ 9.756464975111587, 44.406173532334286 ], [ 9.75558416953775, 44.405036006880344 ], [ 9.752882320173276, 44.400858550765911 ], [ 9.752812998567322, 44.400471888389461 ], [ 9.753364562424725, 44.397461318655672 ], [ 9.755051433062832, 44.392939777831067 ], [ 9.75530917986155, 44.392478924574633 ], [ 9.756729976676446, 44.391659270732994 ], [ 9.760475165561008, 44.390049905835852 ], [ 9.758855428309072, 44.390051670479473 ], [ 9.743848220752239, 44.389484194833138 ], [ 9.743253553670325, 44.389091935011244 ], [ 9.743011828603358, 44.388841428086359 ], [ 9.742951706106467, 44.388058579626509 ], [ 9.743282909407622, 44.385490624610973 ], [ 9.74364471204254, 44.383327590948255 ], [ 9.74387500177493, 44.382677889866784 ], [ 9.744171137444404, 44.382270831819078 ], [ 9.744304309759533, 44.381882842617934 ], [ 9.744361706564108, 44.381459340037274 ], [ 9.743930713510274, 44.381129045620213 ], [ 9.743373504253311, 44.380745543842913 ], [ 9.742741339001523, 44.380389546241879 ], [ 9.733330463171812, 44.379487056976807 ], [ 9.732074203798589, 44.379378074547226 ], [ 9.730759372887015, 44.379638576127164 ], [ 9.729121706367291, 44.380153202111728 ], [ 9.727725742847218, 44.380801304618267 ], [ 9.726616603908885, 44.381456566779875 ], [ 9.725431440590823, 44.382184330385741 ], [ 9.724443689309295, 44.382379659310082 ], [ 9.722840435806368, 44.382641896798781 ], [ 9.71881195599228, 44.383216799731436 ], [ 9.716899238458245, 44.383174494867369 ], [ 9.68998686031509, 44.369133775541272 ], [ 9.689038227076187, 44.368509310094105 ], [ 9.688139181703873, 44.367830507877414 ], [ 9.687455151096355, 44.367123404861523 ], [ 9.686700448591356, 44.365939567169868 ] ] ] } },
{ "type": "Feature", "properties": { "area": "Piacenza" }, "geometry": { "type": "MultiPolygon", "coordinates": [ [ [ [ 9.298857992166237, 44.692651666424965 ], [ 9.298632725017113, 44.693021359964042 ], [ 9.298667530794798, 44.69311475989133 ], [ 9.29893979040056, 44.693722832912087 ], [ 9.29943710145, 44.693991699649111 ], [ 9.304203022353088, 44.696555196790378 ], [ 9.304654629658064, 44.695787179719908 ], [ 9.30471586804957, 44.695293076754872 ], [ 9.304607632958849, 44.694263182046974 ], [ 9.304121769898289, 44.693698301807771 ], [ 9.303647178378727, 44.6933661261114 ], [ 9.303615887340637, 44.693347692242128 ], [ 9.303001229007197, 44.693037407279498 ], [ 9.301501621395438, 44.69269098681827 ], [ 9.30067633626312, 44.692501316628331 ], [ 9.300224291481793, 44.692467359516378 ], [ 9.29918515130284, 44.69246175919433 ], [ 9.298857992166237, 44.692651666424965 ] ] ], [ [ [ 9.29534259306565, 44.704948998846461 ], [ 9.297561899562854, 44.704440179004401 ], [ 9.298369919921832, 44.704527252205388 ], [ 9.298436318873605, 44.704531627626992 ], [ 9.298858441449694, 44.704529339983871 ], [ 9.29978270332912, 44.704514932753156 ], [ 9.300559890398329, 44.704365281434342 ], [ 9.302600812548283, 44.703264567182799 ], [ 9.302565765719915, 44.70325379054411 ], [ 9.302148947930325, 44.703167997518918 ], [ 9.292202725917852, 44.701144287139996 ], [ 9.290968205344697, 44.700915975627169 ], [ 9.29092812231702, 44.700910561069684 ], [ 9.289862467558283, 44.7008219746671 ], [ 9.289675115675749, 44.701218546569727 ], [ 9.291065966597641, 44.704212791231406 ], [ 9.29534259306565, 44.704948998846461 ] ] ], [ [ [ 9.993333664524691, 44.932878874755545 ], [ 9.998687430321766, 44.92955546864102 ], [ 9.999124497460063, 44.929182556667662 ], [ 9.998999401366712, 44.928544530989242 ], [ 9.998280448805223, 44.926543374130624 ], [ 9.99788881118617, 44.925880648102812 ], [ 9.997094172807905, 44.924627319936953 ], [ 9.996451585536198, 44.923372641282214 ], [ 9.992729500382298, 44.914727152171196 ], [ 9.99262104085866, 44.914314001307304 ], [ 9.992637372351465, 44.913791750847821 ], [ 9.992716588296403, 44.9132419430141 ], [ 9.993913501394642, 44.907713298986465 ], [ 9.994075059843389, 44.907531863985511 ], [ 9.996297955837402, 44.905685087246638 ], [ 9.996697951255403, 44.905375520977856 ], [ 9.99775105367056, 44.904745194291763 ], [ 9.998902165032922, 44.904654102342704 ], [ 9.999309470352841, 44.904767571988486 ], [ 10.001804600447038, 44.904754706640524 ], [ 10.002521805989923, 44.904478360249243 ], [ 10.009331544244105, 44.89695569239715 ], [ 10.009620909203989, 44.89066228193569 ], [ 10.012340521460709, 44.887900031294876 ], [ 10.011363194811254, 44.880635051894295 ], [ 10.011017416926791, 44.876074071162627 ], [ 10.010895913004193, 44.875643057901456 ], [ 10.010493909498233, 44.875097493123846 ], [ 10.009978266753924, 44.874570927237912 ], [ 10.009478456869722, 44.874224265873316 ], [ 10.008814273096393, 44.873888070150201 ], [ 10.008240562871402, 44.873659071092 ], [ 10.006724222879058, 44.873096317919725 ], [ 10.005960511547768, 44.872860003527315 ], [ 10.005491675339934, 44.872745846578496 ], [ 10.004854405527196, 44.872590674549983 ], [ 10.004016811984949, 44.872472011302804 ], [ 10.00325577808003, 44.872388676001002 ], [ 9.995429758651204, 44.867848111701434 ], [ 9.994636961416596, 44.867386924367878 ], [ 9.991954157186008, 44.86522274786666 ], [ 9.984099248498666, 44.858134076802195 ], [ 9.984054546127656, 44.858093643608818 ], [ 9.98350793345123, 44.857599042453508 ], [ 9.983259206375685, 44.857115077571237 ], [ 9.983309932395629, 44.856376471194892 ], [ 9.983811610233804, 44.853878573371986 ], [ 9.984331719764848, 44.851722579021839 ], [ 9.984916781824349, 44.851150415886714 ], [ 9.985929154546994, 44.849665339931796 ], [ 9.986133788521924, 44.849051414654966 ], [ 9.98672738660359, 44.846759763996019 ], [ 9.986797775491031, 44.846435082481918 ], [ 9.98676403365949, 44.845940249781712 ], [ 9.986681659530698, 44.845562886954049 ], [ 9.974259547682232, 44.843545037900334 ], [ 9.973115432799785, 44.843230721543911 ], [ 9.972018475346104, 44.842708951482528 ], [ 9.971502289562464, 44.842110200623402 ], [ 9.970934278650896, 44.841439876068641 ], [ 9.970685603429795, 44.840946864524525 ], [ 9.97042562135943, 44.840534977017171 ], [ 9.968414550707227, 44.838310525548323 ], [ 9.967773139691776, 44.837784850152239 ], [ 9.966518045110451, 44.836877259740085 ], [ 9.965100512938967, 44.836088062015229 ], [ 9.963845009115513, 44.835909618225301 ], [ 9.962684957148559, 44.836144457053727 ], [ 9.961582080590755, 44.836774887620535 ], [ 9.960663614434356, 44.837844880851577 ], [ 9.959793197993726, 44.838761405016633 ], [ 9.958893411184899, 44.83943512389078 ], [ 9.957712429320582, 44.839940141256456 ], [ 9.956528771409785, 44.840283151311837 ], [ 9.955177206371481, 44.840420494716682 ], [ 9.954164967594973, 44.840419940412907 ], [ 9.953352484202526, 44.840255694000625 ], [ 9.952538375105339, 44.839992431477121 ], [ 9.948491470231694, 44.837713139125974 ], [ 9.94161915186468, 44.837661420261675 ], [ 9.940543131433714, 44.837625265987164 ], [ 9.939491841079796, 44.837552911023394 ], [ 9.938539410005223, 44.837335690117349 ], [ 9.93794874459028, 44.837181399903827 ], [ 9.937637292958554, 44.837100036597924 ], [ 9.936911558814737, 44.836817926178782 ], [ 9.927393813389813, 44.828712706431183 ], [ 9.91901948739765, 44.821551699967749 ], [ 9.905015631111947, 44.810113792410277 ], [ 9.900325487483888, 44.807774302860381 ], [ 9.899036399811482, 44.807010276534491 ], [ 9.891839607774095, 44.804447078928078 ], [ 9.890394391740664, 44.804206293104251 ], [ 9.888683264285749, 44.803940551018513 ], [ 9.887203451177568, 44.803916050194481 ], [ 9.886029978587656, 44.804078202378392 ], [ 9.88252339924481, 44.803817286576432 ], [ 9.882167052921536, 44.803666998387357 ], [ 9.878635069392589, 44.797563745649427 ], [ 9.878278708146398, 44.796576246926968 ], [ 9.878146515576951, 44.795361987120977 ], [ 9.878111466540163, 44.793885885197092 ], [ 9.877264863332925, 44.789742400044645 ], [ 9.876673387042635, 44.787415373279543 ], [ 9.876479463996001, 44.787149311221647 ], [ 9.876079570065011, 44.786600724259813 ], [ 9.875335877088927, 44.785904255679256 ], [ 9.874379503614685, 44.78535345501593 ], [ 9.873333589198026, 44.784731299520054 ], [ 9.872599600222337, 44.783836693464956 ], [ 9.872520418212043, 44.782775043437915 ], [ 9.873285411440619, 44.781535886986752 ], [ 9.875585800071999, 44.778187460275205 ], [ 9.87814781449797, 44.775440124302968 ], [ 9.878874500034758, 44.775020432160467 ], [ 9.87950380749353, 44.774016345643439 ], [ 9.880988748448473, 44.769440772480465 ], [ 9.880661338966478, 44.768687123216743 ], [ 9.868482216250712, 44.762982969765318 ], [ 9.867783430786544, 44.762727201920931 ], [ 9.86690788170938, 44.762481806477901 ], [ 9.865006969065204, 44.762109107898389 ], [ 9.864035362844637, 44.762197492912023 ], [ 9.862119107058207, 44.762491050038896 ], [ 9.860997330992523, 44.762679545487302 ], [ 9.858146661392288, 44.763871300345144 ], [ 9.857672533509232, 44.764279967969635 ], [ 9.856132686316963, 44.76610995591524 ], [ 9.855689389691518, 44.76689648184685 ], [ 9.855396392673038, 44.76759185379337 ], [ 9.855247540755901, 44.767781997740094 ], [ 9.854920355908789, 44.767874473143642 ], [ 9.854262770822672, 44.767843388554333 ], [ 9.853756032472981, 44.767757152528731 ], [ 9.849783054971441, 44.766553492200494 ], [ 9.841027651729405, 44.760577811340589 ], [ 9.836469236721021, 44.758153679842955 ], [ 9.823260670609431, 44.758672765644633 ], [ 9.822641000699226, 44.759523451755868 ], [ 9.822331159458313, 44.75994878319726 ], [ 9.820623782899323, 44.761617479405743 ], [ 9.819752770398839, 44.761677755140092 ], [ 9.814515064945201, 44.757610200663137 ], [ 9.8143114620548, 44.757395614514245 ], [ 9.814144604567019, 44.757211608825294 ], [ 9.814219800910056, 44.755478790949851 ], [ 9.814303809606727, 44.755163110375037 ], [ 9.814562270950784, 44.754675148910344 ], [ 9.8150187883661, 44.75389768527905 ], [ 9.815668473241441, 44.753379918836849 ], [ 9.81884925935033, 44.751385675286009 ], [ 9.820068089195852, 44.750917803396412 ], [ 9.819877902815414, 44.749082718662521 ], [ 9.818317585995556, 44.743251459743142 ], [ 9.818108253002347, 44.74273983068101 ], [ 9.816652252872856, 44.739806513532159 ], [ 9.816264893607165, 44.73920612771952 ], [ 9.815803758881827, 44.738750295870226 ], [ 9.815266519628031, 44.738268014660918 ], [ 9.814820829860643, 44.738010132415035 ], [ 9.809223087263558, 44.735115192212568 ], [ 9.806883792715222, 44.734006463083134 ], [ 9.799383415650707, 44.731367534254311 ], [ 9.791090825360488, 44.722440998578989 ], [ 9.787552552238806, 44.717586220485039 ], [ 9.786966566009058, 44.717203162869573 ], [ 9.777261868907894, 44.711886255097347 ], [ 9.776044115418376, 44.711453420379357 ], [ 9.774967156140805, 44.711163662501114 ], [ 9.770015061080048, 44.709963836143459 ], [ 9.769129909423206, 44.709852764623427 ], [ 9.768196866693527, 44.70994007329076 ], [ 9.768036077489638, 44.710074913864283 ], [ 9.767330969781481, 44.710332992288215 ], [ 9.766613586240437, 44.710499851159149 ], [ 9.765967670838714, 44.710342144263279 ], [ 9.762166227027919, 44.705416302084323 ], [ 9.764130853319964, 44.702189353154886 ], [ 9.764581694943772, 44.701916273895648 ], [ 9.764836790492694, 44.701158365000325 ], [ 9.765598809914193, 44.698641600569715 ], [ 9.765803042658634, 44.697857036375972 ], [ 9.76556845929144, 44.681969489740155 ], [ 9.765156418648059, 44.681342079896737 ], [ 9.758741237675814, 44.679008264997535 ], [ 9.758083673326915, 44.678895594902912 ], [ 9.752398347860389, 44.678321035952692 ], [ 9.750480779091186, 44.678342650306014 ], [ 9.749989670440842, 44.678417891460001 ], [ 9.749564676827159, 44.678726769554771 ], [ 9.746558696747703, 44.67947565419788 ], [ 9.743258695750411, 44.679929283669217 ], [ 9.741466779725563, 44.679913922715826 ], [ 9.722996172181807, 44.678024839386843 ], [ 9.712300684450781, 44.676291563353878 ], [ 9.708752949166733, 44.675062311358985 ], [ 9.707007100717044, 44.674100754781797 ], [ 9.70696153810781, 44.674038148535303 ], [ 9.70656401964688, 44.67350946137956 ], [ 9.705978135944497, 44.67305397035863 ], [ 9.704631855779187, 44.672315095154417 ], [ 9.702629839333243, 44.671598234290144 ], [ 9.702011413182712, 44.671381476787758 ], [ 9.696542099994199, 44.67207664661872 ], [ 9.691751677442188, 44.67344711832218 ], [ 9.686661666738631, 44.675107266528435 ], [ 9.684207400176531, 44.678830952819553 ], [ 9.683732821129661, 44.680319195382005 ], [ 9.675212231522446, 44.687616775226353 ], [ 9.67229543150801, 44.6841950950962 ], [ 9.671937758530744, 44.683819097563827 ], [ 9.669055191389388, 44.68224260079014 ], [ 9.662988042340018, 44.680225449695875 ], [ 9.655134705311156, 44.674176179949704 ], [ 9.654874374286333, 44.673466471614013 ], [ 9.654346110434451, 44.672488253733789 ], [ 9.653555345662548, 44.671727578982953 ], [ 9.651905199506441, 44.670827760265588 ], [ 9.646980554916865, 44.66815505917657 ], [ 9.638217361344676, 44.663955240359087 ], [ 9.636041745464677, 44.663409238278589 ], [ 9.6350312861654, 44.663288827903543 ], [ 9.62487721215431, 44.65626896105136 ], [ 9.626724647933949, 44.654485354905603 ], [ 9.627485985608123, 44.653742978383768 ], [ 9.627856760308076, 44.653038752590895 ], [ 9.62889275751869, 44.650872484682132 ], [ 9.630592674201344, 44.645974799998299 ], [ 9.631639291579837, 44.641323771710731 ], [ 9.631795494195028, 44.640611721073846 ], [ 9.630896976438049, 44.640310598182133 ], [ 9.627949401242951, 44.639417606073671 ], [ 9.621159295051944, 44.637627249153262 ], [ 9.609789381109742, 44.634303607145483 ], [ 9.608230254655354, 44.633501709785122 ], [ 9.606581584717595, 44.632574228923978 ], [ 9.602174931672977, 44.629491710109818 ], [ 9.602285579425519, 44.629221042449785 ], [ 9.601765956937486, 44.628953716256603 ], [ 9.59514946397179, 44.626683763968849 ], [ 9.590709394777756, 44.625176396485081 ], [ 9.589077230677569, 44.624581660156672 ], [ 9.586875327699071, 44.623737759124779 ], [ 9.585925435149738, 44.623292515961772 ], [ 9.584974625308252, 44.622757241686493 ], [ 9.584098324219747, 44.622104556468337 ], [ 9.583004515036922, 44.621128872576186 ], [ 9.582355197737161, 44.620484012883168 ], [ 9.581933239581211, 44.619882996573317 ], [ 9.581509944939217, 44.61914695300289 ], [ 9.581136622595107, 44.618365649880118 ], [ 9.580749163353877, 44.617431350074291 ], [ 9.580680233820434, 44.616837549136989 ], [ 9.5808012475417, 44.616332791373594 ], [ 9.581047193617263, 44.615719374759294 ], [ 9.581154618697928, 44.615115660535984 ], [ 9.580948469318084, 44.614666588271099 ], [ 9.579797639803825, 44.613006980765 ], [ 9.579198880902995, 44.612361846415055 ], [ 9.578371149961582, 44.611501805999694 ], [ 9.577901190568483, 44.611135074742556 ], [ 9.576618849344431, 44.610178293883507 ], [ 9.57616242009137, 44.609901516949087 ], [ 9.567642042051988, 44.607207440639911 ], [ 9.566847445340988, 44.607139371367261 ], [ 9.565813875048233, 44.607117487152237 ], [ 9.564894511184534, 44.607176039932284 ], [ 9.564127488569843, 44.607350890282888 ], [ 9.563284145797526, 44.607454078081439 ], [ 9.562790255923417, 44.607204441736975 ], [ 9.56014029535363, 44.605525001934716 ], [ 9.559493504430741, 44.605096063645938 ], [ 9.558693945872385, 44.604505806142363 ], [ 9.558147198684908, 44.603995337876256 ], [ 9.557116469033184, 44.602947078651006 ], [ 9.553833658501588, 44.599605117726327 ], [ 9.553119779570082, 44.598735342077831 ], [ 9.552813713354015, 44.598349718554921 ], [ 9.552557877250281, 44.597945838860603 ], [ 9.552453930251851, 44.597613257008362 ], [ 9.552369969267376, 44.596731410614737 ], [ 9.553407322825484, 44.590532682558965 ], [ 9.553304838968526, 44.590353123228795 ], [ 9.552808663617476, 44.589842383103559 ], [ 9.55236407364101, 44.589457427284138 ], [ 9.550552003438389, 44.588340868039829 ], [ 9.549981888222566, 44.588001513534003 ], [ 9.549098039123967, 44.587789701889037 ], [ 9.548052224697246, 44.587767714762009 ], [ 9.545986621614031, 44.58781363469776 ], [ 9.544879406330161, 44.587962953713387 ], [ 9.543722720280083, 44.588211541121716 ], [ 9.542453414358418, 44.588541664108867 ], [ 9.541410070149025, 44.588789671678569 ], [ 9.54003788245925, 44.588895213678313 ], [ 9.539142130902764, 44.588755396463142 ], [ 9.538042316872062, 44.588346466479031 ], [ 9.536916760974746, 44.587874628879639 ], [ 9.533702733380284, 44.586323257939775 ], [ 9.532981421205527, 44.585966529622077 ], [ 9.532296840419201, 44.585492587536613 ], [ 9.531546646751266, 44.584730866002104 ], [ 9.51636410175054, 44.565710674653545 ], [ 9.515840000344806, 44.564830787298668 ], [ 9.515227794520154, 44.563951311095778 ], [ 9.514743650779844, 44.563314313206455 ], [ 9.513022202452493, 44.562304768847405 ], [ 9.497820236455533, 44.557146068489843 ], [ 9.493338450115226, 44.555876641485796 ], [ 9.49225850070105, 44.557426741042178 ], [ 9.49160920391628, 44.558167745455208 ], [ 9.490772117468323, 44.558945564557291 ], [ 9.484141580506057, 44.562421841805424 ], [ 9.477012986945901, 44.565049070353005 ], [ 9.47653603268405, 44.565195097756487 ], [ 9.470561817332717, 44.566066112731988 ], [ 9.464392805081795, 44.565969827807351 ], [ 9.463420662031595, 44.565757712954465 ], [ 9.462713902040086, 44.565562525580667 ], [ 9.440701055438529, 44.566716617138447 ], [ 9.440233008525043, 44.566808216917707 ], [ 9.439693212926827, 44.567035358806535 ], [ 9.438050237194181, 44.567883406916437 ], [ 9.434789840573394, 44.56975038946603 ], [ 9.434050109485584, 44.570194328907441 ], [ 9.428051098151535, 44.574601202788962 ], [ 9.423076562701883, 44.574612236558252 ], [ 9.419462909067464, 44.58002107471512 ], [ 9.418757851351529, 44.585110084124793 ], [ 9.418948935995145, 44.585406473880553 ], [ 9.419380246320324, 44.585823506363276 ], [ 9.419774050103644, 44.586281183945395 ], [ 9.420130598253818, 44.586811024105216 ], [ 9.42126531668421, 44.592172331055664 ], [ 9.421306236588199, 44.592604305201775 ], [ 9.419070311919764, 44.595286267308879 ], [ 9.418619138093606, 44.595621020355672 ], [ 9.41663465430776, 44.596438497641998 ], [ 9.415854675169895, 44.596495359277441 ], [ 9.412651224405142, 44.596164880229871 ], [ 9.405628924057881, 44.600806811592477 ], [ 9.405831799500399, 44.599178139638774 ], [ 9.405858885857025, 44.597638618360037 ], [ 9.403144910190948, 44.591450018248835 ], [ 9.402623787803401, 44.59078566989453 ], [ 9.398772667309169, 44.587513264192644 ], [ 9.398292560453589, 44.587424912828517 ], [ 9.394880058185814, 44.587526789948846 ], [ 9.393773460881976, 44.587764672182644 ], [ 9.392781340810343, 44.588227222541072 ], [ 9.391837200367679, 44.588871912586121 ], [ 9.390485871956674, 44.589711503365812 ], [ 9.389820530275793, 44.590064875663572 ], [ 9.389368023284455, 44.590219462077542 ], [ 9.38878539256506, 44.589753314007183 ], [ 9.38488423689382, 44.584617092680908 ], [ 9.384667772667404, 44.584266723962251 ], [ 9.384513946380929, 44.58386212395034 ], [ 9.38391856182716, 44.581262402430227 ], [ 9.381080345567632, 44.576749642884145 ], [ 9.378667575288716, 44.577584403011898 ], [ 9.377977492392759, 44.577874770040232 ], [ 9.377486823732482, 44.578083446138884 ], [ 9.374789473007745, 44.579568743488444 ], [ 9.371915885407574, 44.581464164890804 ], [ 9.371556987344547, 44.581789421637509 ], [ 9.369788231603209, 44.582947484006695 ], [ 9.369424404445395, 44.583119715906278 ], [ 9.365748195469973, 44.584576451405589 ], [ 9.364169796382116, 44.584730037718749 ], [ 9.3610507227139, 44.584969504484206 ], [ 9.356558822809786, 44.584546990931955 ], [ 9.355682828576763, 44.584464195119821 ], [ 9.355424259912471, 44.584410991781951 ], [ 9.350488676142, 44.582724770677466 ], [ 9.350221515229055, 44.582613054304602 ], [ 9.350059204513782, 44.582528024642727 ], [ 9.349741344446191, 44.58229943611515 ], [ 9.34758324392404, 44.580622559448138 ], [ 9.347237228781015, 44.580290513482531 ], [ 9.34697975942329, 44.579953706086364 ], [ 9.346703622136308, 44.579522418563052 ], [ 9.346529623322496, 44.579252876119789 ], [ 9.346168494484921, 44.578826344584506 ], [ 9.345502073312336, 44.578490773441175 ], [ 9.344681344822714, 44.578151153879354 ], [ 9.343835746887649, 44.577865622427908 ], [ 9.343003450762632, 44.577697080262958 ], [ 9.342224192304434, 44.577780435819314 ], [ 9.340150300043844, 44.578668882512027 ], [ 9.338508108229272, 44.580024138392929 ], [ 9.336803175615048, 44.581433572705862 ], [ 9.334483100810807, 44.583772044271875 ], [ 9.33202651278666, 44.585813775064715 ], [ 9.32781940275115, 44.588967802579674 ], [ 9.312533471311303, 44.596869841716909 ], [ 9.309431736112799, 44.59638315443398 ], [ 9.30774596841241, 44.601348072985139 ], [ 9.307321342080897, 44.602069419908645 ], [ 9.305645359340813, 44.604234508553645 ], [ 9.304918781379932, 44.605055681903899 ], [ 9.303625959301684, 44.606004391141418 ], [ 9.302295948395825, 44.606926164682811 ], [ 9.301240241513083, 44.607442094743362 ], [ 9.300410245095067, 44.607777379619513 ], [ 9.299969690915715, 44.607841553584016 ], [ 9.299085935427458, 44.607528783986282 ], [ 9.297441011729836, 44.606721075176232 ], [ 9.293761250238363, 44.608442849251347 ], [ 9.293081056478909, 44.608507615460688 ], [ 9.292048012701617, 44.608537270252512 ], [ 9.290938632482186, 44.608459074241445 ], [ 9.289791314322073, 44.608317957606602 ], [ 9.288845223702555, 44.608131300775753 ], [ 9.288087957690589, 44.607863134348278 ], [ 9.287507778652028, 44.607603525184821 ], [ 9.28729238943567, 44.60737000637603 ], [ 9.28694721738252, 44.603886622736965 ], [ 9.285414124962454, 44.599776623090399 ], [ 9.285057443635456, 44.598985292242347 ], [ 9.284727383887077, 44.598481973062263 ], [ 9.284157310500984, 44.597853217122008 ], [ 9.283310189427603, 44.597252161629591 ], [ 9.282451190162631, 44.596795155780832 ], [ 9.281441511355437, 44.596401541791614 ], [ 9.280230832356477, 44.596170456565872 ], [ 9.278919695106739, 44.595966604365245 ], [ 9.276400327838328, 44.59587370277918 ], [ 9.272230477095949, 44.595915226960692 ], [ 9.254621148720121, 44.598917657585574 ], [ 9.246824344687406, 44.599186846964429 ], [ 9.246245271312736, 44.59926912178021 ], [ 9.245642316399211, 44.599711544713138 ], [ 9.245204390872539, 44.600396671220949 ], [ 9.245485007237985, 44.601206289605564 ], [ 9.246092710071572, 44.601884678421122 ], [ 9.24756050305897, 44.603321902499268 ], [ 9.249468645575526, 44.604623103579634 ], [ 9.250681896360554, 44.605439676509782 ], [ 9.251856880228898, 44.606139284984664 ], [ 9.253088669880595, 44.607042444366982 ], [ 9.255816393717351, 44.609641454606198 ], [ 9.256360752064387, 44.610198382702976 ], [ 9.256538928405169, 44.610594087291688 ], [ 9.256490264768317, 44.610990312029628 ], [ 9.256152294825972, 44.611513210708075 ], [ 9.255112332186153, 44.61285690689764 ], [ 9.254385546328232, 44.613776783258913 ], [ 9.252842618531348, 44.615184596958841 ], [ 9.251950799025318, 44.615888751079808 ], [ 9.246306994086453, 44.619141954282405 ], [ 9.245502627472391, 44.619647816927923 ], [ 9.24480968628796, 44.619721330864898 ], [ 9.240901498278042, 44.619450562774119 ], [ 9.231485585379572, 44.618740834059999 ], [ 9.22469024844523, 44.617989195180733 ], [ 9.20517224819254, 44.615190155595997 ], [ 9.204490820106939, 44.614957307272441 ], [ 9.20389709999538, 44.614571263311795 ], [ 9.203492466922928, 44.61419388923396 ], [ 9.202973227775674, 44.613494121389706 ], [ 9.200421723194063, 44.615333627892532 ], [ 9.200236524818042, 44.616342228482779 ], [ 9.198773469198859, 44.633710510839386 ], [ 9.198701240451744, 44.63459288385797 ], [ 9.198480088160974, 44.639760656065633 ], [ 9.198686596695772, 44.641160179642853 ], [ 9.199022114746761, 44.642028025518115 ], [ 9.19920820879053, 44.642509630616829 ], [ 9.199527282046454, 44.643736698356079 ], [ 9.199591934901996, 44.643985356598179 ], [ 9.1993941981241, 44.645156024653389 ], [ 9.198675885722682, 44.648758232729357 ], [ 9.198036549446501, 44.649835644685147 ], [ 9.199992702417628, 44.650295345219291 ], [ 9.203611752551708, 44.653781891899143 ], [ 9.203903235005289, 44.654186476907043 ], [ 9.20605008903077, 44.658530786407233 ], [ 9.206331336074269, 44.659592557937671 ], [ 9.206434823669959, 44.660204532226416 ], [ 9.206386421674068, 44.660789778945436 ], [ 9.205400060183228, 44.667003204781608 ], [ 9.204017295897009, 44.669962967731884 ], [ 9.203615112153347, 44.670395799386824 ], [ 9.20309930612552, 44.670810829510557 ], [ 9.201931352605774, 44.67161711249932 ], [ 9.20178257731019, 44.671839432483218 ], [ 9.201089061782284, 44.673204513443572 ], [ 9.201041202276118, 44.673306904169905 ], [ 9.200613174441447, 44.674222622794574 ], [ 9.200125067335293, 44.675366785559547 ], [ 9.199788828898315, 44.676654708653629 ], [ 9.199391754142688, 44.678599920800984 ], [ 9.199142297844203, 44.683128534116939 ], [ 9.199196131684701, 44.68410970390395 ], [ 9.199464243778921, 44.685018466560258 ], [ 9.199820481189439, 44.68586407533072 ], [ 9.200051536771223, 44.68611577110704 ], [ 9.200319866508893, 44.686404806099681 ], [ 9.201995439934397, 44.686004683285347 ], [ 9.203132615564542, 44.685759189510662 ], [ 9.204154028219527, 44.685550322403742 ], [ 9.211001762114812, 44.68434956804834 ], [ 9.211836133440215, 44.684217274957653 ], [ 9.212552958665226, 44.684103620758997 ], [ 9.216803304422301, 44.683528495612187 ], [ 9.217913520010756, 44.68347236272313 ], [ 9.223793490674984, 44.683406971356447 ], [ 9.237087756748831, 44.685117597547233 ], [ 9.240482795971245, 44.688306337484093 ], [ 9.240018749243148, 44.689000500819176 ], [ 9.233486712693086, 44.699663816177122 ], [ 9.23219518177695, 44.7017999892483 ], [ 9.232086838663626, 44.702185532805331 ], [ 9.23204584366394, 44.702331438741027 ], [ 9.232278660866641, 44.70373533029138 ], [ 9.233208352142167, 44.708927770327904 ], [ 9.233365047418735, 44.709619755377147 ], [ 9.233375438450029, 44.70966561750452 ], [ 9.235083648179385, 44.716359829419261 ], [ 9.235185455747899, 44.716278114109478 ], [ 9.235622689086822, 44.715926617170496 ], [ 9.236301906928093, 44.71529504660603 ], [ 9.238301348745654, 44.713346389221236 ], [ 9.239294676893739, 44.712363071671319 ], [ 9.240010785298045, 44.711515341472285 ], [ 9.241903958779519, 44.708360544778721 ], [ 9.250284620889742, 44.699196118616001 ], [ 9.253390859832724, 44.696587599502003 ], [ 9.253943681689512, 44.696010220300899 ], [ 9.254255544619555, 44.695172313313797 ], [ 9.254389879138992, 44.69414574760949 ], [ 9.254372287843127, 44.693011481197409 ], [ 9.254330572591737, 44.692129354765335 ], [ 9.254175386326693, 44.691274472712053 ], [ 9.254298321079641, 44.69052701028383 ], [ 9.255265516793141, 44.686617833394656 ], [ 9.255564804235497, 44.6858069397272 ], [ 9.256319162322439, 44.685175098445193 ], [ 9.25706525159662, 44.68267976567914 ], [ 9.2575887571175, 44.68122019529094 ], [ 9.258456313041682, 44.68052504719757 ], [ 9.259475772762517, 44.679946584440493 ], [ 9.260396869687744, 44.679944488046708 ], [ 9.263239616698405, 44.680775208148255 ], [ 9.270473664252204, 44.684341243857709 ], [ 9.279805974627571, 44.685813140408442 ], [ 9.283024614500174, 44.685976264558128 ], [ 9.285834285851136, 44.68508702793315 ], [ 9.286161446539079, 44.684897157754889 ], [ 9.29087357828258, 44.68091521564147 ], [ 9.298505879631206, 44.681021554408353 ], [ 9.306684981749926, 44.688161679164345 ], [ 9.309661652557171, 44.688009184353028 ], [ 9.310747374477224, 44.688051495051823 ], [ 9.31853613880212, 44.688551928944527 ], [ 9.32144174182193, 44.689138204157189 ], [ 9.324637473044447, 44.690015632043206 ], [ 9.324804990477579, 44.690258224577768 ], [ 9.325110590833185, 44.690743478268274 ], [ 9.325736542666599, 44.692092043246106 ], [ 9.326096970242533, 44.69335135412809 ], [ 9.326150036861554, 44.693810315620091 ], [ 9.325910885781886, 44.693928035057226 ], [ 9.325356446721331, 44.694082641554388 ], [ 9.322102924204064, 44.694559992754321 ], [ 9.318722739580124, 44.694965572010744 ], [ 9.317713864432392, 44.695112430578973 ], [ 9.317007985717924, 44.695276431815614 ], [ 9.316643688027073, 44.695592527582683 ], [ 9.310137991079309, 44.701596931269492 ], [ 9.3094351175195, 44.702346025072558 ], [ 9.308574654823342, 44.70431986960709 ], [ 9.308440061737381, 44.705121438952169 ], [ 9.308480647426126, 44.705634462073796 ], [ 9.312415613702184, 44.716714606752213 ], [ 9.312581825992158, 44.717101249522571 ], [ 9.313761661854935, 44.718142287670226 ], [ 9.314357848577675, 44.718653779774627 ], [ 9.314914650995663, 44.718886299344192 ], [ 9.317228570410977, 44.719492049472919 ], [ 9.321213211562087, 44.72082225679501 ], [ 9.322313926083, 44.72121526703237 ], [ 9.323161645256512, 44.721527956994002 ], [ 9.324389649809879, 44.722100621629849 ], [ 9.325326957817307, 44.72262008185335 ], [ 9.325910470699156, 44.723095541685304 ], [ 9.328581637599205, 44.726535772267916 ], [ 9.329575287630478, 44.728063281045181 ], [ 9.330150289840535, 44.729249920324634 ], [ 9.330546644617526, 44.73010399651934 ], [ 9.332580793519329, 44.735040353474616 ], [ 9.331674803341977, 44.735259028277987 ], [ 9.33033797381775, 44.735595997662081 ], [ 9.328547164187819, 44.736060273982886 ], [ 9.314422920947232, 44.744652185118269 ], [ 9.299325753612589, 44.751579473755825 ], [ 9.298065403893409, 44.752158913960216 ], [ 9.295683732642836, 44.753344403156419 ], [ 9.294259789982096, 44.754068269763074 ], [ 9.288199674113512, 44.757441562387328 ], [ 9.287431656358624, 44.757983633761917 ], [ 9.286512745462447, 44.758679103403615 ], [ 9.285899445810234, 44.759427838170716 ], [ 9.286974942700692, 44.772496369004898 ], [ 9.294804467235505, 44.774222845707385 ], [ 9.311551849541411, 44.781587213789841 ], [ 9.315897898357635, 44.783528751548687 ], [ 9.316759748943648, 44.783949464687609 ], [ 9.317242733228637, 44.78443423930905 ], [ 9.317573903061344, 44.784892443504887 ], [ 9.317866954885638, 44.785314726635903 ], [ 9.317871895167507, 44.786214930379835 ], [ 9.31912863846328, 44.791765785670776 ], [ 9.32102977394832, 44.799475325759211 ], [ 9.321528083149046, 44.800032051289193 ], [ 9.322257355872058, 44.799678910142397 ], [ 9.323304304107509, 44.799234840315812 ], [ 9.32441562925106, 44.798997638623689 ], [ 9.325287865414579, 44.798968148161563 ], [ 9.326185908851935, 44.799028601572424 ], [ 9.328375994862411, 44.799508439355776 ], [ 9.329870700878173, 44.799990264651065 ], [ 9.341280775269489, 44.805177992843788 ], [ 9.344235374162912, 44.806573465625746 ], [ 9.354194319315305, 44.811863284907112 ], [ 9.358424690507528, 44.814946812774402 ], [ 9.362498030257919, 44.821154450793479 ], [ 9.363098237992231, 44.822403839278472 ], [ 9.358267562572847, 44.82429153085134 ], [ 9.355498665941889, 44.830673707851467 ], [ 9.354785948791713, 44.832971156368686 ], [ 9.352958065449162, 44.835173640452453 ], [ 9.351257187952109, 44.836340152933062 ], [ 9.350325110823816, 44.837027187309694 ], [ 9.349482554840797, 44.837875959568414 ], [ 9.348868158783132, 44.838796060593559 ], [ 9.348317318074916, 44.839769962117835 ], [ 9.348018708030718, 44.840608066101275 ], [ 9.347786783344686, 44.84411960033426 ], [ 9.344858839745605, 44.860251229812611 ], [ 9.341675182676607, 44.869811990008039 ], [ 9.339920574031636, 44.870663411886255 ], [ 9.334783724556955, 44.87115569685588 ], [ 9.333757813306724, 44.871068693638826 ], [ 9.332692626783643, 44.87075672615633 ], [ 9.331602859552211, 44.870570850832245 ], [ 9.33042678897081, 44.870790313432565 ], [ 9.326676693126961, 44.872511485818137 ], [ 9.326465669876743, 44.872881182781832 ], [ 9.326465494641729, 44.873223248811634 ], [ 9.326428936331165, 44.873475413759031 ], [ 9.325571513700641, 44.876331509471711 ], [ 9.325409152224205, 44.876728072767044 ], [ 9.324127341839629, 44.878433104177176 ], [ 9.323787621807803, 44.878812157711387 ], [ 9.323245823468548, 44.879281787322213 ], [ 9.322387439083681, 44.879743329738403 ], [ 9.321603337568687, 44.879907576772794 ], [ 9.321235215246531, 44.879737561803161 ], [ 9.320663067304764, 44.87930708069338 ], [ 9.319824497265515, 44.878778304492769 ], [ 9.318008585941955, 44.877802163353152 ], [ 9.313076620058018, 44.876537497987506 ], [ 9.311581085355167, 44.876244507162006 ], [ 9.310541872152644, 44.876049295488151 ], [ 9.309578776927177, 44.875880878010335 ], [ 9.308692644870632, 44.875901270079019 ], [ 9.307237964777356, 44.876139259660071 ], [ 9.296949777750061, 44.879542234547138 ], [ 9.296828673587456, 44.879585232009099 ], [ 9.295723856462558, 44.879977522545204 ], [ 9.290113399812014, 44.882206412908282 ], [ 9.289886392503812, 44.882387018997932 ], [ 9.290054836281099, 44.883151766333881 ], [ 9.290478349189137, 44.884275942035558 ], [ 9.290927367569369, 44.885436075609562 ], [ 9.29149107749749, 44.886730922688912 ], [ 9.292091092428814, 44.88769260589843 ], [ 9.292359436208505, 44.888111258871575 ], [ 9.292742054315228, 44.88870817322897 ], [ 9.293114825306969, 44.889796462407908 ], [ 9.29282621585137, 44.890319314704733 ], [ 9.290224778442703, 44.891766280290135 ], [ 9.285185444290537, 44.894515601638155 ], [ 9.284301102535878, 44.894958909097568 ], [ 9.283429160484305, 44.895348161848673 ], [ 9.283163688914433, 44.895447840688028 ], [ 9.282266082486826, 44.895774134416136 ], [ 9.281342556694828, 44.895983468544038 ], [ 9.281013543832467, 44.896038276731552 ], [ 9.277409525391255, 44.895608897618246 ], [ 9.278862159424621, 44.897427202912539 ], [ 9.281255468994431, 44.899635715948754 ], [ 9.283193962183155, 44.901319840731425 ], [ 9.285811091771585, 44.902980813512343 ], [ 9.28608366553398, 44.903205327972749 ], [ 9.28871062469384, 44.909809648132232 ], [ 9.291663765896024, 44.920893123230655 ], [ 9.287264526393702, 44.927997820239518 ], [ 9.285852312988984, 44.929414670399666 ], [ 9.285349388653348, 44.930217104056105 ], [ 9.285011423615499, 44.931064143011511 ], [ 9.285027562694523, 44.931766256980033 ], [ 9.28634582183134, 44.933950429926519 ], [ 9.286826192663144, 44.934129271408771 ], [ 9.287612456242893, 44.934235310270196 ], [ 9.30021397185611, 44.935049074002428 ], [ 9.30544546733327, 44.934549080692385 ], [ 9.309811905175289, 44.935419518818286 ], [ 9.311053423910684, 44.935722200484491 ], [ 9.314062240170113, 44.936668177237976 ], [ 9.314532002976941, 44.936819921584998 ], [ 9.315258097529272, 44.93749306429266 ], [ 9.31804847181532, 44.940167913366125 ], [ 9.321822117464709, 44.944100192486921 ], [ 9.322347660333245, 44.945142943086296 ], [ 9.322889195841986, 44.949039257679367 ], [ 9.322958135373462, 44.949651192908561 ], [ 9.324591438848493, 44.956046936735291 ], [ 9.327586046906935, 44.959099029942038 ], [ 9.335026173880257, 44.963056307115693 ], [ 9.337548251837289, 44.965380360090236 ], [ 9.337032810942384, 44.96577797855447 ], [ 9.336579069928888, 44.966247404378606 ], [ 9.336289309273356, 44.966572341855517 ], [ 9.335962468967331, 44.96705940438067 ], [ 9.335623095055807, 44.967573511397788 ], [ 9.335321758277942, 44.968087504784037 ], [ 9.335210714452836, 44.968618932096575 ], [ 9.335151046601448, 44.969258243900903 ], [ 9.335142447011878, 44.969960418670468 ], [ 9.335164466780398, 44.973741150472485 ], [ 9.335461974222069, 44.974739502565349 ], [ 9.336275943084189, 44.977302646170912 ], [ 9.336494857677963, 44.977869125888546 ], [ 9.336802659824592, 44.978453336145691 ], [ 9.33708453721013, 44.978938603175678 ], [ 9.337429930535796, 44.979441693842716 ], [ 9.338117931149432, 44.979970758376552 ], [ 9.339212607228697, 44.980633657097229 ], [ 9.339645072785832, 44.98083942488541 ], [ 9.340116314063177, 44.98117108494553 ], [ 9.340435159867967, 44.981467192296918 ], [ 9.340830698871285, 44.981862106701556 ], [ 9.341533373887804, 44.982715173395682 ], [ 9.341828471318896, 44.983281414498919 ], [ 9.342655684555124, 44.985871477696612 ], [ 9.343697229583316, 44.990351281743997 ], [ 9.343776189754037, 44.990828145197177 ], [ 9.343498348759276, 44.991036033953591 ], [ 9.343107290654228, 44.991406276446298 ], [ 9.343735619219904, 44.992529617763715 ], [ 9.343978972749076, 44.992915963904224 ], [ 9.345451170175179, 44.99512599477174 ], [ 9.345834406706665, 44.995565912575479 ], [ 9.347359527657874, 44.997061596553323 ], [ 9.34746312873134, 44.997410855194261 ], [ 9.350852156792774, 44.999740975737978 ], [ 9.352762515242421, 45.000783810838513 ], [ 9.353208002955853, 45.001016476785644 ], [ 9.353512847933915, 45.001069550522651 ], [ 9.35821570865445, 45.000744326351906 ], [ 9.358962786380733, 45.000246887297692 ], [ 9.359721879817037, 44.999902422924016 ], [ 9.360332209634199, 44.999717828179399 ], [ 9.360443715818182, 44.999684107064226 ], [ 9.360790199134902, 44.999605738655511 ], [ 9.365079404013452, 45.002414942422945 ], [ 9.365424431948476, 45.002674890211999 ], [ 9.365870871459705, 45.003042545074138 ], [ 9.365934987920069, 45.003150355512439 ], [ 9.366204368848292, 45.003608589142516 ], [ 9.371217122630517, 45.012936321772095 ], [ 9.371297636814001, 45.013611196676436 ], [ 9.371289427953483, 45.014050097739407 ], [ 9.371288786718097, 45.014083826359951 ], [ 9.371265396730379, 45.014389963547131 ], [ 9.371192151881274, 45.014840291419041 ], [ 9.371119939962304, 45.015205103176804 ], [ 9.371096411349582, 45.01561475809482 ], [ 9.371155253728933, 45.015804191944767 ], [ 9.371200688959185, 45.015915981124479 ], [ 9.371966913031505, 45.016773166049852 ], [ 9.37241367682898, 45.017167793667767 ], [ 9.375605534196939, 45.01991794542009 ], [ 9.369447687694459, 45.023726244062324 ], [ 9.370332442884225, 45.025316704606347 ], [ 9.3761967952305, 45.041667331359058 ], [ 9.375673089467236, 45.04456450585171 ], [ 9.375525785178715, 45.044995701218951 ], [ 9.370819944710398, 45.048153672491232 ], [ 9.384441692279605, 45.058338163328266 ], [ 9.384632493988834, 45.058382539965805 ], [ 9.387591424549829, 45.059902139565487 ], [ 9.387943584044233, 45.060169440614374 ], [ 9.388745876473244, 45.061654243442305 ], [ 9.389298633085756, 45.064046519087192 ], [ 9.394099924798732, 45.066217804745662 ], [ 9.405908189142597, 45.07285685537498 ], [ 9.412558144360968, 45.078908077234956 ], [ 9.410780166787776, 45.082447679020014 ], [ 9.410744047543711, 45.08272684932237 ], [ 9.410777734733131, 45.082754584220154 ], [ 9.412242960425317, 45.083554106642183 ], [ 9.412650262831114, 45.083651654549193 ], [ 9.422392166813021, 45.084102146409855 ], [ 9.423547816102991, 45.084016841239112 ], [ 9.426416263549541, 45.083587589170378 ], [ 9.426463346410303, 45.0833629238941 ], [ 9.42640903164058, 45.082615436620621 ], [ 9.427457109160359, 45.081846369462234 ], [ 9.433770916486047, 45.08171003268248 ], [ 9.434838162624308, 45.081705974143041 ], [ 9.435601452233643, 45.081829091448682 ], [ 9.435960829069019, 45.082101652963459 ], [ 9.436220757226833, 45.082357338586618 ], [ 9.438688389075187, 45.085381952279008 ], [ 9.438804881831572, 45.085660563002953 ], [ 9.43896100307953, 45.086137056192989 ], [ 9.439197223146897, 45.090429964761341 ], [ 9.439076549002738, 45.09292390538895 ], [ 9.439006409963383, 45.093446269262984 ], [ 9.45271878960099, 45.093806813317073 ], [ 9.452888031803717, 45.093815158489413 ], [ 9.453209066334296, 45.093831877722174 ], [ 9.455765488699107, 45.09398373457438 ], [ 9.465896797472546, 45.094690006900926 ], [ 9.467741113249371, 45.094880502838862 ], [ 9.471405524382925, 45.095495560511637 ], [ 9.472666552953477, 45.095841415902946 ], [ 9.475277222847051, 45.096577716887886 ], [ 9.48020561721847, 45.098807518703062 ], [ 9.487600047425538, 45.10158472258567 ], [ 9.489155199062051, 45.102109181937422 ], [ 9.491308799336224, 45.10275705114308 ], [ 9.493703725173907, 45.103376847597566 ], [ 9.495993022762271, 45.103717995185107 ], [ 9.497799524823858, 45.103899172347283 ], [ 9.499286062474255, 45.103919670456975 ], [ 9.499540709465521, 45.103878662891567 ], [ 9.501469257408385, 45.103568055174954 ], [ 9.50335672776867, 45.102839606186826 ], [ 9.504649400417952, 45.102274270723917 ], [ 9.50487456244494, 45.102175790938105 ], [ 9.505051629586323, 45.102075992206025 ], [ 9.506069457822669, 45.101468369968359 ], [ 9.507696171722612, 45.100191904366866 ], [ 9.508907484686215, 45.099196324715358 ], [ 9.518207084534254, 45.090593888065882 ], [ 9.519628570029996, 45.088994121289211 ], [ 9.520344049370769, 45.088108685778778 ], [ 9.521598842034395, 45.086356638909251 ], [ 9.522175204025068, 45.085462830420006 ], [ 9.522885906794837, 45.083974302571335 ], [ 9.522984602547357, 45.083649772532453 ], [ 9.522956810506251, 45.083388853133549 ], [ 9.522987513652849, 45.082749588615357 ], [ 9.52341382986239, 45.082126523263724 ], [ 9.523990180322761, 45.081412748184931 ], [ 9.524645097529836, 45.080779612803745 ], [ 9.525477776326987, 45.080136663023076 ], [ 9.527499804593729, 45.078957106294723 ], [ 9.528106433181096, 45.078693256755905 ], [ 9.52932346390554, 45.078404064777352 ], [ 9.530047332200626, 45.078369201145208 ], [ 9.532026203856987, 45.078432026699609 ], [ 9.532407962826293, 45.07855497301383 ], [ 9.532576298182805, 45.07860948620948 ], [ 9.533417566471261, 45.078902630287175 ], [ 9.537968314430127, 45.080582607754906 ], [ 9.539012940904684, 45.081045760485608 ], [ 9.539792019807384, 45.081474174359201 ], [ 9.540735806771625, 45.08201881211621 ], [ 9.541643160649729, 45.082572630119621 ], [ 9.543679590276232, 45.083859192526916 ], [ 9.544881810256268, 45.084681624423794 ], [ 9.547403002001612, 45.086649948511486 ], [ 9.54874820228704, 45.087795714691012 ], [ 9.549915285128654, 45.088996316217916 ], [ 9.550482172170929, 45.089803754918201 ], [ 9.550999981806751, 45.090791446963479 ], [ 9.551330394567362, 45.092113098253002 ], [ 9.551365149999645, 45.093085108429868 ], [ 9.551147520569931, 45.094157372476722 ], [ 9.550611373015636, 45.095231153104685 ], [ 9.544503397414681, 45.104721168944955 ], [ 9.540665771390529, 45.110284503910862 ], [ 9.540024604423673, 45.111043685623969 ], [ 9.53994751610457, 45.111136050719701 ], [ 9.539081812586272, 45.11217334786393 ], [ 9.537954648976756, 45.113978994619977 ], [ 9.537442638959913, 45.114877071858828 ], [ 9.536972205582897, 45.116144029909918 ], [ 9.536676465771594, 45.117144601852168 ], [ 9.536512094920043, 45.117847356998951 ], [ 9.536431976281635, 45.118189949846375 ], [ 9.536200126436858, 45.119226226142409 ], [ 9.535826807088227, 45.121451382265377 ], [ 9.535754342409748, 45.122000839793593 ], [ 9.536337056876407, 45.124032471272606 ], [ 9.537215644487686, 45.1260537086537 ], [ 9.548661307253258, 45.132651522605464 ], [ 9.552995415299275, 45.130644254209976 ], [ 9.554711387389835, 45.129413212265703 ], [ 9.555442084212489, 45.12870752997862 ], [ 9.556600726463957, 45.127549675369679 ], [ 9.560797571373868, 45.122497220182034 ], [ 9.56235116175742, 45.120311176915749 ], [ 9.563364597329787, 45.118640874910653 ], [ 9.564375128468868, 45.116763527782645 ], [ 9.566543011081215, 45.11236897488422 ], [ 9.567065155929386, 45.111178164013054 ], [ 9.567636874058234, 45.109861079565675 ], [ 9.568243393316914, 45.108291767820432 ], [ 9.568583257704038, 45.107339293555519 ], [ 9.577093294955098, 45.105150812881085 ], [ 9.581988468340908, 45.105288001898693 ], [ 9.585951276299857, 45.104988690359143 ], [ 9.586149469868388, 45.104483573727798 ], [ 9.586677754755652, 45.102698519032906 ], [ 9.587315417545678, 45.100426820495613 ], [ 9.587437505361391, 45.099682851646101 ], [ 9.587447002472901, 45.099624992526586 ], [ 9.588465480292655, 45.099790784564817 ], [ 9.590580412852626, 45.100283956512044 ], [ 9.593193753044329, 45.10103556002484 ], [ 9.594825892319829, 45.101540166177941 ], [ 9.596215904445385, 45.101983001798096 ], [ 9.597759033849737, 45.10247902523043 ], [ 9.60037549175825, 45.103509504288787 ], [ 9.601881983534749, 45.10414069452753 ], [ 9.603595394197953, 45.105103828494371 ], [ 9.608085211580706, 45.10776251789634 ], [ 9.609058315444948, 45.108423461561763 ], [ 9.611964022098871, 45.111495495816875 ], [ 9.612659504337415, 45.112337936975322 ], [ 9.613139377372613, 45.113226522277834 ], [ 9.613324676140842, 45.113909656588476 ], [ 9.613802322301366, 45.116958651600079 ], [ 9.613900580761445, 45.117822285344936 ], [ 9.613991829804474, 45.119217060127049 ], [ 9.614062261564804, 45.120492414158015 ], [ 9.614398967395218, 45.122797536617689 ], [ 9.615096268313765, 45.126160402821654 ], [ 9.61621594736617, 45.128584816036465 ], [ 9.618035968605971, 45.132265654048133 ], [ 9.618412910683597, 45.133019757928864 ], [ 9.618965463324317, 45.133547861405482 ], [ 9.619846436572498, 45.133867139754614 ], [ 9.620967147157868, 45.134014084409536 ], [ 9.622403849298406, 45.133979255755072 ], [ 9.623787624140791, 45.133755668373141 ], [ 9.625043727923257, 45.133487747239549 ], [ 9.626375114085709, 45.133129397527696 ], [ 9.627807344469804, 45.132689445384372 ], [ 9.629351611819414, 45.132032831028496 ], [ 9.630627439708075, 45.13125165422975 ], [ 9.631915119070921, 45.130398370213896 ], [ 9.633668754550165, 45.129135926070354 ], [ 9.636565150063095, 45.12640823846661 ], [ 9.637417624262067, 45.125488900789492 ], [ 9.638307226000178, 45.124304710787676 ], [ 9.638980540204109, 45.123112727622377 ], [ 9.63956415192936, 45.121858231373757 ], [ 9.640800491563613, 45.11758450548411 ], [ 9.640916844626569, 45.116620675056119 ], [ 9.640528799409914, 45.116028742386845 ], [ 9.639873990377883, 45.115452915830247 ], [ 9.639745583963872, 45.115339997165421 ], [ 9.638807942306359, 45.114481083492123 ], [ 9.638125257084461, 45.113683751729546 ], [ 9.637915030231401, 45.113072813567669 ], [ 9.637644141017136, 45.110436832984711 ], [ 9.637635357367694, 45.110345779779358 ], [ 9.637543534412226, 45.109393201061593 ], [ 9.63740637773587, 45.107350578672573 ], [ 9.63756427695923, 45.104404645258747 ], [ 9.637684560799292, 45.102650139241092 ], [ 9.637457771786304, 45.101688225335344 ], [ 9.637168357473724, 45.100807684254974 ], [ 9.636624856277292, 45.099937547251798 ], [ 9.636056869591451, 45.099148556245204 ], [ 9.635219988282415, 45.098181029105426 ], [ 9.634446196653332, 45.097168142631034 ], [ 9.633758430796739, 45.095884711997158 ], [ 9.633081677793932, 45.094448191955571 ], [ 9.632378467489533, 45.09291279716129 ], [ 9.631777641011078, 45.091439843767539 ], [ 9.631499180766991, 45.090388179643526 ], [ 9.631381662502632, 45.088948556254898 ], [ 9.63141979153896, 45.087796124686513 ], [ 9.631827784471565, 45.086767674084925 ], [ 9.6322797423952, 45.086270076951209 ], [ 9.634935518918496, 45.083977908722979 ], [ 9.63530148198508, 45.083750831323165 ], [ 9.636349037847054, 45.083114881485571 ], [ 9.637157280032355, 45.082669285219097 ], [ 9.638989017664192, 45.08171387035658 ], [ 9.64040573793292, 45.081147826835348 ], [ 9.642306129616385, 45.080660059028624 ], [ 9.643383819821004, 45.08045595856354 ], [ 9.646930702742804, 45.080633956634188 ], [ 9.648953221625986, 45.080838527609835 ], [ 9.65195524329709, 45.081145488737292 ], [ 9.653456983505819, 45.081361949020376 ], [ 9.654768678703903, 45.081624487394365 ], [ 9.658356860543901, 45.082071946785256 ], [ 9.659538767806902, 45.08209213532384 ], [ 9.661162529290925, 45.081866698685324 ], [ 9.662924990414965, 45.08155042582635 ], [ 9.664774383528766, 45.081062590964073 ], [ 9.674335406356704, 45.078360019955156 ], [ 9.676892969884747, 45.077608247677261 ], [ 9.68174124795946, 45.071843801147004 ], [ 9.682279968281739, 45.071210455133183 ], [ 9.682934914521724, 45.070738451418428 ], [ 9.683679654071421, 45.070337918221568 ], [ 9.688138870619218, 45.068249740210753 ], [ 9.689743691469351, 45.067546918766496 ], [ 9.690578120281435, 45.067217814998642 ], [ 9.712537614644795, 45.058765284701707 ], [ 9.713726930607175, 45.058397791842637 ], [ 9.714994991848632, 45.058236825002517 ], [ 9.716582335638753, 45.058217879485838 ], [ 9.719126662733773, 45.058552955999986 ], [ 9.720247635393735, 45.058815935980739 ], [ 9.72120396544811, 45.059115969250279 ], [ 9.72222469918129, 45.059487586580289 ], [ 9.72484332077032, 45.060668231688233 ], [ 9.727681616535802, 45.062135464711233 ], [ 9.728935975181129, 45.06289261699856 ], [ 9.730062461424573, 45.063578562821981 ], [ 9.730839652726353, 45.064761821114402 ], [ 9.732441678200546, 45.067494213235413 ], [ 9.733320781126169, 45.069066758060586 ], [ 9.734710836761403, 45.070480100892659 ], [ 9.736355922780591, 45.071963791454856 ], [ 9.73783270219517, 45.073196504627155 ], [ 9.73899761348529, 45.073882103820949 ], [ 9.740477081502046, 45.074331612057726 ], [ 9.742045639149639, 45.074789518658925 ], [ 9.743345230481367, 45.075078128444474 ], [ 9.74456451614946, 45.075052173814527 ], [ 9.745899054178278, 45.075097480536343 ], [ 9.746918264229828, 45.075315862516668 ], [ 9.74772395689652, 45.075724671547228 ], [ 9.748793173962479, 45.076851876543465 ], [ 9.749593738614639, 45.077836816927068 ], [ 9.750371881822648, 45.07904694032996 ], [ 9.751126760570079, 45.080419243610088 ], [ 9.751689929847686, 45.081702791006357 ], [ 9.753101094412111, 45.086599438751549 ], [ 9.751326146790298, 45.091751110628934 ], [ 9.747865419729457, 45.100199419532977 ], [ 9.745053559181841, 45.105833359263578 ], [ 9.744837117122131, 45.109715995261062 ], [ 9.745069138082792, 45.110938715833257 ], [ 9.745449829304231, 45.111863405736351 ], [ 9.746283928710847, 45.112461073699784 ], [ 9.747359349435998, 45.113039153920909 ], [ 9.748570123505734, 45.113274258652311 ], [ 9.749932285767938, 45.113418353427981 ], [ 9.751789743649779, 45.113523170022567 ], [ 9.753669090059191, 45.113357749571726 ], [ 9.755153403421357, 45.113122903291256 ], [ 9.756661686550814, 45.11277985609059 ], [ 9.757535687244035, 45.112538513143292 ], [ 9.766656372406318, 45.107265669682995 ], [ 9.767069318539338, 45.106778308651663 ], [ 9.769806543782478, 45.103312245194005 ], [ 9.771414423479317, 45.100951949668236 ], [ 9.772694551870893, 45.098800889352482 ], [ 9.773115113365082, 45.097942885417638 ], [ 9.773296862595451, 45.097284528974093 ], [ 9.773566107415595, 45.096517560024651 ], [ 9.774849587832861, 45.094627496479298 ], [ 9.776258720427654, 45.092637548767989 ], [ 9.776745635026849, 45.09199511509668 ], [ 9.777345937104462, 45.091279899559069 ], [ 9.778962207252647, 45.089584063765912 ], [ 9.788193878867157, 45.084472262883885 ], [ 9.797754640651194, 45.082128431504735 ], [ 9.799442977959432, 45.082017607995319 ], [ 9.805983556377225, 45.080900426680408 ], [ 9.809124069860358, 45.080158078524498 ], [ 9.81009810841816, 45.079854112847201 ], [ 9.811183403721154, 45.079333310769606 ], [ 9.812558330791777, 45.078630403641647 ], [ 9.81326235011838, 45.078103289403735 ], [ 9.815118688879659, 45.07641573768786 ], [ 9.815243487693184, 45.076175104420599 ], [ 9.815563846020481, 45.075557388621185 ], [ 9.816841016894442, 45.070678317935247 ], [ 9.816926725554941, 45.069561487663982 ], [ 9.816924572764215, 45.068517300214509 ], [ 9.81664374210928, 45.066637948930811 ], [ 9.815771159402013, 45.059766838656373 ], [ 9.815819715576909, 45.057822104556756 ], [ 9.815972499783291, 45.056956844784366 ], [ 9.816342356776786, 45.055279878439251 ], [ 9.816559274328357, 45.054459158340016 ], [ 9.817086337485025, 45.054014306350759 ], [ 9.81779206723192, 45.053631177387544 ], [ 9.818766485292775, 45.053390144752903 ], [ 9.81953901890183, 45.053240584701065 ], [ 9.820514606597747, 45.053080543528267 ], [ 9.823758652323622, 45.052590603019226 ], [ 9.8271128912509, 45.053582050946702 ], [ 9.8281950207497, 45.054645429251956 ], [ 9.830218123994202, 45.056665127227291 ], [ 9.831275479959567, 45.057764662316934 ], [ 9.832349095722964, 45.059107102217183 ], [ 9.83278610492526, 45.05974199138285 ], [ 9.833218402266834, 45.06037001958228 ], [ 9.833758463359574, 45.06167690206204 ], [ 9.834002379925387, 45.062749753958933 ], [ 9.835436613955299, 45.070525792102146 ], [ 9.835507223042152, 45.071884539731606 ], [ 9.834950550982045, 45.072914808810808 ], [ 9.83413209974913, 45.07428905977136 ], [ 9.832660574846942, 45.077063326642715 ], [ 9.832068456091722, 45.078282877988435 ], [ 9.831595073855764, 45.079807618211625 ], [ 9.831384938899623, 45.081087394926179 ], [ 9.831248525705487, 45.082195599321544 ], [ 9.8313141173948, 45.083212320473997 ], [ 9.83138846689126, 45.083958917495103 ], [ 9.832153992788468, 45.089426389483009 ], [ 9.832278688560042, 45.090136621911235 ], [ 9.832582432043246, 45.090926554163218 ], [ 9.833040120861646, 45.091814389461092 ], [ 9.834344854753226, 45.093272146959151 ], [ 9.834772872541297, 45.093587013280192 ], [ 9.835411109216521, 45.094056506837163 ], [ 9.838357332967178, 45.095646215770614 ], [ 9.839825452252484, 45.096094509442075 ], [ 9.841190722890511, 45.096462534841528 ], [ 9.842719368159793, 45.096703315360962 ], [ 9.844004570527709, 45.096810852713404 ], [ 9.845453658767996, 45.096827132970489 ], [ 9.846354987089448, 45.096757444224203 ], [ 9.847596745891165, 45.096503690574174 ], [ 9.855408197324532, 45.095339736748869 ], [ 9.856637585956367, 45.095114476101877 ], [ 9.85799296362741, 45.094816245985648 ], [ 9.859308311244661, 45.094392284173409 ], [ 9.860471838060782, 45.094014444812153 ], [ 9.861519783493545, 45.093556459445779 ], [ 9.862591753301654, 45.093008261547624 ], [ 9.863435093676992, 45.092470790453007 ], [ 9.864288182701934, 45.091735202766529 ], [ 9.86747382386109, 45.088947517617257 ], [ 9.869215518734757, 45.087322962069557 ], [ 9.870663949685939, 45.085637613088323 ], [ 9.871149058790001, 45.084949781751298 ], [ 9.87330749676533, 45.081503628669545 ], [ 9.874445379456329, 45.079469537750725 ], [ 9.875397335128604, 45.077742908042232 ], [ 9.876186795624104, 45.077025719128919 ], [ 9.877305546069429, 45.076242985506738 ], [ 9.878186228757832, 45.075678106199739 ], [ 9.879511886822062, 45.07513680383331 ], [ 9.88065002421342, 45.074794966668577 ], [ 9.881739166535347, 45.074570525377702 ], [ 9.882843464475433, 45.074507976509445 ], [ 9.883785970585048, 45.074662717126436 ], [ 9.884335682232534, 45.074885003831383 ], [ 9.886452271477584, 45.07538019266751 ], [ 9.888531781939788, 45.075940143084033 ], [ 9.889667520265963, 45.076264366741341 ], [ 9.891024103021431, 45.076901918520726 ], [ 9.892521875813935, 45.077628364283235 ], [ 9.892674917475702, 45.077715524403246 ], [ 9.893675586399869, 45.078285473388853 ], [ 9.894817300342936, 45.078987666580431 ], [ 9.895755065533089, 45.079646445480442 ], [ 9.896772745435745, 45.080538630512031 ], [ 9.897421332908548, 45.081388694813839 ], [ 9.898966182200354, 45.083482954244069 ], [ 9.899303981195839, 45.08395737630039 ], [ 9.899578555119787, 45.084450318772745 ], [ 9.900089736295184, 45.085445480151712 ], [ 9.900404705134981, 45.086082118198881 ], [ 9.900657129796162, 45.086782264734801 ], [ 9.900871891073662, 45.087509713117612 ], [ 9.901020706474464, 45.088084650916336 ], [ 9.901106547342684, 45.08869608624547 ], [ 9.900832318019324, 45.094693388223483 ], [ 9.900628060643538, 45.095442144192376 ], [ 9.899855316909951, 45.096411416953359 ], [ 9.899055592979538, 45.097281879908031 ], [ 9.898392665362877, 45.09796222289976 ], [ 9.897403833487603, 45.098933187386201 ], [ 9.89534854226134, 45.100794667593767 ], [ 9.894207931509236, 45.101820791812791 ], [ 9.893026367701914, 45.102667192079252 ], [ 9.892822248244421, 45.102808445094446 ], [ 9.89160538098634, 45.103650490406402 ], [ 9.886760001962667, 45.106766794321061 ], [ 9.885777816267222, 45.107368527511213 ], [ 9.883751091085678, 45.108653465824439 ], [ 9.879389107296905, 45.111846736280192 ], [ 9.878560939393514, 45.1125552426723 ], [ 9.877825896400083, 45.113533069783124 ], [ 9.876377093371042, 45.116055665915269 ], [ 9.87580899996385, 45.11714922713022 ], [ 9.875473287934923, 45.11847505028846 ], [ 9.875236504343693, 45.119620083702969 ], [ 9.875289647786385, 45.120600847120016 ], [ 9.875421008316906, 45.121707052214695 ], [ 9.875712951114211, 45.122505961266185 ], [ 9.875774581156612, 45.122575456450456 ], [ 9.875997669653863, 45.122826983151683 ], [ 9.876204612798489, 45.123060295848219 ], [ 9.87766234067851, 45.12442635572134 ], [ 9.8800317277052, 45.126361481289081 ], [ 9.881033418501284, 45.127001883271603 ], [ 9.882095364936124, 45.12742575511168 ], [ 9.889925360771153, 45.13049758610812 ], [ 9.89107614098352, 45.130901189557143 ], [ 9.908077772008097, 45.135664161260515 ], [ 9.910450105447874, 45.137690148041905 ], [ 9.911299739798656, 45.138331485538103 ], [ 9.912516146267921, 45.138843870689549 ], [ 9.913690853138817, 45.139131535515112 ], [ 9.914733498965656, 45.139114182560995 ], [ 9.91550736080308, 45.138990963633205 ], [ 9.918557698717301, 45.138066306212863 ], [ 9.919720117793114, 45.137588858724968 ], [ 9.920418872672707, 45.137194625136367 ], [ 9.921257768209067, 45.13672130376186 ], [ 9.922605940935997, 45.135936279724589 ], [ 9.923824901873234, 45.135026264563166 ], [ 9.924699295600059, 45.134047007647446 ], [ 9.925559522280444, 45.132977845090537 ], [ 9.926255282865522, 45.131964020262537 ], [ 9.926456366280632, 45.131479273004885 ], [ 9.926817448447572, 45.130555197681623 ], [ 9.927000462427813, 45.129293487853204 ], [ 9.92719972074735, 45.127464525887468 ], [ 9.927074101062026, 45.125989276450149 ], [ 9.926514315075966, 45.124400529039811 ], [ 9.922143878974055, 45.11515517816094 ], [ 9.921566297928353, 45.114025619378481 ], [ 9.920546763871219, 45.113079670266082 ], [ 9.91954502727323, 45.112448620912033 ], [ 9.918595162401184, 45.111880155936987 ], [ 9.917557087975874, 45.111357405045396 ], [ 9.915956552933318, 45.110641111577095 ], [ 9.914891797931435, 45.110037536339483 ], [ 9.914449566432886, 45.109410954542078 ], [ 9.91417712396389, 45.10826992521897 ], [ 9.913458332976774, 45.104647991577366 ], [ 9.913439383741551, 45.103459921007165 ], [ 9.913955074052518, 45.102321589535968 ], [ 9.914549588860382, 45.101344634521574 ], [ 9.915208452211139, 45.100421186491552 ], [ 9.915812999182723, 45.100074278076107 ], [ 9.916710969942681, 45.099797021080533 ], [ 9.917407317721421, 45.099629398168112 ], [ 9.918487227275326, 45.099602715057046 ], [ 9.922687459854345, 45.099973929275933 ], [ 9.924434023306787, 45.100301866171883 ], [ 9.925633394776494, 45.100589212137336 ], [ 9.928850799693167, 45.101481256148737 ], [ 9.930281016041853, 45.101892701051703 ], [ 9.930594004080836, 45.102005575242607 ], [ 9.931354993730357, 45.102280023191184 ], [ 9.932122942308171, 45.102606813041668 ], [ 9.934889941597596, 45.103925449501844 ], [ 9.935812930722491, 45.104403975990444 ], [ 9.936468007782544, 45.104821692521128 ], [ 9.957999093498096, 45.119936951243353 ], [ 9.958990182288936, 45.120657772849484 ], [ 9.960007164742764, 45.121405376009086 ], [ 9.963116558984826, 45.124088693848677 ], [ 9.965443835482649, 45.126373468087614 ], [ 9.966077613291851, 45.127007225766285 ], [ 9.966416075908992, 45.127472445622878 ], [ 9.97833635551239, 45.13373511927059 ], [ 9.983664948976818, 45.133734346402349 ], [ 9.985465594886884, 45.133430767948745 ], [ 9.986068292665086, 45.133242306609709 ], [ 9.98685697558582, 45.132995679914636 ], [ 9.98868879583236, 45.132224534230815 ], [ 9.988952797413077, 45.132113388668856 ], [ 9.991107442436345, 45.130960501106536 ], [ 9.992727070401756, 45.129758215367531 ], [ 9.99901174927548, 45.12408637134785 ], [ 10.004279184310425, 45.1180141005308 ], [ 10.007430581846641, 45.114047554760148 ], [ 10.009787577107735, 45.110732129292821 ], [ 10.010885594629212, 45.109561192788568 ], [ 10.013312973903128, 45.107370268349833 ], [ 10.013479161971038, 45.107233918404582 ], [ 10.014666141932077, 45.106260042812394 ], [ 10.015317501987589, 45.105735949098928 ], [ 10.01594445747982, 45.105231490943233 ], [ 10.016772057835194, 45.10459400807725 ], [ 10.017843175337594, 45.104069870373422 ], [ 10.019434915285176, 45.103517068450373 ], [ 10.020911220185717, 45.102909767827143 ], [ 10.023414808526013, 45.101465088978287 ], [ 10.024256908200581, 45.100836866158438 ], [ 10.024342991012896, 45.100772636048205 ], [ 10.025242016180028, 45.099873405519617 ], [ 10.026303320274103, 45.098810671239647 ], [ 10.027388234752399, 45.097648696762271 ], [ 10.028531941508181, 45.096225136098568 ], [ 10.02923247506326, 45.094895560331189 ], [ 10.029600647001152, 45.093460973667085 ], [ 10.029797574453545, 45.092396997563597 ], [ 10.029893660468424, 45.091378934847626 ], [ 10.029933398246058, 45.090055320248716 ], [ 10.029501627982224, 45.087241676121671 ], [ 10.028358967071703, 45.08517257112392 ], [ 10.027761803612616, 45.084466815254181 ], [ 10.026812369151152, 45.084088285284807 ], [ 10.026340817122621, 45.083876477641049 ], [ 10.025634039706745, 45.083432743210437 ], [ 10.024989817161917, 45.082934434829063 ], [ 10.024214538972499, 45.082212247005401 ], [ 10.023538334910292, 45.081345137971063 ], [ 10.022977137214069, 45.080513008133074 ], [ 10.021715723191406, 45.078174855584237 ], [ 10.021316843600694, 45.07717922593978 ], [ 10.021649562604042, 45.07588899579612 ], [ 10.02226045458799, 45.074524273604041 ], [ 10.022884682458578, 45.073195424821513 ], [ 10.024039276034873, 45.071690789376397 ], [ 10.025303136374044, 45.070617247184003 ], [ 10.025691064189761, 45.07028819121642 ], [ 10.029668217163602, 45.066806234808908 ], [ 10.031041387449154, 45.066172721991556 ], [ 10.032743621196381, 45.06547320255828 ], [ 10.034170956875473, 45.065028202222024 ], [ 10.037978871725088, 45.064174494713811 ], [ 10.040702503176085, 45.063773127839767 ], [ 10.042739444123093, 45.063329967893672 ], [ 10.043509723506101, 45.063079876059604 ], [ 10.044235481500072, 45.062479136424386 ], [ 10.046946133862875, 45.059285695897422 ], [ 10.048374079339156, 45.057499234815118 ], [ 10.052342960490698, 45.051611582840991 ], [ 10.052857580566988, 45.050589642327751 ], [ 10.052961102323881, 45.050003569522843 ], [ 10.051529979437499, 45.04536283345513 ], [ 10.050371771602984, 45.041745777139383 ], [ 10.050223568512003, 45.041279039846813 ], [ 10.055697821345008, 45.041381596473428 ], [ 10.057349645498144, 45.041447329686051 ], [ 10.058954158818249, 45.041702515015771 ], [ 10.064601510381694, 45.042919256512853 ], [ 10.074293392554468, 45.045159946207015 ], [ 10.076500845508424, 45.045733283138283 ], [ 10.07700891677035, 45.045868013090129 ], [ 10.082307532363124, 45.046605578090414 ], [ 10.083474628023991, 45.043963804783658 ], [ 10.081817272541317, 45.043500111266823 ], [ 10.069660899368543, 45.040509011118033 ], [ 10.065618185375941, 45.039547594693694 ], [ 10.063744260663215, 45.039141986573703 ], [ 10.058860793432549, 45.038017148199309 ], [ 10.057622820418951, 45.037668536860338 ], [ 10.056893135143444, 45.037342233400672 ], [ 10.048277789088131, 45.031372434029954 ], [ 10.04545946984458, 45.029247207120605 ], [ 10.044559253290299, 45.027617657267925 ], [ 10.043953402035831, 45.025335823231885 ], [ 10.043865139340101, 45.024670491389237 ], [ 10.043793768331449, 45.02353692301579 ], [ 10.043502984490745, 45.02150516056124 ], [ 10.043162938398744, 45.019554870939437 ], [ 10.042774343095424, 45.018424199240293 ], [ 10.042054817069102, 45.016540384113227 ], [ 10.041590939190103, 45.015455395259316 ], [ 10.039488563002767, 45.01218887623633 ], [ 10.037606685336064, 45.007065950900731 ], [ 10.034007640076121, 45.000761292298854 ], [ 10.033669714228839, 44.994183985932949 ], [ 10.035136919425343, 44.991119068064421 ], [ 10.033383408600885, 44.986724028835241 ], [ 10.031023024036342, 44.983837755226922 ], [ 10.030888455205881, 44.983406869332441 ], [ 10.03062448234874, 44.982833131704972 ], [ 10.030039439781069, 44.982037243832224 ], [ 10.028660761414184, 44.980834414805386 ], [ 10.016070956165034, 44.973934659917802 ], [ 10.007780967877096, 44.969822254549527 ], [ 10.005036693804493, 44.968802213181824 ], [ 10.004420418831867, 44.968366537827514 ], [ 9.999958625816031, 44.963364635635998 ], [ 9.994162534581848, 44.955205484142951 ], [ 9.994200363638431, 44.952990684635239 ], [ 9.994531265091322, 44.952330652038839 ], [ 9.994976531779406, 44.951687637705128 ], [ 9.994970466555776, 44.951336633280029 ], [ 9.994092717626621, 44.948958756283446 ], [ 9.989642577774783, 44.940805642509545 ], [ 9.987408784714029, 44.935931789316378 ], [ 9.991801739732951, 44.933702378848558 ], [ 9.993333664524691, 44.932878874755545 ] ] ] ] } },
{ "type": "Feature", "properties": { "area": "Reggio Emilia" }, "geometry": { "type": "Polygon", "coordinates": [ [ [ 10.668195830590143, 44.467782598854704 ], [ 10.667016897460613, 44.466998583697034 ], [ 10.664556349500591, 44.464909847949833 ], [ 10.660994916516664, 44.461702754085564 ], [ 10.659060568065216, 44.459952864548896 ], [ 10.657557430401551, 44.458363211480098 ], [ 10.656758665668027, 44.457231482150334 ], [ 10.655435497053661, 44.455333106738109 ], [ 10.654900119998477, 44.454179532419062 ], [ 10.654537888319519, 44.452924400616745 ], [ 10.654157245884694, 44.451462479702215 ], [ 10.653873443526384, 44.45034126334847 ], [ 10.653617850679703, 44.449300668359086 ], [ 10.653464031128825, 44.448303587378597 ], [ 10.653588237589476, 44.446024120306809 ], [ 10.653696448310683, 44.444960242315602 ], [ 10.653990792350305, 44.443812637248541 ], [ 10.655578648024266, 44.439549380417965 ], [ 10.653429696959423, 44.433305656891974 ], [ 10.650694693357726, 44.433003119121565 ], [ 10.64930253649484, 44.432645120860222 ], [ 10.64807318397683, 44.432239748558743 ], [ 10.646369276201609, 44.43151711161331 ], [ 10.64343630250033, 44.429974881685219 ], [ 10.640382401074373, 44.427696111688277 ], [ 10.630537900821563, 44.420198319648797 ], [ 10.629777292628573, 44.419497969225034 ], [ 10.629305761193221, 44.41880248587119 ], [ 10.628845292919625, 44.418052822464674 ], [ 10.628594741443997, 44.417624275782444 ], [ 10.628430336003298, 44.417131461768456 ], [ 10.62825111198927, 44.416557844639875 ], [ 10.624027796115323, 44.408344507950979 ], [ 10.621522668380214, 44.40585934252946 ], [ 10.622320739901898, 44.397978314872134 ], [ 10.622662950041711, 44.397223042331305 ], [ 10.623069422076338, 44.39602890776068 ], [ 10.623275191935511, 44.395296758645728 ], [ 10.623967554890168, 44.392694126692504 ], [ 10.624075987847633, 44.391621248775138 ], [ 10.62402725001991, 44.390766694038646 ], [ 10.623700899311634, 44.38986204746201 ], [ 10.620105722915728, 44.382449836804817 ], [ 10.618817987327667, 44.378542909864727 ], [ 10.614243539131055, 44.374754473706034 ], [ 10.612745635728812, 44.373686304057209 ], [ 10.611145004025264, 44.372988686527854 ], [ 10.610232003276137, 44.372650456178896 ], [ 10.609662029760543, 44.372433422638643 ], [ 10.609166517192881, 44.372242331120141 ], [ 10.607288938634207, 44.371512551950893 ], [ 10.606260372071532, 44.371076887702834 ], [ 10.603727299152657, 44.369780073518292 ], [ 10.602296630348592, 44.368863872457432 ], [ 10.601716602191713, 44.368304829377472 ], [ 10.60128764087716, 44.367761679786504 ], [ 10.600930963985748, 44.367136479674748 ], [ 10.599207534462018, 44.36514400603766 ], [ 10.598441631601233, 44.364668583420411 ], [ 10.598235906826524, 44.364545422928884 ], [ 10.597586922529196, 44.364158387532804 ], [ 10.596925043768783, 44.363816538486894 ], [ 10.59579633661313, 44.363382177772941 ], [ 10.594788069918785, 44.363049653137125 ], [ 10.594745363986322, 44.363036752452594 ], [ 10.588661724192985, 44.361284969038522 ], [ 10.587618608432699, 44.361227459111092 ], [ 10.586659489289985, 44.361492869129741 ], [ 10.576202683903954, 44.361745706220262 ], [ 10.55122321081662, 44.359828067417652 ], [ 10.550349278819068, 44.359551846301642 ], [ 10.541733622908044, 44.356823602754552 ], [ 10.539755121761011, 44.35602203592984 ], [ 10.52874214535356, 44.351263473467867 ], [ 10.528029698340553, 44.35088587213437 ], [ 10.527693311830582, 44.350494254987709 ], [ 10.5261579053014, 44.345509229075446 ], [ 10.526441670948799, 44.345325372520371 ], [ 10.526316278152523, 44.343871217844445 ], [ 10.525565022038327, 44.342483197505281 ], [ 10.525638751415791, 44.341455892066712 ], [ 10.525808103247353, 44.340247244708792 ], [ 10.525946521014651, 44.339327101928156 ], [ 10.526082075142972, 44.338749109831895 ], [ 10.526343936111907, 44.33820545723907 ], [ 10.526582804078044, 44.337743107720271 ], [ 10.526773639768923, 44.337362434906304 ], [ 10.526899659055596, 44.336901612206518 ], [ 10.526894286426451, 44.335758319534555 ], [ 10.52636628555012, 44.331543047142297 ], [ 10.526114919907139, 44.330556112013895 ], [ 10.525346283311615, 44.328000556399552 ], [ 10.524876275120114, 44.327286614613911 ], [ 10.520007551659591, 44.319906159247651 ], [ 10.514460234220381, 44.311931311405445 ], [ 10.514093071669365, 44.311305971540605 ], [ 10.513359096325576, 44.309092000434177 ], [ 10.510616567400259, 44.300422527893289 ], [ 10.510486713828119, 44.299758028665444 ], [ 10.510505158690249, 44.299010552084525 ], [ 10.511228231326038, 44.293968357497171 ], [ 10.513272834620846, 44.288656584123537 ], [ 10.515104378048109, 44.285796397852458 ], [ 10.516001556561543, 44.282183319313809 ], [ 10.515815980290069, 44.281789661349748 ], [ 10.514993639180986, 44.280513160243977 ], [ 10.512906990131158, 44.277335769771049 ], [ 10.510377537263572, 44.27398416701093 ], [ 10.509862665891472, 44.273450795427401 ], [ 10.506819115992249, 44.271051204450409 ], [ 10.5004755451042, 44.26697537052403 ], [ 10.499675719387447, 44.266562724822265 ], [ 10.496053708246638, 44.265034717601836 ], [ 10.495038999315321, 44.265039007500071 ], [ 10.494072104072945, 44.264952630119694 ], [ 10.49063772323467, 44.264394309920952 ], [ 10.487288323790175, 44.263726748944045 ], [ 10.486893262037318, 44.263461792766485 ], [ 10.485930732573307, 44.257082242375184 ], [ 10.485879785216442, 44.25655172343469 ], [ 10.486646187469669, 44.254155976917737 ], [ 10.48685127536255, 44.249867897786253 ], [ 10.485607937830718, 44.239287584435402 ], [ 10.485046109463166, 44.236368913021899 ], [ 10.484752826170249, 44.235661494077924 ], [ 10.484515279302443, 44.23517842435475 ], [ 10.482986723202467, 44.233649758828818 ], [ 10.482268772750363, 44.232983855997723 ], [ 10.481487132838989, 44.232273770245293 ], [ 10.48073236221636, 44.231635346152885 ], [ 10.47882880776921, 44.230624654082909 ], [ 10.47571255512034, 44.22968364818437 ], [ 10.473203255321337, 44.228977798844028 ], [ 10.472521962595668, 44.228770508459085 ], [ 10.471427978322884, 44.227578201695231 ], [ 10.470475524154903, 44.226537116019792 ], [ 10.470129668884706, 44.226055406327902 ], [ 10.467046514408409, 44.228867975850996 ], [ 10.465535504153802, 44.231048088753255 ], [ 10.464936687701874, 44.231136802133094 ], [ 10.462489778100359, 44.230925077433639 ], [ 10.449712356218406, 44.229769044411334 ], [ 10.445194025160415, 44.229250114698921 ], [ 10.443294822107211, 44.228900503152978 ], [ 10.442910286979126, 44.228536245085323 ], [ 10.442319557217379, 44.227931502440711 ], [ 10.441476098319187, 44.227230906553615 ], [ 10.440231020251499, 44.226490368500713 ], [ 10.438819692275905, 44.22610301838963 ], [ 10.435719881734492, 44.226232057157887 ], [ 10.430263427472218, 44.227434895583229 ], [ 10.414030088691328, 44.23584326049464 ], [ 10.413976194053545, 44.236294081563507 ], [ 10.413794841912136, 44.237610760353846 ], [ 10.412643391822169, 44.240253879019292 ], [ 10.412428581545674, 44.240697683451366 ], [ 10.409008466384989, 44.245367453938229 ], [ 10.407397558311065, 44.249308117473944 ], [ 10.401274299080189, 44.251319041240187 ], [ 10.378846661504159, 44.264781341779859 ], [ 10.371588787979588, 44.269379212010868 ], [ 10.361120121410453, 44.271233018485404 ], [ 10.350138922694111, 44.269337700827393 ], [ 10.349323000631321, 44.269203292178176 ], [ 10.348292981116984, 44.269089414065242 ], [ 10.343952354463397, 44.269383658064505 ], [ 10.34275517443894, 44.269631812107932 ], [ 10.329865183541846, 44.273527854597631 ], [ 10.326650895187729, 44.274978696604542 ], [ 10.322372276954379, 44.275739555513915 ], [ 10.31897326606963, 44.275580787436098 ], [ 10.308101041186521, 44.284096571705696 ], [ 10.307116009131141, 44.284323912154882 ], [ 10.30257969425895, 44.284825884449184 ], [ 10.296616312209334, 44.285460928023831 ], [ 10.284946114949717, 44.281199392998516 ], [ 10.281307449753026, 44.2798448135336 ], [ 10.274655153185067, 44.27644411990368 ], [ 10.269673816046085, 44.273231538150661 ], [ 10.258199627917422, 44.269748330220807 ], [ 10.253856663104282, 44.268580690340933 ], [ 10.252071668368792, 44.269590598504408 ], [ 10.238639882687277, 44.280135461521432 ], [ 10.237030343331583, 44.28164738770591 ], [ 10.23609018005958, 44.282755930652876 ], [ 10.23374305361998, 44.28733679186017 ], [ 10.233250017444606, 44.288332437444744 ], [ 10.231302999399976, 44.292305723957455 ], [ 10.230886722593992, 44.293885729904034 ], [ 10.230332821510972, 44.294972042267624 ], [ 10.229810837590417, 44.295787932881723 ], [ 10.229177129849374, 44.296731055339293 ], [ 10.228554546809136, 44.29745798284393 ], [ 10.22670469754844, 44.299485518672491 ], [ 10.226263437674787, 44.299967412462749 ], [ 10.221872614879864, 44.302796371210171 ], [ 10.221166585655714, 44.303209055285116 ], [ 10.220486064903815, 44.303567443632517 ], [ 10.21814392625356, 44.304688014375643 ], [ 10.217717602809941, 44.304692562322714 ], [ 10.216927988768488, 44.304570905970103 ], [ 10.216267014908921, 44.304389162326608 ], [ 10.208833466786896, 44.301980814246491 ], [ 10.20330275349918, 44.310236358997798 ], [ 10.202291705415396, 44.311764000948706 ], [ 10.201689938303451, 44.312382530210463 ], [ 10.199203147471353, 44.313930152384899 ], [ 10.197242534669995, 44.314941039933117 ], [ 10.195257024573833, 44.315925144455754 ], [ 10.194552417802534, 44.315806475532852 ], [ 10.19319657687076, 44.315109422350531 ], [ 10.192165253740521, 44.314336945105758 ], [ 10.191266972419301, 44.313941185425215 ], [ 10.190527686030517, 44.313966904331693 ], [ 10.18960672187632, 44.314309602884038 ], [ 10.188333309966747, 44.315808331638031 ], [ 10.187669860298897, 44.31703062402029 ], [ 10.187042330976215, 44.318324568047345 ], [ 10.184352207593633, 44.3216205417366 ], [ 10.17896102393558, 44.325304477303767 ], [ 10.175964100227109, 44.327171957447511 ], [ 10.175269988839499, 44.327584234554841 ], [ 10.174380595050774, 44.327638394207661 ], [ 10.173427069151616, 44.327621193997942 ], [ 10.172467274173885, 44.3279191424106 ], [ 10.16929121920051, 44.329014040645781 ], [ 10.168522649563743, 44.329391019939258 ], [ 10.167905844961499, 44.329910491998859 ], [ 10.163531169378635, 44.335671967494385 ], [ 10.162898241468152, 44.336650719464288 ], [ 10.162835766516496, 44.337218538389394 ], [ 10.162867113944515, 44.337614340941002 ], [ 10.163088686668697, 44.338035226938999 ], [ 10.163385148309198, 44.338437329409565 ], [ 10.163733929688268, 44.33894693943013 ], [ 10.163982476582236, 44.339502589045246 ], [ 10.163995479372401, 44.340159659334844 ], [ 10.163857445998632, 44.34079126988226 ], [ 10.163498835064059, 44.341569167045421 ], [ 10.16302249662977, 44.342222221849276 ], [ 10.162568603078098, 44.342821035806821 ], [ 10.161954275301211, 44.343475489640397 ], [ 10.160977581814073, 44.344124624842337 ], [ 10.146281036526863, 44.35213256147027 ], [ 10.142034727843638, 44.353867637999677 ], [ 10.143992791395242, 44.357314133871277 ], [ 10.145729700748937, 44.364706039333932 ], [ 10.145655378450883, 44.365400008262348 ], [ 10.145680927828087, 44.366065963901264 ], [ 10.147308663446116, 44.368444376354915 ], [ 10.147694616320244, 44.368926647106825 ], [ 10.148298449823638, 44.369640793836325 ], [ 10.153416058478163, 44.375315011511226 ], [ 10.157361226254224, 44.379371375013768 ], [ 10.159941948336117, 44.38078621573117 ], [ 10.162555492328398, 44.382487602834445 ], [ 10.166392288456725, 44.384231040225544 ], [ 10.166948682159083, 44.384432412379134 ], [ 10.167815975657227, 44.384486566479296 ], [ 10.169636125212678, 44.383846755838618 ], [ 10.170433133942735, 44.383523489763213 ], [ 10.171571999944936, 44.38338577275335 ], [ 10.172464217187398, 44.383430638428024 ], [ 10.173268757108161, 44.383485396231023 ], [ 10.174275568617464, 44.383610087191713 ], [ 10.19119407990036, 44.387315073183416 ], [ 10.191899059298709, 44.387487781389069 ], [ 10.205252758036764, 44.392200121883263 ], [ 10.205749347895779, 44.392536990940421 ], [ 10.208071407817229, 44.39433101526032 ], [ 10.208262365705282, 44.394572077249286 ], [ 10.208445272300363, 44.394804208657341 ], [ 10.208846485357393, 44.395385137277607 ], [ 10.20983560758167, 44.39707618346339 ], [ 10.213972320435033, 44.401632703439802 ], [ 10.218770471632467, 44.40595694334494 ], [ 10.221163000437249, 44.408074040933819 ], [ 10.223155555968201, 44.409673201511055 ], [ 10.223811281302316, 44.410440408942414 ], [ 10.224893909051072, 44.412364401942668 ], [ 10.225739125455014, 44.414344935698921 ], [ 10.229819118885153, 44.425626510729764 ], [ 10.229651768317384, 44.426033441031947 ], [ 10.229728414321976, 44.426730312181412 ], [ 10.230591004167318, 44.428922189776181 ], [ 10.230982766153803, 44.429629177893439 ], [ 10.236075802440567, 44.435777038915504 ], [ 10.238610653794881, 44.438594430576039 ], [ 10.254648626094827, 44.451707327537839 ], [ 10.255427843186425, 44.452292949301366 ], [ 10.256243042628597, 44.452797136136411 ], [ 10.266971096304939, 44.458422317671932 ], [ 10.267553263874962, 44.458604915020061 ], [ 10.268656987794852, 44.458493631688214 ], [ 10.26981831438081, 44.458138618747142 ], [ 10.270991582182374, 44.457792473722513 ], [ 10.272018909251111, 44.457672991865415 ], [ 10.27303083158686, 44.457569878317379 ], [ 10.273110072094896, 44.457561804485287 ], [ 10.27430329821877, 44.45752150328051 ], [ 10.27548457593584, 44.457508315969491 ], [ 10.276354800887514, 44.457642627241718 ], [ 10.284275126640985, 44.459462403212704 ], [ 10.285430386478449, 44.459980551678349 ], [ 10.288814602809833, 44.461823968777502 ], [ 10.294512636005919, 44.465396602162954 ], [ 10.295649525392305, 44.466211954690849 ], [ 10.297169100692088, 44.467275009633433 ], [ 10.30008226976617, 44.468817341735679 ], [ 10.303133792726287, 44.470144359725971 ], [ 10.314004641943034, 44.475274943514052 ], [ 10.322770005951408, 44.478720790696492 ], [ 10.324009500862449, 44.479039516929987 ], [ 10.32488931703387, 44.479578488712207 ], [ 10.325579770093658, 44.480083625775201 ], [ 10.331606609385494, 44.484802896717227 ], [ 10.332172889626491, 44.48537245832248 ], [ 10.33240609102381, 44.486224991746319 ], [ 10.332424738715407, 44.487044020960411 ], [ 10.332124148057247, 44.487650687373836 ], [ 10.335154319435919, 44.495888711888156 ], [ 10.3356137474221, 44.496729576752053 ], [ 10.339905731885786, 44.505501853614582 ], [ 10.340031898240481, 44.506067541856552 ], [ 10.339951288505967, 44.506256602873655 ], [ 10.339216466607818, 44.508363757364478 ], [ 10.338244221310694, 44.511508058068813 ], [ 10.338144011050794, 44.512076400483025 ], [ 10.338463751091922, 44.516150815350848 ], [ 10.339652376514765, 44.51970188977441 ], [ 10.340190843864308, 44.521235028633363 ], [ 10.34087967485536, 44.523006690272538 ], [ 10.341180418917698, 44.523780123885921 ], [ 10.341484428126764, 44.524415734720932 ], [ 10.341940667662072, 44.525103578879126 ], [ 10.342456588921589, 44.525718684070519 ], [ 10.343758684715315, 44.526522609873098 ], [ 10.344791637707017, 44.527113624686478 ], [ 10.353420144520298, 44.529973517232456 ], [ 10.353458520208587, 44.530306167652675 ], [ 10.353995367709931, 44.531749208955155 ], [ 10.354536914109493, 44.532850109135836 ], [ 10.361456526227924, 44.541446270565558 ], [ 10.362114264441542, 44.542122612462414 ], [ 10.363328131308105, 44.542927365850481 ], [ 10.368242835688143, 44.544768111569866 ], [ 10.372003173444803, 44.545218141558529 ], [ 10.373586827244267, 44.545145082328141 ], [ 10.384752036289186, 44.548926325612484 ], [ 10.396955571542865, 44.557663179106477 ], [ 10.398719109791809, 44.559271046717541 ], [ 10.399876555214233, 44.560346167309085 ], [ 10.400825495369658, 44.561585876715711 ], [ 10.401600637915884, 44.562926736922286 ], [ 10.401660174401071, 44.563081965829596 ], [ 10.402191719314288, 44.56446790391972 ], [ 10.40270677197665, 44.570178172278247 ], [ 10.402367245693112, 44.575439790919162 ], [ 10.402275048244233, 44.57592229784737 ], [ 10.401930929364994, 44.577722774621115 ], [ 10.401210151642065, 44.579703172692135 ], [ 10.4005205610173, 44.580359806014272 ], [ 10.400461483239337, 44.580453232508539 ], [ 10.399889504886715, 44.581357817900077 ], [ 10.399132433111847, 44.582879507007014 ], [ 10.398724791111961, 44.583739741689655 ], [ 10.399131875759812, 44.585481242204381 ], [ 10.399555177166683, 44.586719174093091 ], [ 10.401099268497587, 44.590184489199515 ], [ 10.402014479091138, 44.592172422964438 ], [ 10.402439939007992, 44.593007226227463 ], [ 10.403064421710486, 44.5938107474446 ], [ 10.403508536579766, 44.595499782088204 ], [ 10.403324728560905, 44.597426682541261 ], [ 10.402335214903951, 44.601180078807019 ], [ 10.402490472788298, 44.614144853688067 ], [ 10.402610357426399, 44.616442987655702 ], [ 10.408915069795569, 44.619813301860788 ], [ 10.409932756201185, 44.620718993455817 ], [ 10.411061695636441, 44.622118425185086 ], [ 10.413079504006987, 44.625892495777066 ], [ 10.414441213425532, 44.628855431156637 ], [ 10.414486155564166, 44.628953898972384 ], [ 10.414501999789318, 44.6289897108012 ], [ 10.416782117278547, 44.63947623322467 ], [ 10.416955278328635, 44.640374339415004 ], [ 10.416289629031752, 44.646796789295657 ], [ 10.414804275617989, 44.657442502339698 ], [ 10.41386308490784, 44.663962857450784 ], [ 10.413769763691482, 44.665863521984726 ], [ 10.415390953620649, 44.666857267192256 ], [ 10.418960630604696, 44.676232849927494 ], [ 10.421838109747432, 44.681940534824214 ], [ 10.422884204151826, 44.683953021136546 ], [ 10.42851981548622, 44.694019269116197 ], [ 10.428785701087776, 44.694373190960604 ], [ 10.429263552252202, 44.695009213328596 ], [ 10.436626664845781, 44.704167374364161 ], [ 10.445794242199433, 44.715686421337004 ], [ 10.44659131023343, 44.716765600669937 ], [ 10.447055707690948, 44.717668939334629 ], [ 10.447141318056598, 44.718063964565879 ], [ 10.447337053250401, 44.719330791992704 ], [ 10.447070855627425, 44.723340171096268 ], [ 10.446256526952787, 44.726132190522833 ], [ 10.445903898056097, 44.726676792486998 ], [ 10.445422326932254, 44.727115008507489 ], [ 10.444829134866579, 44.7276356450568 ], [ 10.441464918855898, 44.730477857918181 ], [ 10.441021383551238, 44.730924570960717 ], [ 10.440553027936398, 44.731389589225827 ], [ 10.439910147846891, 44.731946832405015 ], [ 10.435216315786526, 44.735687848151208 ], [ 10.434389893356991, 44.735977306294167 ], [ 10.433122908783046, 44.736326310769201 ], [ 10.43184237074761, 44.73663944476251 ], [ 10.430498259929056, 44.736935367009544 ], [ 10.427535538523337, 44.737665604702471 ], [ 10.426359487580742, 44.738121417671401 ], [ 10.425652830656277, 44.738661382829505 ], [ 10.425215965585393, 44.739387006928432 ], [ 10.425032523592018, 44.740145490442977 ], [ 10.425122419614056, 44.740720511732711 ], [ 10.426111247525537, 44.743948968080055 ], [ 10.428339334288257, 44.748764313304413 ], [ 10.428769402012417, 44.74981219495902 ], [ 10.429469387495846, 44.752071996422373 ], [ 10.42960766623232, 44.752556380815072 ], [ 10.429697634973342, 44.753131398197311 ], [ 10.429543676308983, 44.754060554346147 ], [ 10.429243702219354, 44.755216593282405 ], [ 10.429005956094736, 44.755822720265762 ], [ 10.428641914872472, 44.756430426940334 ], [ 10.428250379798047, 44.756948450763026 ], [ 10.4279102425464, 44.757501837794479 ], [ 10.427688886646733, 44.758260797438361 ], [ 10.427554369638891, 44.758955639641378 ], [ 10.427435597917595, 44.759776331092233 ], [ 10.426816866572823, 44.766976831036615 ], [ 10.427130030412981, 44.768917381940653 ], [ 10.427463152627565, 44.769615390116257 ], [ 10.427606322270211, 44.770297775895585 ], [ 10.427286296300139, 44.773722610783977 ], [ 10.426491656143215, 44.776352167136139 ], [ 10.425498086697699, 44.779632380545706 ], [ 10.424193987554801, 44.784680868196212 ], [ 10.423178229829837, 44.795298080233216 ], [ 10.423359301314273, 44.797006241602709 ], [ 10.423515133240027, 44.798201580291433 ], [ 10.423837968486694, 44.798989747909417 ], [ 10.424027138594949, 44.799203429553906 ], [ 10.424241099423297, 44.799443824524076 ], [ 10.424840927758643, 44.799670393443478 ], [ 10.428830254480628, 44.799935618592571 ], [ 10.431395934544026, 44.799894486375884 ], [ 10.432367207721844, 44.799801279192842 ], [ 10.433175717064472, 44.799773137647399 ], [ 10.436085570395351, 44.79984459762963 ], [ 10.436985012674489, 44.799914308010251 ], [ 10.437334546719837, 44.800242981720459 ], [ 10.437708364341239, 44.801039466636333 ], [ 10.437695137958141, 44.802542991686963 ], [ 10.437576853466432, 44.804398922725859 ], [ 10.437524878953239, 44.805022153896353 ], [ 10.437459821333608, 44.805795735372342 ], [ 10.437282158057664, 44.806788206879773 ], [ 10.4374940160683, 44.808189861913782 ], [ 10.439038567287549, 44.812329394211808 ], [ 10.442075667247481, 44.819609811141007 ], [ 10.441527100683462, 44.82033691587479 ], [ 10.440872785077252, 44.821488430912652 ], [ 10.440643561478582, 44.822949672973792 ], [ 10.440985244298746, 44.823971603280206 ], [ 10.445966808980423, 44.828436678777429 ], [ 10.446520718542409, 44.828834764449653 ], [ 10.447327572417102, 44.82922964056138 ], [ 10.447820750057486, 44.829223388165801 ], [ 10.448325954666712, 44.828685849085062 ], [ 10.448845823119878, 44.82822914935322 ], [ 10.44936046071081, 44.828069578282587 ], [ 10.449982827220557, 44.8281697135548 ], [ 10.454716078022596, 44.830675104119521 ], [ 10.45498102153778, 44.831148841715454 ], [ 10.455094190077538, 44.831624512929245 ], [ 10.455167367872367, 44.832991886952399 ], [ 10.454900316821035, 44.838058984275513 ], [ 10.453468469349168, 44.844513712290912 ], [ 10.452935429563766, 44.845456708485358 ], [ 10.452858227241096, 44.845691720673571 ], [ 10.452653320338726, 44.846315501359506 ], [ 10.452653235418422, 44.846878121510734 ], [ 10.453330824736343, 44.847594172905403 ], [ 10.454026385761047, 44.84808042216693 ], [ 10.458850563617977, 44.851169624933789 ], [ 10.462358634742371, 44.852272515730128 ], [ 10.463359440603568, 44.85231369212913 ], [ 10.463926116834445, 44.852702532244031 ], [ 10.464314105944284, 44.853030626441281 ], [ 10.464851283502004, 44.853752907667605 ], [ 10.465248874012417, 44.854458966158617 ], [ 10.467092797342589, 44.859260398668056 ], [ 10.467862117112837, 44.870575100288612 ], [ 10.474312952502878, 44.8758166874591 ], [ 10.466255730707378, 44.882590939902542 ], [ 10.460942312571095, 44.886241856571999 ], [ 10.460153691319915, 44.8866030239545 ], [ 10.459930941452528, 44.887308030792354 ], [ 10.460009709456358, 44.887919159385923 ], [ 10.463730211512624, 44.897773750114787 ], [ 10.464159897941295, 44.898236334418797 ], [ 10.464855027410668, 44.898677516804845 ], [ 10.465726287055846, 44.8990714318427 ], [ 10.467282877473878, 44.899519550814965 ], [ 10.477820017066879, 44.902457836417803 ], [ 10.478822854746355, 44.902543872489041 ], [ 10.479719324230903, 44.902433238207912 ], [ 10.480648008345554, 44.902097129265414 ], [ 10.481458086022386, 44.901582503135685 ], [ 10.482406038124502, 44.901012067059646 ], [ 10.483442399155487, 44.90043149311137 ], [ 10.484498779102461, 44.900138695872087 ], [ 10.485306569198723, 44.900029171483425 ], [ 10.486465271623972, 44.900266150667868 ], [ 10.494226937892268, 44.906983850042501 ], [ 10.493928262536476, 44.909634349780958 ], [ 10.492838731879482, 44.909630586851506 ], [ 10.492023032329014, 44.909929313617454 ], [ 10.491731463386602, 44.910410230375852 ], [ 10.49161832381434, 44.910933817706749 ], [ 10.491595926567705, 44.911537246981815 ], [ 10.49195207030578, 44.912081711041992 ], [ 10.492502453513707, 44.912758680283936 ], [ 10.499428257305262, 44.917997101277869 ], [ 10.504315232298703, 44.922427602652355 ], [ 10.513513262521995, 44.91541223315663 ], [ 10.514969259741427, 44.914411701490515 ], [ 10.517224460527391, 44.913454552597891 ], [ 10.519853032428269, 44.912726452848169 ], [ 10.526811252531616, 44.912657841699478 ], [ 10.531148258241823, 44.912980615984345 ], [ 10.537640027615106, 44.912708848449562 ], [ 10.553689068976, 44.910754187309401 ], [ 10.561860965776551, 44.909386920790823 ], [ 10.56311800595836, 44.909027636841188 ], [ 10.564440068963059, 44.908730480508922 ], [ 10.566066984101564, 44.90846511630069 ], [ 10.56702791304977, 44.908397914342125 ], [ 10.568558406840619, 44.908313902433008 ], [ 10.569838567539151, 44.908341310703562 ], [ 10.571071271252048, 44.908486389759133 ], [ 10.572306950544428, 44.908739430186031 ], [ 10.57334251676429, 44.909058250011995 ], [ 10.581603213116646, 44.912252341133033 ], [ 10.582361220812105, 44.912637937734672 ], [ 10.591517338394167, 44.914815181600815 ], [ 10.592440633094947, 44.914802348486134 ], [ 10.593261513872703, 44.914664826499717 ], [ 10.59419629714737, 44.91456625351011 ], [ 10.596169898698371, 44.914466668027721 ], [ 10.597770295599789, 44.914615314265163 ], [ 10.598825423724447, 44.914744584891167 ], [ 10.599041605456712, 44.914826934672988 ], [ 10.59996501266447, 44.915178719189633 ], [ 10.601592844118551, 44.915858049812201 ], [ 10.602324715168328, 44.916207856707153 ], [ 10.604520628104483, 44.917266255035528 ], [ 10.611913411074577, 44.921091487859066 ], [ 10.614161351960449, 44.922184972499892 ], [ 10.617010726465113, 44.923485948848011 ], [ 10.618163812119144, 44.923937702872124 ], [ 10.619265218585022, 44.92435419072492 ], [ 10.620210606349326, 44.924628840506024 ], [ 10.622775358972577, 44.925263064206931 ], [ 10.624596775368079, 44.925597235886841 ], [ 10.625180440955171, 44.925624933956883 ], [ 10.627881414705367, 44.924201795207232 ], [ 10.63051100661923, 44.928924081076325 ], [ 10.634119308801298, 44.933387567620564 ], [ 10.638522419902127, 44.938455567922787 ], [ 10.639516018766143, 44.939521542112686 ], [ 10.641766398122757, 44.941546143303505 ], [ 10.642933900079759, 44.94248355565994 ], [ 10.650333205714862, 44.94807474180174 ], [ 10.653034574172258, 44.952026743839298 ], [ 10.656207397538379, 44.957810744258261 ], [ 10.657176821230381, 44.960066676704322 ], [ 10.658393354532631, 44.962464156224449 ], [ 10.660478433813825, 44.965296484292786 ], [ 10.662076812117048, 44.967083286811949 ], [ 10.662990584857585, 44.967988180011972 ], [ 10.663882897431138, 44.968587306232074 ], [ 10.672389461787523, 44.973006671562224 ], [ 10.679792891274769, 44.976658571929711 ], [ 10.680522482245236, 44.977410339666477 ], [ 10.681307566458386, 44.979216791381141 ], [ 10.681849058501321, 44.980552543597703 ], [ 10.682593472902136, 44.981738984078085 ], [ 10.683370023420533, 44.982745250614045 ], [ 10.686679995034304, 44.98659263792517 ], [ 10.68900927673671, 44.983841136549771 ], [ 10.691386107409613, 44.981015369416937 ], [ 10.693347017947904, 44.978258729214396 ], [ 10.695646750444631, 44.974983911014739 ], [ 10.695961215920434, 44.974466134979011 ], [ 10.69394995097724, 44.969932033859756 ], [ 10.693645709275225, 44.969504457573841 ], [ 10.693125452278149, 44.969062080113872 ], [ 10.692855003852843, 44.968914396470339 ], [ 10.69227483533294, 44.968597587830729 ], [ 10.691286263508751, 44.968184653552868 ], [ 10.690325839171912, 44.967865804724255 ], [ 10.689621582178059, 44.967633181302936 ], [ 10.689082883831892, 44.967425099465608 ], [ 10.688708179391464, 44.967187595395671 ], [ 10.6886662322696, 44.96713360177327 ], [ 10.688485230992784, 44.966900587356683 ], [ 10.688286472022307, 44.966644707369561 ], [ 10.687960884396432, 44.965920374414793 ], [ 10.688040108164781, 44.965595135773619 ], [ 10.690997946119161, 44.962715766989056 ], [ 10.691557441824814, 44.962338391716294 ], [ 10.692196396289438, 44.962076877014539 ], [ 10.692979279193215, 44.961966242910577 ], [ 10.693636979722859, 44.961911486715643 ], [ 10.694740944789764, 44.961940105169511 ], [ 10.695583235996509, 44.962125647366221 ], [ 10.696467563606978, 44.962445582971881 ], [ 10.697364807298939, 44.962774316262674 ], [ 10.69837839771203, 44.963177840307551 ], [ 10.701514951175174, 44.964666298969554 ], [ 10.702248020118676, 44.965074025495007 ], [ 10.70250756406605, 44.965243688353866 ], [ 10.703481794900972, 44.965980397331421 ], [ 10.703985187018818, 44.966364148917748 ], [ 10.704433889975196, 44.966725394202555 ], [ 10.704463727481018, 44.96675343909947 ], [ 10.706740298367709, 44.968957325274843 ], [ 10.710772338070457, 44.973085623924526 ], [ 10.711019191309108, 44.973495856492086 ], [ 10.711267770784694, 44.973908958554922 ], [ 10.711499041464107, 44.974293290002265 ], [ 10.711687000360744, 44.974605641605791 ], [ 10.711708093301162, 44.974645099625995 ], [ 10.711999122689445, 44.975424813725319 ], [ 10.712006621295151, 44.975454495960591 ], [ 10.712071743888062, 44.975918238225553 ], [ 10.712121538294589, 44.976272825720244 ], [ 10.712141027055599, 44.976412385144087 ], [ 10.712119958386371, 44.976927461677569 ], [ 10.712085344267956, 44.977722646232209 ], [ 10.712066676729227, 44.977972474707933 ], [ 10.712042889567341, 44.978139835635154 ], [ 10.711813662271744, 44.979443300403936 ], [ 10.711694582355726, 44.979822461909698 ], [ 10.711637346563213, 44.979970112088033 ], [ 10.71161923284618, 44.980031423165038 ], [ 10.711333327922533, 44.981324075122039 ], [ 10.711308525899108, 44.981749201988194 ], [ 10.711326624690241, 44.982784141990038 ], [ 10.711333051257942, 44.983000095065059 ], [ 10.711408323393444, 44.983322201442824 ], [ 10.711551071188497, 44.983933017537311 ], [ 10.711827155094886, 44.984685041732369 ], [ 10.712161267709543, 44.985256151619552 ], [ 10.713151420012695, 44.986132488262854 ], [ 10.713658748059794, 44.986556955259331 ], [ 10.71451987036235, 44.987123139892844 ], [ 10.724585358539709, 44.991347957866878 ], [ 10.725213438783591, 44.991563516322358 ], [ 10.726299903634658, 44.991835152203329 ], [ 10.727396616704342, 44.992025607081011 ], [ 10.730563452940507, 44.9918966330495 ], [ 10.731588862248799, 44.991403985990196 ], [ 10.731895291679349, 44.991048264488349 ], [ 10.73212800433639, 44.990351594224393 ], [ 10.73175107674761, 44.990051248073172 ], [ 10.729987367499627, 44.988772712747846 ], [ 10.728931631587562, 44.988422137911634 ], [ 10.729200980791848, 44.987340913803294 ], [ 10.729222012937894, 44.987264960061253 ], [ 10.729400672616963, 44.986690317526374 ], [ 10.73221059495452, 44.986776601674386 ], [ 10.733077920704119, 44.986934468074615 ], [ 10.733474653497444, 44.987026294426968 ], [ 10.734099834133056, 44.987171003777419 ], [ 10.73509613856773, 44.987398926571153 ], [ 10.735742794683468, 44.987389097322108 ], [ 10.736443978305939, 44.987085865772968 ], [ 10.736489100341503, 44.987058736300767 ], [ 10.737265461064728, 44.986591770413888 ], [ 10.737644830830222, 44.986362818369308 ], [ 10.738673161525934, 44.985742167670324 ], [ 10.741680412018564, 44.980346531330454 ], [ 10.742154332967635, 44.977159816772726 ], [ 10.741630115209652, 44.975790528195766 ], [ 10.741194230851592, 44.974797971111244 ], [ 10.741458833097607, 44.973902745186521 ], [ 10.742008422681439, 44.972787129833321 ], [ 10.746977593968939, 44.963583269461182 ], [ 10.747471973198833, 44.963161615584788 ], [ 10.748155328044833, 44.962699559416691 ], [ 10.742795579363976, 44.953919588869994 ], [ 10.742854770522328, 44.953011580193575 ], [ 10.743719814603848, 44.949076854017569 ], [ 10.748435958442206, 44.947807594288747 ], [ 10.749546009486755, 44.947628556967054 ], [ 10.764244337523785, 44.945385935852173 ], [ 10.765051061997235, 44.945652532422152 ], [ 10.765982868963425, 44.945863171172391 ], [ 10.769120290151683, 44.945661559822469 ], [ 10.76951714869351, 44.945376344029512 ], [ 10.770650616444991, 44.944114298274322 ], [ 10.771257614202634, 44.943855046626325 ], [ 10.773662690891131, 44.942926513684995 ], [ 10.774689688635089, 44.942550463380769 ], [ 10.775682213471807, 44.94226498071562 ], [ 10.776826771470949, 44.941977123401834 ], [ 10.781214924664797, 44.941242597519626 ], [ 10.793633865081874, 44.939562833355531 ], [ 10.797119867287497, 44.939580040512766 ], [ 10.802123578270587, 44.939447229441704 ], [ 10.819754130672527, 44.936723468558128 ], [ 10.842553448248916, 44.929192224956346 ], [ 10.847188003761602, 44.926744190892407 ], [ 10.84949649060616, 44.926388375468804 ], [ 10.851917152606319, 44.926376123959308 ], [ 10.852652072449867, 44.9267692931803 ], [ 10.853352765014646, 44.927280029691431 ], [ 10.853962208437721, 44.927711233599702 ], [ 10.85765824558635, 44.928344308867665 ], [ 10.864105479499626, 44.929431972568466 ], [ 10.86539139033979, 44.92961802342829 ], [ 10.866013591443719, 44.929265775897477 ], [ 10.866604057300881, 44.928716002966063 ], [ 10.866993283057695, 44.928241560350571 ], [ 10.866902006821428, 44.927324803478527 ], [ 10.866896254581325, 44.92729854772022 ], [ 10.866688758664143, 44.926703991097256 ], [ 10.866097363310738, 44.925965326402235 ], [ 10.865442646942407, 44.925317900728146 ], [ 10.864859321979432, 44.924413614214664 ], [ 10.864979423628668, 44.923570922328217 ], [ 10.868588678798313, 44.920775317789214 ], [ 10.869628364585065, 44.920407218640499 ], [ 10.870468255694448, 44.920519488634696 ], [ 10.873983452586428, 44.921834642839684 ], [ 10.876633012271746, 44.91705876364248 ], [ 10.897990948287426, 44.921805470309671 ], [ 10.88788568041184, 44.914271238595227 ], [ 10.887839128887519, 44.914142293471869 ], [ 10.887437707085969, 44.913405757251134 ], [ 10.882951149103222, 44.907617400204877 ], [ 10.880319391905482, 44.904335851642315 ], [ 10.879585068473798, 44.903493082392572 ], [ 10.879225690865917, 44.903120026345341 ], [ 10.87897151429817, 44.902930336259445 ], [ 10.878522639736172, 44.902664518783993 ], [ 10.877145603569602, 44.901885181779839 ], [ 10.876887754940119, 44.890149021298441 ], [ 10.87855623989592, 44.889791718624032 ], [ 10.879176831367944, 44.889659347982317 ], [ 10.879401313834215, 44.869711969045952 ], [ 10.878310393559808, 44.867748162243657 ], [ 10.878134449027611, 44.867522061243569 ], [ 10.87687135925202, 44.866585793168753 ], [ 10.874005306366616, 44.86603368200295 ], [ 10.872911366088941, 44.865844577895487 ], [ 10.872739978368065, 44.865829395109458 ], [ 10.872700674330055, 44.865826003290529 ], [ 10.872257613397419, 44.865787786981372 ], [ 10.871303466433686, 44.86571397748579 ], [ 10.865172414953335, 44.865305693083343 ], [ 10.86365284034915, 44.865213496760305 ], [ 10.861101759081061, 44.865076190895941 ], [ 10.860189590567799, 44.865052225679882 ], [ 10.856443174623033, 44.865186347686716 ], [ 10.855949518728451, 44.865260780689177 ], [ 10.854150762749516, 44.865540924884066 ], [ 10.853480177680183, 44.86569810616826 ], [ 10.850068386464569, 44.866518898421894 ], [ 10.846786750801582, 44.860055889318247 ], [ 10.846369073478169, 44.858907631621811 ], [ 10.845912918338907, 44.857926481373141 ], [ 10.837370939468489, 44.844310240139556 ], [ 10.822954359947991, 44.820684118634219 ], [ 10.816055038111365, 44.809072146833572 ], [ 10.814991920719866, 44.807226116182932 ], [ 10.824086369687629, 44.802635354367496 ], [ 10.825678416896006, 44.802123236950422 ], [ 10.826989690719568, 44.801629644988367 ], [ 10.839256258662244, 44.7968843521856 ], [ 10.841049415084347, 44.796020506809541 ], [ 10.842042336521544, 44.795538619160517 ], [ 10.838164743885162, 44.782816378049176 ], [ 10.837980750657859, 44.782495261842087 ], [ 10.833218820816134, 44.774516010409741 ], [ 10.832944509475681, 44.774059631423434 ], [ 10.827518272567771, 44.765830281770498 ], [ 10.825911044958101, 44.763874389767118 ], [ 10.825392760212056, 44.76339151173989 ], [ 10.824960387798546, 44.763002887246536 ], [ 10.824507694450118, 44.762771554612847 ], [ 10.823872548340985, 44.762539779904955 ], [ 10.823693756861889, 44.76255445236702 ], [ 10.823535910340333, 44.762508010362879 ], [ 10.822056589507262, 44.762000510040764 ], [ 10.818058637404199, 44.760200793729368 ], [ 10.817400245983167, 44.759578294745928 ], [ 10.81619403591942, 44.757424603813064 ], [ 10.816048342904516, 44.756932914815337 ], [ 10.81550637628988, 44.755058944954691 ], [ 10.815454814672862, 44.754799831532203 ], [ 10.815457517649561, 44.754633249254979 ], [ 10.81556456507179, 44.754219695819224 ], [ 10.815901009911425, 44.752986671947511 ], [ 10.816114066331544, 44.752251282984197 ], [ 10.816522420611596, 44.7515758166886 ], [ 10.816787307321029, 44.751083790155448 ], [ 10.817249477301548, 44.749983792414405 ], [ 10.81761237290738, 44.749092989079713 ], [ 10.817668485410429, 44.748717370502121 ], [ 10.817664674227093, 44.748343281168744 ], [ 10.817624821075132, 44.746996966611988 ], [ 10.817453985504203, 44.746329169331339 ], [ 10.815415951152188, 44.741617981533025 ], [ 10.81489755212424, 44.73916564448708 ], [ 10.815925160836663, 44.738913778390518 ], [ 10.819664618258001, 44.738021975313224 ], [ 10.82092356837321, 44.737420892998756 ], [ 10.821096287317042, 44.737308219201672 ], [ 10.821224455793446, 44.737180566617916 ], [ 10.821286077000705, 44.737038248493086 ], [ 10.821466347013766, 44.73576345081306 ], [ 10.821517145790422, 44.735275843838089 ], [ 10.821478361721454, 44.734742557032391 ], [ 10.816281761324973, 44.717583595045923 ], [ 10.812004922168617, 44.707570275726347 ], [ 10.809654587722177, 44.703163638324547 ], [ 10.809608115205563, 44.703085853780067 ], [ 10.808953148363853, 44.70313734684435 ], [ 10.807483820222981, 44.701351168936711 ], [ 10.807096128246332, 44.700250019956862 ], [ 10.806153184998365, 44.69752825712289 ], [ 10.806162731441241, 44.697023973462251 ], [ 10.806695699509683, 44.696659952323962 ], [ 10.806743603752482, 44.696627686017941 ], [ 10.80805951535099, 44.696327777712483 ], [ 10.809310362454239, 44.695965885967119 ], [ 10.813404501794547, 44.69450556968615 ], [ 10.820450571227873, 44.690594462990106 ], [ 10.820657675337365, 44.690357107234753 ], [ 10.819161774414397, 44.687320165734562 ], [ 10.818837647734552, 44.686669941334422 ], [ 10.818448228391574, 44.685891165021147 ], [ 10.817594889610062, 44.68483348764984 ], [ 10.816217623174831, 44.682352769521088 ], [ 10.814025961161301, 44.678030499912154 ], [ 10.813874857968971, 44.677636786926612 ], [ 10.812953695440644, 44.661703808585045 ], [ 10.815288950285513, 44.656530858785558 ], [ 10.806493654835815, 44.655554089592066 ], [ 10.805733087704134, 44.655431070560681 ], [ 10.804629945560061, 44.655241468580854 ], [ 10.803013896333518, 44.654780877611081 ], [ 10.802136501378673, 44.654524650467117 ], [ 10.800812670837731, 44.654131429314909 ], [ 10.800048239459262, 44.653882418396591 ], [ 10.797854593698235, 44.653093264062633 ], [ 10.796910092252217, 44.652730049539123 ], [ 10.796385469585218, 44.652486235641732 ], [ 10.795452424849335, 44.651267582817674 ], [ 10.795026042914341, 44.650365589269349 ], [ 10.794912683542991, 44.650123768655483 ], [ 10.794712413541701, 44.649132417655004 ], [ 10.794629893745224, 44.648723845293915 ], [ 10.794466147489025, 44.645868177144045 ], [ 10.794437952621749, 44.644545279641022 ], [ 10.794424936778391, 44.643330164351006 ], [ 10.794450376866854, 44.642519539443249 ], [ 10.793696278024694, 44.639736161393046 ], [ 10.793161093242412, 44.638736312299905 ], [ 10.79259368590553, 44.637917002608049 ], [ 10.791978383260249, 44.637179452867805 ], [ 10.791142622751641, 44.636242829644324 ], [ 10.790324051185554, 44.635454458301098 ], [ 10.789649952130496, 44.634852865989359 ], [ 10.789054229004533, 44.634340053372568 ], [ 10.787943770617421, 44.633898333642101 ], [ 10.787063495370017, 44.633561023479615 ], [ 10.785717382957884, 44.63280788375716 ], [ 10.784340627572425, 44.631902163546698 ], [ 10.783227020993715, 44.630942793523388 ], [ 10.782529408110245, 44.629981438713685 ], [ 10.782121622726772, 44.629015535289881 ], [ 10.781954930107677, 44.628099906722035 ], [ 10.781969253633646, 44.627767376520097 ], [ 10.784425211475744, 44.624815953089495 ], [ 10.786435423068889, 44.619321959501178 ], [ 10.786768722350985, 44.60649612517421 ], [ 10.786770722859119, 44.605968765280195 ], [ 10.786330729756758, 44.603562990150898 ], [ 10.785672358183499, 44.600994107101528 ], [ 10.785309075513965, 44.59982946509097 ], [ 10.784095776150634, 44.597651850580768 ], [ 10.783190398713455, 44.596063563301769 ], [ 10.782524817049026, 44.594899133818906 ], [ 10.78134572553123, 44.593009011795786 ], [ 10.77967973825389, 44.590023680988239 ], [ 10.778614412690875, 44.587726659969498 ], [ 10.776928994934002, 44.583319189665197 ], [ 10.776750332437079, 44.579108834674557 ], [ 10.775809087144186, 44.567249229332688 ], [ 10.775540057200084, 44.565443906894238 ], [ 10.775233023796549, 44.564044293218004 ], [ 10.769620302517874, 44.548795688843079 ], [ 10.767923620679937, 44.545148948408013 ], [ 10.767156304992302, 44.543504379343148 ], [ 10.766728627263186, 44.542682765297009 ], [ 10.766465545219761, 44.542293351139854 ], [ 10.766241058016169, 44.541961101666985 ], [ 10.765822885108163, 44.541427416786163 ], [ 10.76496177026911, 44.54042344321509 ], [ 10.763843885185448, 44.539252389816241 ], [ 10.76316791489614, 44.538542638084557 ], [ 10.759707976631322, 44.534414340371214 ], [ 10.759455262646851, 44.534094146161031 ], [ 10.759027508542777, 44.533551584295871 ], [ 10.758552372246566, 44.532793688365715 ], [ 10.751600067406068, 44.523393884262077 ], [ 10.7421228410051, 44.511466470439409 ], [ 10.741379502402124, 44.510586553348332 ], [ 10.740653199901374, 44.509854922097503 ], [ 10.730032057492199, 44.501625958976376 ], [ 10.726355469797044, 44.499837559620403 ], [ 10.726144233915619, 44.499812256190445 ], [ 10.723732380067302, 44.499335546454482 ], [ 10.722869214465558, 44.499150520122612 ], [ 10.719377821211769, 44.497303610933123 ], [ 10.702637660670785, 44.488034219115619 ], [ 10.697497540741294, 44.483766993666528 ], [ 10.696782178825623, 44.482905835731486 ], [ 10.696559387629325, 44.482637619397359 ], [ 10.695311043350921, 44.480783610481403 ], [ 10.694474042512921, 44.479421623392845 ], [ 10.693017069784625, 44.477554202038498 ], [ 10.691972479659301, 44.47665143205694 ], [ 10.689547709450544, 44.474976830527623 ], [ 10.688228808051027, 44.47415010131553 ], [ 10.687206793020096, 44.473589040010168 ], [ 10.685943663011246, 44.472950497530086 ], [ 10.684329442886, 44.472344150033706 ], [ 10.680423374129077, 44.4715824562794 ], [ 10.678289158767273, 44.471253745197998 ], [ 10.676495838794445, 44.470973992239415 ], [ 10.675128543570294, 44.470642955799057 ], [ 10.673595565957987, 44.470233318930198 ], [ 10.670585823319085, 44.469179060342491 ], [ 10.668195830590143, 44.467782598854704 ] ] ] } }
]
}
