{
  "cv": {
    "mean_mae": 0.6604279443508128,
    "std_mae": 0.057331184916147554,
    "mean_r2": 0.35273789422316093,
    "std_r2": 0.18612087276756975,
    "mean_variance_ratio": 0.6091841424868587
  },
  "test": {
    "mae": 0.5879189862309349,
    "rmse": 0.7202816894120727,
    "r2": 0.47733474004312737,
    "n_samples": 323
  }
}